Window_Num,Num_Packets,Avg_Length,stNum_Change,sqNum_Reset,ConfRev_Change,Boolean_Data_Change,Num_Events
2815,2,134.0,0,0,0,0,0
2816,3,134.0,0,0,0,0,0
2817,2,134.0,0,0,0,0,0
2818,3,134.0,0,0,0,0,0
2819,2,134.0,0,0,0,0,0
2820,3,134.0,0,0,0,0,0
2821,2,134.0,0,0,0,0,0
2822,3,134.0,0,0,0,0,0
2823,2,134.0,0,0,0,0,0
2824,3,134.0,0,0,0,0,0
2825,2,134.0,0,0,0,0,0
2826,3,134.0,0,0,0,0,0
2827,2,134.0,0,0,0,0,0
2828,3,134.0,0,0,0,0,0
2829,2,134.0,0,0,0,0,0
2830,3,134.0,0,0,0,0,0
2831,2,134.0,0,0,0,0,0
2832,3,134.0,0,0,0,0,0
2833,2,134.0,0,0,0,0,0
2834,3,134.0,0,0,0,0,0
2835,2,134.0,0,0,0,0,0
2836,3,134.0,0,0,0,0,0
2837,2,134.0,0,0,0,0,0
2838,3,134.0,0,0,0,0,0
2839,2,134.0,0,0,0,0,0
2840,3,134.0,0,0,0,0,0
2841,2,134.0,0,0,0,0,0
2842,3,134.0,0,0,0,0,0
2843,2,134.0,0,0,0,0,0
2844,3,134.0,0,0,0,0,0
2845,2,134.0,0,0,0,0,0
2846,3,134.0,0,0,0,0,0
2847,2,134.0,0,0,0,0,0
2848,3,134.0,0,0,0,0,0
2849,2,134.0,0,0,0,0,0
2850,3,134.0,0,0,0,0,0
2851,2,134.0,0,0,0,0,0
2852,3,134.0,0,0,0,0,0
2853,2,134.0,0,0,0,0,0
2854,3,134.0,0,0,0,0,0
2855,2,134.0,0,0,0,0,0
2856,3,134.0,0,0,0,0,0
2857,2,134.0,0,0,0,0,0
2858,3,134.0,0,0,0,0,0
2859,2,134.0,0,0,0,0,0
2860,3,134.0,0,0,0,0,0
2861,2,134.0,0,0,0,0,0
2862,3,134.0,0,0,0,0,0
2863,2,134.0,0,0,0,0,0
2864,3,134.0,0,0,0,0,0
2865,2,134.0,0,0,0,0,0
2866,3,134.0,0,0,0,0,0
2867,2,134.0,0,0,0,0,0
2868,3,134.0,0,0,0,0,0
2869,2,134.0,0,0,0,0,0
2870,3,134.0,0,0,0,0,0
2871,2,134.0,0,0,0,0,0
2872,3,134.0,0,0,0,0,0
2873,2,134.0,0,0,0,0,0
2874,3,134.0,0,0,0,0,0
2875,2,134.0,0,0,0,0,0
2876,3,134.0,0,0,0,0,0
2877,2,134.0,0,0,0,0,0
2878,3,134.0,0,0,0,0,0
2879,2,134.0,0,0,0,0,0
2880,3,134.0,0,0,0,0,0
2881,2,134.0,0,0,0,0,0
2882,3,134.0,0,0,0,0,0
2883,2,134.0,0,0,0,0,0
2884,3,134.0,0,0,0,0,0
2885,2,134.0,0,0,0,0,0
2886,3,134.0,0,0,0,0,0
2887,2,134.0,0,0,0,0,0
2888,3,134.0,0,0,0,0,0
2889,2,134.0,0,0,0,0,0
2890,3,134.0,0,0,0,0,0
2891,2,134.0,0,0,0,0,0
2892,3,134.0,0,0,0,0,0
2893,2,134.0,0,0,0,0,0
2894,3,134.0,0,0,0,0,0
2895,2,134.0,0,0,0,0,0
2896,3,134.0,0,0,0,0,0
2897,2,134.0,0,0,0,0,0
2898,3,134.0,0,0,0,0,0
2899,2,134.0,0,0,0,0,0
2900,3,134.0,0,0,0,0,0
2901,2,134.0,0,0,0,0,0
2902,3,134.0,0,0,0,0,0
2903,2,134.0,0,0,0,0,0
2904,3,134.0,0,0,0,0,0
2905,2,134.0,0,0,0,0,0
2906,3,134.0,0,0,0,0,0
2907,2,134.0,0,0,0,0,0
2908,3,134.0,0,0,0,0,0
2909,2,134.0,0,0,0,0,0
2910,3,134.0,0,0,0,0,0
2911,2,134.0,0,0,0,0,0
2912,3,134.0,0,0,0,0,0
2913,2,134.0,0,0,0,0,0
2914,3,134.0,0,0,0,0,0
2915,2,134.0,0,0,0,0,0
2916,3,134.0,0,0,0,0,0
2917,2,134.0,0,0,0,0,0
2918,3,134.0,0,0,0,0,0
2919,2,134.0,0,0,0,0,0
2920,3,134.0,0,0,0,0,0
2921,2,134.0,0,0,0,0,0
2922,3,134.0,0,0,0,0,0
2923,2,134.0,0,0,0,0,0
2924,3,134.0,0,0,0,0,0
2925,2,134.0,0,0,0,0,0
2926,3,134.0,0,0,0,0,0
2927,2,134.0,0,0,0,0,0
2928,3,134.0,0,0,0,0,0
2929,2,134.0,0,0,0,0,0
2930,3,134.0,0,0,0,0,0
2931,2,134.0,0,0,0,0,0
2932,3,134.0,0,0,0,0,0
2933,2,134.0,0,0,0,0,0
2934,3,134.0,0,0,0,0,0
2935,2,134.0,0,0,0,0,0
2936,3,134.0,0,0,0,0,0
2937,2,134.0,0,0,0,0,0
2938,3,134.0,0,0,0,0,0
2939,2,134.0,0,0,0,0,0
2940,3,134.0,0,0,0,0,0
2941,2,134.0,0,0,0,0,0
2942,3,134.0,0,0,0,0,0
2943,2,134.0,0,0,0,0,0
2944,3,134.0,0,0,0,0,0
2945,2,134.0,0,0,0,0,0
2946,3,134.0,0,0,0,0,0
2947,2,134.0,0,0,0,0,0
2948,3,134.0,0,0,0,0,0
2949,2,134.0,0,0,0,0,0
2950,3,134.0,0,0,0,0,0
2951,2,134.0,0,0,0,0,0
2952,3,134.0,0,0,0,0,0
2953,2,134.0,0,0,0,0,0
2954,3,134.0,0,0,0,0,0
2955,2,134.0,0,0,0,0,0
2956,3,134.0,0,0,0,0,0
2957,2,134.0,0,0,0,0,0
2958,3,134.0,0,0,0,0,0
2959,2,134.0,0,0,0,0,0
2960,3,134.0,0,0,0,0,0
2961,2,134.0,0,0,0,0,0
2962,3,134.0,0,0,0,0,0
2963,2,134.0,0,0,0,0,0
2964,3,134.0,0,0,0,0,0
2965,2,134.0,0,0,0,0,0
2966,3,134.0,0,0,0,0,0
2967,2,134.0,0,0,0,0,0
2968,3,134.0,0,0,0,0,0
2969,2,134.0,0,0,0,0,0
2970,3,134.0,0,0,0,0,0
2971,2,134.0,0,0,0,0,0
2972,3,134.0,0,0,0,0,0
2973,2,134.0,0,0,0,0,0
2974,3,134.0,0,0,0,0,0
2975,2,134.0,0,0,0,0,0
2976,3,134.0,0,0,0,0,0
2977,2,134.0,0,0,0,0,0
2978,3,134.0,0,0,0,0,0
2979,2,134.0,0,0,0,0,0
2980,3,134.0,0,0,0,0,0
2981,2,134.0,0,0,0,0,0
2982,3,134.0,0,0,0,0,0
2983,2,134.0,0,0,0,0,0
2984,3,134.0,0,0,0,0,0
2985,2,134.0,0,0,0,0,0
2986,3,134.0,0,0,0,0,0
2987,2,134.0,0,0,0,0,0
2988,3,134.0,0,0,0,0,0
2989,2,134.0,0,0,0,0,0
2990,3,134.0,0,0,0,0,0
2991,2,134.0,0,0,0,0,0
2992,3,134.0,0,0,0,0,0
2993,2,134.0,0,0,0,0,0
2994,3,134.0,0,0,0,0,0
2995,2,134.0,0,0,0,0,0
2996,3,134.0,0,0,0,0,0
2997,2,134.0,0,0,0,0,0
2998,3,134.0,0,0,0,0,0
2999,2,134.0,0,0,0,0,0
3000,3,134.0,0,0,0,0,0
3001,2,134.0,0,0,0,0,0
3002,3,134.0,0,0,0,0,0
3003,2,134.0,0,0,0,0,0
3004,3,134.0,0,0,0,0,0
3005,2,134.0,0,0,0,0,0
3006,3,134.0,0,0,0,0,0
3007,2,134.0,0,0,0,0,0
3008,3,134.0,0,0,0,0,0
3009,2,134.0,0,0,0,0,0
3010,3,134.0,0,0,0,0,0
3011,2,134.0,0,0,0,0,0
3012,3,134.0,0,0,0,0,0
3013,2,134.0,0,0,0,0,0
3014,3,134.0,0,0,0,0,0
3015,2,134.0,0,0,0,0,0
3016,3,134.0,0,0,0,0,0
3017,2,134.0,0,0,0,0,0
3018,3,134.0,0,0,0,0,0
3019,2,134.0,0,0,0,0,0
3020,3,134.0,0,0,0,0,0
3021,2,134.0,0,0,0,0,0
3022,3,134.0,0,0,0,0,0
3023,2,134.0,0,0,0,0,0
3024,3,134.0,0,0,0,0,0
3025,2,134.0,0,0,0,0,0
3026,3,134.0,0,0,0,0,0
3027,2,134.0,0,0,0,0,0
3028,3,134.0,0,0,0,0,0
3029,2,134.0,0,0,0,0,0
3030,3,134.0,0,0,0,0,0
3031,2,134.0,0,0,0,0,0
3032,3,134.0,0,0,0,0,0
3033,2,134.0,0,0,0,0,0
3034,3,134.0,0,0,0,0,0
3035,2,134.0,0,0,0,0,0
3036,3,134.0,0,0,0,0,0
3037,2,134.0,0,0,0,0,0
3038,3,134.0,0,0,0,0,0
3039,2,134.0,0,0,0,0,0
3040,3,134.0,0,0,0,0,0
3041,2,134.0,0,0,0,0,0
3042,3,134.0,0,0,0,0,0
3043,2,134.0,0,0,0,0,0
3044,3,134.0,0,0,0,0,0
3045,2,134.0,0,0,0,0,0
3046,3,134.0,0,0,0,0,0
3047,2,134.0,0,0,0,0,0
3048,3,134.0,0,0,0,0,0
3049,2,134.0,0,0,0,0,0
3050,3,134.0,0,0,0,0,0
3051,2,134.0,0,0,0,0,0
3052,3,134.0,0,0,0,0,0
3053,2,134.0,0,0,0,0,0
3054,3,134.0,0,0,0,0,0
3055,2,134.0,0,0,0,0,0
3056,3,134.0,0,0,0,0,0
3057,2,134.0,0,0,0,0,0
3058,3,134.0,0,0,0,0,0
3059,2,134.0,0,0,0,0,0
3060,3,134.0,0,0,0,0,0
3061,2,134.0,0,0,0,0,0
3062,3,134.0,0,0,0,0,0
3063,2,134.0,0,0,0,0,0
3064,3,134.0,0,0,0,0,0
3065,2,134.0,0,0,0,0,0
3066,3,134.0,0,0,0,0,0
3067,2,134.0,0,0,0,0,0
3068,3,134.0,0,0,0,0,0
3069,2,134.0,0,0,0,0,0
3070,3,134.0,0,0,0,0,0
3071,2,134.0,0,0,0,0,0
3072,3,134.0,0,0,0,0,0
3073,2,134.0,0,0,0,0,0
3074,3,134.0,0,0,0,0,0
3075,2,134.0,0,0,0,0,0
3076,3,134.0,0,0,0,0,0
3077,2,134.0,0,0,0,0,0
3078,3,134.0,0,0,0,0,0
3079,2,134.0,0,0,0,0,0
3080,3,134.0,0,0,0,0,0
3081,2,134.0,0,0,0,0,0
3082,3,134.0,0,0,0,0,0
3083,2,134.0,0,0,0,0,0
3084,3,134.0,0,0,0,0,0
3085,2,134.0,0,0,0,0,0
3086,3,134.0,0,0,0,0,0
3087,2,134.0,0,0,0,0,0
3088,3,134.0,0,0,0,0,0
3089,2,134.0,0,0,0,0,0
3090,3,134.0,0,0,0,0,0
3091,2,134.0,0,0,0,0,0
3092,3,134.0,0,0,0,0,0
3093,2,134.0,0,0,0,0,0
3094,3,134.0,0,0,0,0,0
3095,2,134.0,0,0,0,0,0
3096,3,134.0,0,0,0,0,0
3097,2,134.0,0,0,0,0,0
3098,3,134.0,0,0,0,0,0
3099,2,134.0,0,0,0,0,0
3100,3,134.0,0,0,0,0,0
3101,2,134.0,0,0,0,0,0
3102,3,134.0,0,0,0,0,0
3103,2,134.0,0,0,0,0,0
3104,3,134.0,0,0,0,0,0
3105,2,134.0,0,0,0,0,0
3106,3,134.0,0,0,0,0,0
3107,2,134.0,0,0,0,0,0
3108,3,134.0,0,0,0,0,0
3109,2,134.0,0,0,0,0,0
3110,3,134.0,0,0,0,0,0
3111,2,134.0,0,0,0,0,0
3112,3,134.0,0,0,0,0,0
3113,2,134.0,0,0,0,0,0
3114,3,134.0,0,0,0,0,0
3115,2,134.0,0,0,0,0,0
3116,3,134.0,0,0,0,0,0
3117,2,134.0,0,0,0,0,0
3118,3,134.0,0,0,0,0,0
3119,2,134.0,0,0,0,0,0
3120,3,134.0,0,0,0,0,0
3121,2,134.0,0,0,0,0,0
3122,3,134.0,0,0,0,0,0
3123,2,134.0,0,0,0,0,0
3124,3,134.0,0,0,0,0,0
3125,2,134.0,0,0,0,0,0
3126,3,134.0,0,0,0,0,0
3127,2,134.0,0,0,0,0,0
3128,3,134.0,0,0,0,0,0
3129,2,134.0,0,0,0,0,0
3130,3,134.0,0,0,0,0,0
3131,2,134.0,0,0,0,0,0
3132,3,134.0,0,0,0,0,0
3133,2,134.0,0,0,0,0,0
3134,3,134.0,0,0,0,0,0
3135,2,134.0,0,0,0,0,0
3136,3,134.0,0,0,0,0,0
3137,2,134.0,0,0,0,0,0
3138,3,134.0,0,0,0,0,0
3139,2,134.0,0,0,0,0,0
3140,3,134.0,0,0,0,0,0
3141,2,134.0,0,0,0,0,0
3142,3,134.0,0,0,0,0,0
3143,2,134.0,0,0,0,0,0
3144,3,134.0,0,0,0,0,0
3145,2,134.0,0,0,0,0,0
3146,3,134.0,0,0,0,0,0
3147,2,134.0,0,0,0,0,0
3148,3,134.0,0,0,0,0,0
3149,2,134.0,0,0,0,0,0
3150,3,134.0,0,0,0,0,0
3151,2,134.0,0,0,0,0,0
3152,3,134.0,0,0,0,0,0
3153,2,134.0,0,0,0,0,0
3154,3,134.0,0,0,0,0,0
3155,2,134.0,0,0,0,0,0
3156,3,134.0,0,0,0,0,0
3157,2,134.0,0,0,0,0,0
3158,3,134.0,0,0,0,0,0
3159,2,134.0,0,0,0,0,0
3160,3,134.0,0,0,0,0,0
3161,2,134.0,0,0,0,0,0
3162,3,134.0,0,0,0,0,0
3163,2,134.0,0,0,0,0,0
3164,3,134.0,0,0,0,0,0
3165,2,134.0,0,0,0,0,0
3166,3,134.0,0,0,0,0,0
3167,2,134.0,0,0,0,0,0
3168,3,134.0,0,0,0,0,0
3169,2,134.0,0,0,0,0,0
3170,3,134.0,0,0,0,0,0
3171,2,134.0,0,0,0,0,0
3172,3,134.0,0,0,0,0,0
3173,2,134.0,0,0,0,0,0
3174,3,134.0,0,0,0,0,0
3175,2,134.0,0,0,0,0,0
3176,3,134.0,0,0,0,0,0
3177,2,134.0,0,0,0,0,0
3178,3,134.0,0,0,0,0,0
3179,2,134.0,0,0,0,0,0
3180,3,134.0,0,0,0,0,0
3181,2,134.0,0,0,0,0,0
3182,3,134.0,0,0,0,0,0
3183,2,134.0,0,0,0,0,0
3184,3,134.0,0,0,0,0,0
3185,2,134.0,0,0,0,0,0
3186,3,134.0,0,0,0,0,0
3187,2,134.0,0,0,0,0,0
3188,3,134.0,0,0,0,0,0
3189,2,134.0,0,0,0,0,0
3190,3,134.0,0,0,0,0,0
3191,2,134.0,0,0,0,0,0
3192,3,134.0,0,0,0,0,0
3193,2,134.0,0,0,0,0,0
3194,3,134.0,0,0,0,0,0
3195,2,134.0,0,0,0,0,0
3196,3,134.0,0,0,0,0,0
3197,2,134.0,0,0,0,0,0
3198,3,134.0,0,0,0,0,0
3199,2,134.0,0,0,0,0,0
3200,3,134.0,0,0,0,0,0
3201,2,134.0,0,0,0,0,0
3202,3,134.0,0,0,0,0,0
3203,2,134.0,0,0,0,0,0
3204,3,134.0,0,0,0,0,0
3205,2,134.0,0,0,0,0,0
3206,3,134.0,0,0,0,0,0
3207,2,134.0,0,0,0,0,0
3208,3,134.0,0,0,0,0,0
3209,2,134.0,0,0,0,0,0
3210,3,134.0,0,0,0,0,0
3211,2,134.0,0,0,0,0,0
3212,3,134.0,0,0,0,0,0
3213,2,134.0,0,0,0,0,0
3214,3,134.0,0,0,0,0,0
3215,2,134.0,0,0,0,0,0
3216,3,134.0,0,0,0,0,0
3217,2,134.0,0,0,0,0,0
3218,3,134.0,0,0,0,0,0
3219,2,134.0,0,0,0,0,0
3220,3,134.0,0,0,0,0,0
3221,2,134.0,0,0,0,0,0
3222,3,134.0,0,0,0,0,0
3223,2,134.0,0,0,0,0,0
3224,3,134.0,0,0,0,0,0
3225,2,134.0,0,0,0,0,0
3226,3,134.0,0,0,0,0,0
3227,2,134.0,0,0,0,0,0
3228,3,134.0,0,0,0,0,0
3229,2,134.0,0,0,0,0,0
3230,3,134.0,0,0,0,0,0
3231,2,134.0,0,0,0,0,0
3232,3,134.0,0,0,0,0,0
3233,2,134.0,0,0,0,0,0
3234,3,134.0,0,0,0,0,0
3235,2,134.0,0,0,0,0,0
3236,3,134.0,0,0,0,0,0
3237,2,134.0,0,0,0,0,0
3238,3,134.0,0,0,0,0,0
3239,2,134.0,0,0,0,0,0
3240,3,134.0,0,0,0,0,0
3241,2,134.0,0,0,0,0,0
3242,3,134.0,0,0,0,0,0
3243,2,134.0,0,0,0,0,0
3244,3,134.0,0,0,0,0,0
3245,2,134.0,0,0,0,0,0
3246,3,134.0,0,0,0,0,0
3247,2,134.0,0,0,0,0,0
3248,3,134.0,0,0,0,0,0
3249,2,134.0,0,0,0,0,0
3250,3,134.0,0,0,0,0,0
3251,2,134.0,0,0,0,0,0
3252,3,134.0,0,0,0,0,0
3253,2,134.0,0,0,0,0,0
3254,3,134.0,0,0,0,0,0
3255,2,134.0,0,0,0,0,0
3256,3,134.0,0,0,0,0,0
3257,2,134.0,0,0,0,0,0
3258,3,134.0,0,0,0,0,0
3259,2,134.0,0,0,0,0,0
3260,3,134.0,0,0,0,0,0
3261,2,134.0,0,0,0,0,0
3262,3,134.0,0,0,0,0,0
3263,2,134.0,0,0,0,0,0
3264,3,134.0,0,0,0,0,0
3265,2,134.0,0,0,0,0,0
3266,3,134.0,0,0,0,0,0
3267,2,134.0,0,0,0,0,0
3268,3,134.0,0,0,0,0,0
3269,2,134.0,0,0,0,0,0
3270,3,134.0,0,0,0,0,0
3271,2,134.0,0,0,0,0,0
3272,3,134.0,0,0,0,0,0
3273,2,134.0,0,0,0,0,0
3274,3,134.0,0,0,0,0,0
3275,2,134.0,0,0,0,0,0
3276,3,134.0,0,0,0,0,0
3277,2,134.0,0,0,0,0,0
3278,3,134.0,0,0,0,0,0
3279,2,134.0,0,0,0,0,0
3280,3,134.0,0,0,0,0,0
3281,2,134.0,0,0,0,0,0
3282,3,134.0,0,0,0,0,0
3283,2,134.0,0,0,0,0,0
3284,3,134.0,0,0,0,0,0
3285,2,134.0,0,0,0,0,0
3286,3,134.0,0,0,0,0,0
3287,2,134.0,0,0,0,0,0
3288,3,134.0,0,0,0,0,0
3289,2,134.0,0,0,0,0,0
3290,3,134.0,0,0,0,0,0
3291,2,134.0,0,0,0,0,0
3292,3,134.0,0,0,0,0,0
3293,2,134.0,0,0,0,0,0
3294,3,134.0,0,0,0,0,0
3295,2,134.0,0,0,0,0,0
3296,3,134.0,0,0,0,0,0
3297,2,134.0,0,0,0,0,0
3298,3,134.0,0,0,0,0,0
3299,2,134.0,0,0,0,0,0
3300,3,134.0,0,0,0,0,0
3301,2,134.0,0,0,0,0,0
3302,3,134.0,0,0,0,0,0
3303,2,134.0,0,0,0,0,0
3304,3,134.0,0,0,0,0,0
3305,2,134.0,0,0,0,0,0
3306,3,134.0,0,0,0,0,0
3307,2,134.0,0,0,0,0,0
3308,3,134.0,0,0,0,0,0
3309,2,134.0,0,0,0,0,0
3310,3,134.0,0,0,0,0,0
3311,2,134.0,0,0,0,0,0
3312,3,134.0,0,0,0,0,0
3313,2,134.0,0,0,0,0,0
3314,3,134.0,0,0,0,0,0
3315,2,134.0,0,0,0,0,0
3316,3,134.0,0,0,0,0,0
3317,2,134.0,0,0,0,0,0
3318,3,134.0,0,0,0,0,0
3319,2,134.0,0,0,0,0,0
3320,3,134.0,0,0,0,0,0
3321,2,134.0,0,0,0,0,0
3322,3,134.0,0,0,0,0,0
3323,2,134.0,0,0,0,0,0
3324,3,134.0,0,0,0,0,0
3325,2,134.0,0,0,0,0,0
3326,3,134.0,0,0,0,0,0
3327,2,134.0,0,0,0,0,0
3328,3,134.0,0,0,0,0,0
3329,2,134.0,0,0,0,0,0
3330,3,134.0,0,0,0,0,0
3331,2,134.0,0,0,0,0,0
3332,3,134.0,0,0,0,0,0
3333,2,134.0,0,0,0,0,0
3334,3,134.0,0,0,0,0,0
3335,2,134.0,0,0,0,0,0
3336,3,134.0,0,0,0,0,0
3337,2,134.0,0,0,0,0,0
3338,3,134.0,0,0,0,0,0
3339,2,134.0,0,0,0,0,0
3340,3,134.0,0,0,0,0,0
3341,2,134.0,0,0,0,0,0
3342,3,134.0,0,0,0,0,0
3343,2,134.0,0,0,0,0,0
3344,3,134.0,0,0,0,0,0
3345,2,134.0,0,0,0,0,0
3346,3,134.0,0,0,0,0,0
3347,2,134.0,0,0,0,0,0
3348,3,134.0,0,0,0,0,0
3349,2,134.0,0,0,0,0,0
3350,3,134.0,0,0,0,0,0
3351,2,134.0,0,0,0,0,0
3352,3,134.0,0,0,0,0,0
3353,2,134.0,0,0,0,0,0
3354,3,134.0,0,0,0,0,0
3355,2,134.0,0,0,0,0,0
3356,3,134.0,0,0,0,0,0
3357,2,134.0,0,0,0,0,0
3358,3,134.0,0,0,0,0,0
3359,2,134.0,0,0,0,0,0
3360,3,134.0,0,0,0,0,0
3361,2,134.0,0,0,0,0,0
3362,3,134.0,0,0,0,0,0
3363,2,134.0,0,0,0,0,0
3364,3,134.0,0,0,0,0,0
3365,2,134.0,0,0,0,0,0
3366,3,134.0,0,0,0,0,0
3367,2,134.0,0,0,0,0,0
3368,3,134.0,0,0,0,0,0
3369,2,134.0,0,0,0,0,0
3370,3,134.0,0,0,0,0,0
3371,2,134.0,0,0,0,0,0
3372,3,134.0,0,0,0,0,0
3373,2,134.0,0,0,0,0,0
3374,3,134.0,0,0,0,0,0
3375,2,134.0,0,0,0,0,0
3376,3,134.0,0,0,0,0,0
3377,2,134.0,0,0,0,0,0
3378,3,134.0,0,0,0,0,0
3379,2,134.0,0,0,0,0,0
3380,3,134.0,0,0,0,0,0
3381,2,134.0,0,0,0,0,0
3382,3,134.0,0,0,0,0,0
3383,2,134.0,0,0,0,0,0
3384,3,134.0,0,0,0,0,0
3385,2,134.0,0,0,0,0,0
3386,3,134.0,0,0,0,0,0
3387,2,134.0,0,0,0,0,0
3388,3,134.0,0,0,0,0,0
3389,2,134.0,0,0,0,0,0
3390,3,134.0,0,0,0,0,0
3391,2,134.0,0,0,0,0,0
3392,3,134.0,0,0,0,0,0
3393,2,134.0,0,0,0,0,0
3394,3,134.0,0,0,0,0,0
3395,2,134.0,0,0,0,0,0
3396,3,134.0,0,0,0,0,0
3397,2,134.0,0,0,0,0,0
3398,3,134.0,0,0,0,0,0
3399,2,134.0,0,0,0,0,0
3400,3,134.0,0,0,0,0,0
3401,2,134.0,0,0,0,0,0
3402,3,134.0,0,0,0,0,0
3403,2,134.0,0,0,0,0,0
3404,3,134.0,0,0,0,0,0
3405,2,134.0,0,0,0,0,0
3406,3,134.0,0,0,0,0,0
3407,2,134.0,0,0,0,0,0
3408,3,134.0,0,0,0,0,0
3409,2,134.0,0,0,0,0,0
3410,3,134.0,0,0,0,0,0
3411,2,134.0,0,0,0,0,0
3412,3,134.0,0,0,0,0,0
3413,2,134.0,0,0,0,0,0
3414,3,134.0,0,0,0,0,0
3415,2,134.0,0,0,0,0,0
3416,3,134.0,0,0,0,0,0
3417,2,134.0,0,0,0,0,0
3418,3,134.0,0,0,0,0,0
3419,2,134.0,0,0,0,0,0
3420,3,134.0,0,0,0,0,0
3421,2,134.0,0,0,0,0,0
3422,3,134.0,0,0,0,0,0
3423,2,134.0,0,0,0,0,0
3424,3,134.0,0,0,0,0,0
3425,2,134.0,0,0,0,0,0
3426,3,134.0,0,0,0,0,0
3427,2,134.0,0,0,0,0,0
3428,3,134.0,0,0,0,0,0
3429,2,134.0,0,0,0,0,0
3430,3,134.0,0,0,0,0,0
3431,2,134.0,0,0,0,0,0
3432,3,134.0,0,0,0,0,0
3433,2,134.0,0,0,0,0,0
3434,3,134.0,0,0,0,0,0
3435,2,134.0,0,0,0,0,0
3436,3,134.0,0,0,0,0,0
3437,2,134.0,0,0,0,0,0
3438,3,134.0,0,0,0,0,0
3439,2,134.0,0,0,0,0,0
3440,3,134.0,0,0,0,0,0
3441,2,134.0,0,0,0,0,0
3442,3,134.0,0,0,0,0,0
3443,2,134.0,0,0,0,0,0
3444,3,134.0,0,0,0,0,0
3445,2,134.0,0,0,0,0,0
3446,3,134.0,0,0,0,0,0
3447,2,134.0,0,0,0,0,0
3448,3,134.0,0,0,0,0,0
3449,2,134.0,0,0,0,0,0
3450,3,134.0,0,0,0,0,0
3451,2,134.0,0,0,0,0,0
3452,3,134.0,0,0,0,0,0
3453,2,134.0,0,0,0,0,0
3454,3,134.0,0,0,0,0,0
3455,2,134.0,0,0,0,0,0
3456,3,134.0,0,0,0,0,0
3457,2,134.0,0,0,0,0,0
3458,3,134.0,0,0,0,0,0
3459,2,134.0,0,0,0,0,0
3460,3,134.0,0,0,0,0,0
3461,2,134.0,0,0,0,0,0
3462,3,134.0,0,0,0,0,0
3463,2,134.0,0,0,0,0,0
3464,3,134.0,0,0,0,0,0
3465,2,134.0,0,0,0,0,0
3466,3,134.0,0,0,0,0,0
3467,2,134.0,0,0,0,0,0
3468,3,134.0,0,0,0,0,0
3469,2,134.0,0,0,0,0,0
3470,3,134.0,0,0,0,0,0
3471,2,134.0,0,0,0,0,0
3472,3,134.0,0,0,0,0,0
3473,2,134.0,0,0,0,0,0
3474,3,134.0,0,0,0,0,0
3475,2,134.0,0,0,0,0,0
3476,3,134.0,0,0,0,0,0
3477,2,134.0,0,0,0,0,0
3478,3,134.0,0,0,0,0,0
3479,2,134.0,0,0,0,0,0
3480,3,134.0,0,0,0,0,0
3481,2,134.0,0,0,0,0,0
3482,3,134.0,0,0,0,0,0
3483,2,134.0,0,0,0,0,0
3484,3,134.0,0,0,0,0,0
3485,2,134.0,0,0,0,0,0
3486,3,134.0,0,0,0,0,0
3487,2,134.0,0,0,0,0,0
3488,3,134.0,0,0,0,0,0
3489,2,134.0,0,0,0,0,0
3490,3,134.0,0,0,0,0,0
3491,2,134.0,0,0,0,0,0
3492,3,134.0,0,0,0,0,0
3493,2,134.0,0,0,0,0,0
3494,3,134.0,0,0,0,0,0
3495,2,134.0,0,0,0,0,0
3496,3,134.0,0,0,0,0,0
3497,2,134.0,0,0,0,0,0
3498,3,134.0,0,0,0,0,0
3499,2,134.0,0,0,0,0,0
3500,3,134.0,0,0,0,0,0
3501,2,134.0,0,0,0,0,0
3502,3,134.0,0,0,0,0,0
3503,2,134.0,0,0,0,0,0
3504,3,134.0,0,0,0,0,0
3505,2,134.0,0,0,0,0,0
3506,3,134.0,0,0,0,0,0
3507,2,134.0,0,0,0,0,0
3508,3,134.0,0,0,0,0,0
3509,2,134.0,0,0,0,0,0
3510,3,134.0,0,0,0,0,0
3511,2,134.0,0,0,0,0,0
3512,3,134.0,0,0,0,0,0
3513,2,134.0,0,0,0,0,0
3514,3,134.0,0,0,0,0,0
3515,2,134.0,0,0,0,0,0
3516,3,134.0,0,0,0,0,0
3517,2,134.0,0,0,0,0,0
3518,3,134.0,0,0,0,0,0
3519,2,134.0,0,0,0,0,0
3520,3,134.0,0,0,0,0,0
3521,2,134.0,0,0,0,0,0
3522,3,134.0,0,0,0,0,0
3523,2,134.0,0,0,0,0,0
3524,3,134.0,0,0,0,0,0
3525,2,134.0,0,0,0,0,0
3526,3,134.0,0,0,0,0,0
3527,2,134.0,0,0,0,0,0
3528,3,134.0,0,0,0,0,0
3529,2,134.0,0,0,0,0,0
3530,3,134.0,0,0,0,0,0
3531,2,134.0,0,0,0,0,0
3532,3,134.0,0,0,0,0,0
3533,2,134.0,0,0,0,0,0
3534,3,134.0,0,0,0,0,0
3535,2,134.0,0,0,0,0,0
3536,3,134.0,0,0,0,0,0
3537,2,134.0,0,0,0,0,0
3538,3,134.0,0,0,0,0,0
3539,2,134.0,0,0,0,0,0
3540,3,134.0,0,0,0,0,0
3541,2,134.0,0,0,0,0,0
3542,3,134.0,0,0,0,0,0
3543,2,134.0,0,0,0,0,0
3544,3,134.0,0,0,0,0,0
3545,2,134.0,0,0,0,0,0
3546,3,134.0,0,0,0,0,0
3547,2,134.0,0,0,0,0,0
3548,3,134.0,0,0,0,0,0
3549,2,134.0,0,0,0,0,0
3550,3,134.0,0,0,0,0,0
3551,2,134.0,0,0,0,0,0
3552,3,134.0,0,0,0,0,0
3553,2,134.0,0,0,0,0,0
3554,3,134.0,0,0,0,0,0
3555,2,134.0,0,0,0,0,0
3556,3,134.0,0,0,0,0,0
3557,2,134.0,0,0,0,0,0
3558,3,134.0,0,0,0,0,0
3559,2,134.0,0,0,0,0,0
3560,3,134.0,0,0,0,0,0
3561,2,134.0,0,0,0,0,0
3562,3,134.0,0,0,0,0,0
3563,2,134.0,0,0,0,0,0
3564,3,134.0,0,0,0,0,0
3565,2,134.0,0,0,0,0,0
3566,3,134.0,0,0,0,0,0
3567,2,134.0,0,0,0,0,0
3568,3,134.0,0,0,0,0,0
3569,2,134.0,0,0,0,0,0
3570,3,134.0,0,0,0,0,0
3571,2,134.0,0,0,0,0,0
3572,3,134.0,0,0,0,0,0
3573,2,134.0,0,0,0,0,0
3574,3,134.0,0,0,0,0,0
3575,2,134.0,0,0,0,0,0
3576,3,134.0,0,0,0,0,0
3577,2,134.0,0,0,0,0,0
3578,3,134.0,0,0,0,0,0
3579,2,134.0,0,0,0,0,0
3580,3,134.0,0,0,0,0,0
3581,2,134.0,0,0,0,0,0
3582,3,134.0,0,0,0,0,0
3583,2,134.0,0,0,0,0,0
3584,3,134.0,0,0,0,0,0
3585,2,134.0,0,0,0,0,0
3586,3,134.0,0,0,0,0,0
3587,2,134.0,0,0,0,0,0
3588,3,134.0,0,0,0,0,0
3589,2,134.0,0,0,0,0,0
3590,3,134.0,0,0,0,0,0
3591,2,134.0,0,0,0,0,0
3592,3,134.0,0,0,0,0,0
3593,2,134.0,0,0,0,0,0
3594,3,134.0,0,0,0,0,0
3595,2,134.0,0,0,0,0,0
3596,3,134.0,0,0,0,0,0
3597,2,134.0,0,0,0,0,0
3598,3,134.0,0,0,0,0,0
3599,2,134.0,0,0,0,0,0
3600,3,134.0,0,0,0,0,0
3601,2,134.0,0,0,0,0,0
3602,3,134.0,0,0,0,0,0
3603,2,134.0,0,0,0,0,0
3604,3,134.0,0,0,0,0,0
3605,2,134.0,0,0,0,0,0
3606,3,134.0,0,0,0,0,0
3607,2,134.0,0,0,0,0,0
3608,3,134.0,0,0,0,0,0
3609,2,134.0,0,0,0,0,0
3610,3,134.0,0,0,0,0,0
3611,2,134.0,0,0,0,0,0
3612,3,134.0,0,0,0,0,0
3613,2,134.0,0,0,0,0,0
3614,3,134.0,0,0,0,0,0
3615,2,134.0,0,0,0,0,0
3616,3,134.0,0,0,0,0,0
3617,2,134.0,0,0,0,0,0
3618,3,134.0,0,0,0,0,0
3619,2,134.0,0,0,0,0,0
3620,3,134.0,0,0,0,0,0
3621,2,134.0,0,0,0,0,0
3622,3,134.0,0,0,0,0,0
3623,2,134.0,0,0,0,0,0
3624,3,134.0,0,0,0,0,0
3625,2,134.0,0,0,0,0,0
3626,3,134.0,0,0,0,0,0
3627,2,134.0,0,0,0,0,0
3628,3,134.0,0,0,0,0,0
3629,2,134.0,0,0,0,0,0
3630,3,134.0,0,0,0,0,0
3631,2,134.0,0,0,0,0,0
3632,3,134.0,0,0,0,0,0
3633,2,134.0,0,0,0,0,0
3634,3,134.0,0,0,0,0,0
3635,2,134.0,0,0,0,0,0
3636,3,134.0,0,0,0,0,0
3637,2,134.0,0,0,0,0,0
3638,3,134.0,0,0,0,0,0
3639,2,134.0,0,0,0,0,0
3640,3,134.0,0,0,0,0,0
3641,2,134.0,0,0,0,0,0
3642,3,134.0,0,0,0,0,0
3643,2,134.0,0,0,0,0,0
3644,3,134.0,0,0,0,0,0
3645,2,134.0,0,0,0,0,0
3646,3,134.0,0,0,0,0,0
3647,2,134.0,0,0,0,0,0
3648,3,134.0,0,0,0,0,0
3649,2,134.0,0,0,0,0,0
3650,3,134.0,0,0,0,0,0
3651,2,134.0,0,0,0,0,0
3652,3,134.0,0,0,0,0,0
3653,2,134.0,0,0,0,0,0
3654,3,134.0,0,0,0,0,0
3655,2,134.0,0,0,0,0,0
3656,3,134.0,0,0,0,0,0
3657,2,134.0,0,0,0,0,0
3658,3,134.0,0,0,0,0,0
3659,2,134.0,0,0,0,0,0
3660,3,134.0,0,0,0,0,0
3661,2,134.0,0,0,0,0,0
3662,3,134.0,0,0,0,0,0
3663,2,134.0,0,0,0,0,0
3664,3,134.0,0,0,0,0,0
3665,2,134.0,0,0,0,0,0
3666,3,134.0,0,0,0,0,0
3667,2,134.0,0,0,0,0,0
3668,3,134.0,0,0,0,0,0
3669,2,134.0,0,0,0,0,0
3670,3,134.0,0,0,0,0,0
3671,2,134.0,0,0,0,0,0
3672,3,134.0,0,0,0,0,0
3673,2,134.0,0,0,0,0,0
3674,3,134.0,0,0,0,0,0
3675,2,134.0,0,0,0,0,0
3676,3,134.0,0,0,0,0,0
3677,2,134.0,0,0,0,0,0
3678,3,134.0,0,0,0,0,0
3679,2,134.0,0,0,0,0,0
3680,3,134.0,0,0,0,0,0
3681,2,134.0,0,0,0,0,0
3682,3,134.0,0,0,0,0,0
3683,2,134.0,0,0,0,0,0
3684,3,134.0,0,0,0,0,0
3685,2,134.0,0,0,0,0,0
3686,3,134.0,0,0,0,0,0
3687,2,134.0,0,0,0,0,0
3688,3,134.0,0,0,0,0,0
3689,2,134.0,0,0,0,0,0
3690,3,134.0,0,0,0,0,0
3691,2,134.0,0,0,0,0,0
3692,3,134.0,0,0,0,0,0
3693,2,134.0,0,0,0,0,0
3694,3,134.0,0,0,0,0,0
3695,2,134.0,0,0,0,0,0
3696,3,134.0,0,0,0,0,0
3697,2,134.0,0,0,0,0,0
3698,3,134.0,0,0,0,0,0
3699,2,134.0,0,0,0,0,0
3700,3,134.0,0,0,0,0,0
3701,2,134.0,0,0,0,0,0
3702,3,134.0,0,0,0,0,0
3703,2,134.0,0,0,0,0,0
3704,3,134.0,0,0,0,0,0
3705,2,134.0,0,0,0,0,0
3706,3,134.0,0,0,0,0,0
3707,2,134.0,0,0,0,0,0
3708,3,134.0,0,0,0,0,0
3709,2,134.0,0,0,0,0,0
3710,3,134.0,0,0,0,0,0
3711,2,134.0,0,0,0,0,0
3712,3,134.0,0,0,0,0,0
3713,2,134.0,0,0,0,0,0
3714,3,134.0,0,0,0,0,0
3715,2,134.0,0,0,0,0,0
3716,3,134.0,0,0,0,0,0
3717,2,134.0,0,0,0,0,0
3718,3,134.0,0,0,0,0,0
3719,2,134.0,0,0,0,0,0
3720,3,134.0,0,0,0,0,0
3721,2,134.0,0,0,0,0,0
3722,3,134.0,0,0,0,0,0
3723,2,134.0,0,0,0,0,0
3724,3,134.0,0,0,0,0,0
3725,2,134.0,0,0,0,0,0
3726,3,134.0,0,0,0,0,0
3727,2,134.0,0,0,0,0,0
3728,3,134.0,0,0,0,0,0
3729,2,134.0,0,0,0,0,0
3730,3,134.0,0,0,0,0,0
3731,2,134.0,0,0,0,0,0
3732,3,134.0,0,0,0,0,0
3733,2,134.0,0,0,0,0,0
3734,3,134.0,0,0,0,0,0
3735,2,134.0,0,0,0,0,0
3736,3,134.0,0,0,0,0,0
3737,2,134.0,0,0,0,0,0
3738,3,134.0,0,0,0,0,0
3739,2,134.0,0,0,0,0,0
3740,3,134.0,0,0,0,0,0
3741,2,134.0,0,0,0,0,0
3742,3,134.0,0,0,0,0,0
3743,2,134.0,0,0,0,0,0
3744,3,134.0,0,0,0,0,0
3745,2,134.0,0,0,0,0,0
3746,3,134.0,0,0,0,0,0
3747,2,134.0,0,0,0,0,0
3748,3,134.0,0,0,0,0,0
3749,2,134.0,0,0,0,0,0
3750,3,134.0,0,0,0,0,0
3751,2,134.0,0,0,0,0,0
3752,3,134.0,0,0,0,0,0
3753,2,134.0,0,0,0,0,0
3754,3,134.0,0,0,0,0,0
3755,2,134.0,0,0,0,0,0
3756,3,134.0,0,0,0,0,0
3757,2,134.0,0,0,0,0,0
3758,3,134.0,0,0,0,0,0
3759,2,134.0,0,0,0,0,0
3760,3,134.0,0,0,0,0,0
3761,2,134.0,0,0,0,0,0
3762,3,134.0,0,0,0,0,0
3763,2,134.0,0,0,0,0,0
3764,3,134.0,0,0,0,0,0
3765,2,134.0,0,0,0,0,0
3766,3,134.0,0,0,0,0,0
3767,2,134.0,0,0,0,0,0
3768,3,134.0,0,0,0,0,0
3769,2,134.0,0,0,0,0,0
3770,3,134.0,0,0,0,0,0
3771,2,134.0,0,0,0,0,0
3772,3,134.0,0,0,0,0,0
3773,2,134.0,0,0,0,0,0
3774,3,134.0,0,0,0,0,0
3775,2,134.0,0,0,0,0,0
3776,3,134.0,0,0,0,0,0
3777,2,134.0,0,0,0,0,0
3778,3,134.0,0,0,0,0,0
3779,2,134.0,0,0,0,0,0
3780,3,134.0,0,0,0,0,0
3781,2,134.0,0,0,0,0,0
3782,3,134.0,0,0,0,0,0
3783,2,134.0,0,0,0,0,0
3784,3,134.0,0,0,0,0,0
3785,2,134.0,0,0,0,0,0
3786,3,134.0,0,0,0,0,0
3787,2,134.0,0,0,0,0,0
3788,3,134.0,0,0,0,0,0
3789,2,134.0,0,0,0,0,0
3790,3,134.0,0,0,0,0,0
3791,2,134.0,0,0,0,0,0
3792,3,134.0,0,0,0,0,0
3793,2,134.0,0,0,0,0,0
3794,3,134.0,0,0,0,0,0
3795,2,134.0,0,0,0,0,0
3796,3,134.0,0,0,0,0,0
3797,2,134.0,0,0,0,0,0
3798,3,134.0,0,0,0,0,0
3799,2,134.0,0,0,0,0,0
3800,3,134.0,0,0,0,0,0
3801,2,134.0,0,0,0,0,0
3802,3,134.0,0,0,0,0,0
3803,2,134.0,0,0,0,0,0
3804,3,134.0,0,0,0,0,0
3805,2,134.0,0,0,0,0,0
3806,3,134.0,0,0,0,0,0
3807,2,134.0,0,0,0,0,0
3808,3,134.0,0,0,0,0,0
3809,2,134.0,0,0,0,0,0
3810,3,134.0,0,0,0,0,0
3811,2,134.0,0,0,0,0,0
3812,3,134.0,0,0,0,0,0
3813,2,134.0,0,0,0,0,0
3814,3,134.0,0,0,0,0,0
3815,2,134.0,0,0,0,0,0
3816,3,134.0,0,0,0,0,0
3817,2,134.0,0,0,0,0,0
3818,3,134.0,0,0,0,0,0
3819,2,134.0,0,0,0,0,0
3820,3,134.0,0,0,0,0,0
3821,2,134.0,0,0,0,0,0
3822,3,134.0,0,0,0,0,0
3823,2,134.0,0,0,0,0,0
3824,3,134.0,0,0,0,0,0
3825,2,134.0,0,0,0,0,0
3826,3,134.0,0,0,0,0,0
3827,2,134.0,0,0,0,0,0
3828,3,134.0,0,0,0,0,0
3829,2,134.0,0,0,0,0,0
3830,3,134.0,0,0,0,0,0
3831,2,134.0,0,0,0,0,0
3832,3,134.0,0,0,0,0,0
3833,2,134.0,0,0,0,0,0
3834,3,134.0,0,0,0,0,0
3835,2,134.0,0,0,0,0,0
3836,3,134.0,0,0,0,0,0
3837,2,134.0,0,0,0,0,0
3838,3,134.0,0,0,0,0,0
3839,2,134.0,0,0,0,0,0
3840,3,134.0,0,0,0,0,0
3841,2,134.0,0,0,0,0,0
3842,3,134.0,0,0,0,0,0
3843,2,134.0,0,0,0,0,0
3844,3,134.0,0,0,0,0,0
3845,2,134.0,0,0,0,0,0
3846,3,134.0,0,0,0,0,0
3847,2,134.0,0,0,0,0,0
3848,3,134.0,0,0,0,0,0
3849,2,134.0,0,0,0,0,0
3850,3,134.0,0,0,0,0,0
3851,2,134.0,0,0,0,0,0
3852,3,134.0,0,0,0,0,0
3853,2,134.0,0,0,0,0,0
3854,3,134.0,0,0,0,0,0
3855,2,134.0,0,0,0,0,0
3856,3,134.0,0,0,0,0,0
3857,2,134.0,0,0,0,0,0
3858,3,134.0,0,0,0,0,0
3859,2,134.0,0,0,0,0,0
3860,3,134.0,0,0,0,0,0
3861,2,134.0,0,0,0,0,0
3862,3,134.0,0,0,0,0,0
3863,2,134.0,0,0,0,0,0
3864,3,134.0,0,0,0,0,0
3865,2,134.0,0,0,0,0,0
3866,3,134.0,0,0,0,0,0
3867,2,134.0,0,0,0,0,0
3868,3,134.0,0,0,0,0,0
3869,2,134.0,0,0,0,0,0
3870,3,134.0,0,0,0,0,0
3871,2,134.0,0,0,0,0,0
3872,3,134.0,0,0,0,0,0
3873,2,134.0,0,0,0,0,0
3874,3,134.0,0,0,0,0,0
3875,2,134.0,0,0,0,0,0
3876,3,134.0,0,0,0,0,0
3877,2,134.0,0,0,0,0,0
3878,3,134.0,0,0,0,0,0
3879,2,134.0,0,0,0,0,0
3880,3,134.0,0,0,0,0,0
3881,2,134.0,0,0,0,0,0
3882,3,134.0,0,0,0,0,0
3883,2,134.0,0,0,0,0,0
3884,3,134.0,0,0,0,0,0
3885,2,134.0,0,0,0,0,0
3886,3,134.0,0,0,0,0,0
3887,2,134.0,0,0,0,0,0
3888,3,134.0,0,0,0,0,0
3889,2,134.0,0,0,0,0,0
3890,3,134.0,0,0,0,0,0
3891,2,134.0,0,0,0,0,0
3892,3,134.0,0,0,0,0,0
3893,2,134.0,0,0,0,0,0
3894,3,134.0,0,0,0,0,0
3895,2,134.0,0,0,0,0,0
3896,3,134.0,0,0,0,0,0
3897,2,134.0,0,0,0,0,0
3898,3,134.0,0,0,0,0,0
3899,2,134.0,0,0,0,0,0
3900,3,134.0,0,0,0,0,0
3901,2,134.0,0,0,0,0,0
3902,3,134.0,0,0,0,0,0
3903,2,134.0,0,0,0,0,0
3904,3,134.0,0,0,0,0,0
3905,2,134.0,0,0,0,0,0
3906,3,134.0,0,0,0,0,0
3907,2,134.0,0,0,0,0,0
3908,3,134.0,0,0,0,0,0
3909,2,134.0,0,0,0,0,0
3910,3,134.0,0,0,0,0,0
3911,2,134.0,0,0,0,0,0
3912,3,134.0,0,0,0,0,0
3913,2,134.0,0,0,0,0,0
3914,3,134.0,0,0,0,0,0
3915,2,134.0,0,0,0,0,0
3916,3,134.0,0,0,0,0,0
3917,2,134.0,0,0,0,0,0
3918,3,134.0,0,0,0,0,0
3919,2,134.0,0,0,0,0,0
3920,3,134.0,0,0,0,0,0
3921,2,134.0,0,0,0,0,0
3922,3,134.0,0,0,0,0,0
3923,2,134.0,0,0,0,0,0
3924,3,134.0,0,0,0,0,0
3925,2,134.0,0,0,0,0,0
3926,3,134.0,0,0,0,0,0
3927,2,134.0,0,0,0,0,0
3928,3,134.0,0,0,0,0,0
3929,2,134.0,0,0,0,0,0
3930,3,134.0,0,0,0,0,0
3931,2,134.0,0,0,0,0,0
3932,3,134.0,0,0,0,0,0
3933,2,134.0,0,0,0,0,0
3934,3,134.0,0,0,0,0,0
3935,2,134.0,0,0,0,0,0
3936,3,134.0,0,0,0,0,0
3937,2,134.0,0,0,0,0,0
3938,3,134.0,0,0,0,0,0
3939,2,134.0,0,0,0,0,0
3940,3,134.0,0,0,0,0,0
3941,2,134.0,0,0,0,0,0
3942,3,134.0,0,0,0,0,0
3943,2,134.0,0,0,0,0,0
3944,3,134.0,0,0,0,0,0
3945,2,134.0,0,0,0,0,0
3946,3,134.0,0,0,0,0,0
3947,2,134.0,0,0,0,0,0
3948,3,134.0,0,0,0,0,0
3949,2,134.0,0,0,0,0,0
3950,3,134.0,0,0,0,0,0
3951,2,134.0,0,0,0,0,0
3952,3,134.0,0,0,0,0,0
3953,2,134.0,0,0,0,0,0
3954,3,134.0,0,0,0,0,0
3955,2,134.0,0,0,0,0,0
3956,3,134.0,0,0,0,0,0
3957,2,134.0,0,0,0,0,0
3958,3,134.0,0,0,0,0,0
3959,2,134.0,0,0,0,0,0
3960,3,134.0,0,0,0,0,0
3961,2,134.0,0,0,0,0,0
3962,3,134.0,0,0,0,0,0
3963,2,134.0,0,0,0,0,0
3964,3,134.0,0,0,0,0,0
3965,2,134.0,0,0,0,0,0
3966,3,134.0,0,0,0,0,0
3967,2,134.0,0,0,0,0,0
3968,3,134.0,0,0,0,0,0
3969,2,134.0,0,0,0,0,0
3970,3,134.0,0,0,0,0,0
3971,2,134.0,0,0,0,0,0
3972,3,134.0,0,0,0,0,0
3973,2,134.0,0,0,0,0,0
3974,3,134.0,0,0,0,0,0
3975,2,134.0,0,0,0,0,0
3976,3,134.0,0,0,0,0,0
3977,2,134.0,0,0,0,0,0
3978,3,134.0,0,0,0,0,0
3979,2,134.0,0,0,0,0,0
3980,3,134.0,0,0,0,0,0
3981,2,134.0,0,0,0,0,0
3982,3,134.0,0,0,0,0,0
3983,2,134.0,0,0,0,0,0
3984,3,134.0,0,0,0,0,0
3985,2,134.0,0,0,0,0,0
3986,3,134.0,0,0,0,0,0
3987,2,134.0,0,0,0,0,0
3988,3,134.0,0,0,0,0,0
3989,2,134.0,0,0,0,0,0
3990,3,134.0,0,0,0,0,0
3991,2,134.0,0,0,0,0,0
3992,3,134.0,0,0,0,0,0
3993,2,134.0,0,0,0,0,0
3994,3,134.0,0,0,0,0,0
3995,2,134.0,0,0,0,0,0
3996,3,134.0,0,0,0,0,0
3997,2,134.0,0,0,0,0,0
3998,3,134.0,0,0,0,0,0
3999,2,134.0,0,0,0,0,0
4000,3,134.0,0,0,0,0,0
4001,2,134.0,0,0,0,0,0
4002,3,134.0,0,0,0,0,0
4003,2,134.0,0,0,0,0,0
4004,3,134.0,0,0,0,0,0
4005,2,134.0,0,0,0,0,0
4006,3,134.0,0,0,0,0,0
4007,2,134.0,0,0,0,0,0
4008,3,134.0,0,0,0,0,0
4009,2,134.0,0,0,0,0,0
4010,3,134.0,0,0,0,0,0
4011,2,134.0,0,0,0,0,0
4012,3,134.0,0,0,0,0,0
4013,2,134.0,0,0,0,0,0
4014,3,134.0,0,0,0,0,0
4015,2,134.0,0,0,0,0,0
4016,3,134.0,0,0,0,0,0
4017,2,134.0,0,0,0,0,0
4018,3,134.0,0,0,0,0,0
4019,2,134.0,0,0,0,0,0
4020,3,134.0,0,0,0,0,0
4021,2,134.0,0,0,0,0,0
4022,3,134.0,0,0,0,0,0
4023,2,134.0,0,0,0,0,0
4024,3,134.0,0,0,0,0,0
4025,2,134.0,0,0,0,0,0
4026,3,134.0,0,0,0,0,0
4027,2,134.0,0,0,0,0,0
4028,3,134.0,0,0,0,0,0
4029,2,134.0,0,0,0,0,0
4030,3,134.0,0,0,0,0,0
4031,2,134.0,0,0,0,0,0
4032,3,134.0,0,0,0,0,0
4033,2,134.0,0,0,0,0,0
4034,3,134.0,0,0,0,0,0
4035,2,134.0,0,0,0,0,0
4036,3,134.0,0,0,0,0,0
4037,2,134.0,0,0,0,0,0
4038,3,134.0,0,0,0,0,0
4039,2,134.0,0,0,0,0,0
4040,3,134.0,0,0,0,0,0
4041,2,134.0,0,0,0,0,0
4042,3,134.0,0,0,0,0,0
4043,2,134.0,0,0,0,0,0
4044,3,134.0,0,0,0,0,0
4045,2,134.0,0,0,0,0,0
4046,3,134.0,0,0,0,0,0
4047,2,134.0,0,0,0,0,0
4048,3,134.0,0,0,0,0,0
4049,2,134.0,0,0,0,0,0
4050,3,134.0,0,0,0,0,0
4051,2,134.0,0,0,0,0,0
4052,3,134.0,0,0,0,0,0
4053,2,134.0,0,0,0,0,0
4054,3,134.0,0,0,0,0,0
4055,2,134.0,0,0,0,0,0
4056,3,134.0,0,0,0,0,0
4057,2,134.0,0,0,0,0,0
4058,3,134.0,0,0,0,0,0
4059,2,134.0,0,0,0,0,0
4060,3,134.0,0,0,0,0,0
4061,2,134.0,0,0,0,0,0
4062,3,134.0,0,0,0,0,0
4063,2,134.0,0,0,0,0,0
4064,3,134.0,0,0,0,0,0
4065,2,134.0,0,0,0,0,0
4066,3,134.0,0,0,0,0,0
4067,2,134.0,0,0,0,0,0
4068,3,134.0,0,0,0,0,0
4069,2,134.0,0,0,0,0,0
4070,3,134.0,0,0,0,0,0
4071,2,134.0,0,0,0,0,0
4072,3,134.0,0,0,0,0,0
4073,2,134.0,0,0,0,0,0
4074,3,134.0,0,0,0,0,0
4075,2,134.0,0,0,0,0,0
4076,3,134.0,0,0,0,0,0
4077,2,134.0,0,0,0,0,0
4078,3,134.0,0,0,0,0,0
4079,2,134.0,0,0,0,0,0
4080,3,134.0,0,0,0,0,0
4081,2,134.0,0,0,0,0,0
4082,3,134.0,0,0,0,0,0
4083,2,134.0,0,0,0,0,0
4084,3,134.0,0,0,0,0,0
4085,2,134.0,0,0,0,0,0
4086,3,134.0,0,0,0,0,0
4087,2,134.0,0,0,0,0,0
4088,3,134.0,0,0,0,0,0
4089,2,134.0,0,0,0,0,0
4090,3,134.0,0,0,0,0,0
4091,2,134.0,0,0,0,0,0
4092,3,134.0,0,0,0,0,0
4093,2,134.0,0,0,0,0,0
4094,3,134.0,0,0,0,0,0
4095,2,134.0,0,0,0,0,0
4096,3,134.0,0,0,0,0,0
4097,2,134.0,0,0,0,0,0
4098,3,134.0,0,0,0,0,0
4099,2,134.0,0,0,0,0,0
4100,3,134.0,0,0,0,0,0
4101,2,134.0,0,0,0,0,0
4102,3,134.0,0,0,0,0,0
4103,2,134.0,0,0,0,0,0
4104,3,134.0,0,0,0,0,0
4105,2,134.0,0,0,0,0,0
4106,3,134.0,0,0,0,0,0
4107,2,134.0,0,0,0,0,0
4108,3,134.0,0,0,0,0,0
4109,2,134.0,0,0,0,0,0
4110,3,134.0,0,0,0,0,0
4111,2,134.0,0,0,0,0,0
4112,3,134.0,0,0,0,0,0
4113,2,134.0,0,0,0,0,0
4114,3,134.0,0,0,0,0,0
4115,2,134.0,0,0,0,0,0
4116,3,134.0,0,0,0,0,0
4117,2,134.0,0,0,0,0,0
4118,3,134.0,0,0,0,0,0
4119,2,134.0,0,0,0,0,0
4120,3,134.0,0,0,0,0,0
4121,2,134.0,0,0,0,0,0
4122,3,134.0,0,0,0,0,0
4123,2,134.0,0,0,0,0,0
4124,3,134.0,0,0,0,0,0
4125,2,134.0,0,0,0,0,0
4126,3,134.0,0,0,0,0,0
4127,2,134.0,0,0,0,0,0
4128,3,134.0,0,0,0,0,0
4129,2,134.0,0,0,0,0,0
4130,3,134.0,0,0,0,0,0
4131,2,134.0,0,0,0,0,0
4132,3,134.0,0,0,0,0,0
4133,2,134.0,0,0,0,0,0
4134,3,134.0,0,0,0,0,0
4135,2,134.0,0,0,0,0,0
4136,3,134.0,0,0,0,0,0
4137,2,134.0,0,0,0,0,0
4138,3,134.0,0,0,0,0,0
4139,2,134.0,0,0,0,0,0
4140,3,134.0,0,0,0,0,0
4141,2,134.0,0,0,0,0,0
4142,3,134.0,0,0,0,0,0
4143,2,134.0,0,0,0,0,0
4144,3,134.0,0,0,0,0,0
4145,2,134.0,0,0,0,0,0
4146,3,134.0,0,0,0,0,0
4147,2,134.0,0,0,0,0,0
4148,3,134.0,0,0,0,0,0
4149,2,134.0,0,0,0,0,0
4150,3,134.0,0,0,0,0,0
4151,2,134.0,0,0,0,0,0
4152,3,134.0,0,0,0,0,0
4153,2,134.0,0,0,0,0,0
4154,3,134.0,0,0,0,0,0
4155,2,134.0,0,0,0,0,0
4156,3,134.0,0,0,0,0,0
4157,2,134.0,0,0,0,0,0
4158,3,134.0,0,0,0,0,0
4159,2,134.0,0,0,0,0,0
4160,3,134.0,0,0,0,0,0
4161,2,134.0,0,0,0,0,0
4162,3,134.0,0,0,0,0,0
4163,2,134.0,0,0,0,0,0
4164,3,134.0,0,0,0,0,0
4165,2,134.0,0,0,0,0,0
4166,3,134.0,0,0,0,0,0
4167,2,134.0,0,0,0,0,0
4168,3,134.0,0,0,0,0,0
4169,2,134.0,0,0,0,0,0
4170,3,134.0,0,0,0,0,0
4171,2,134.0,0,0,0,0,0
4172,3,134.0,0,0,0,0,0
4173,2,134.0,0,0,0,0,0
4174,3,134.0,0,0,0,0,0
4175,2,134.0,0,0,0,0,0
4176,3,134.0,0,0,0,0,0
4177,2,134.0,0,0,0,0,0
4178,3,134.0,0,0,0,0,0
4179,2,134.0,0,0,0,0,0
4180,3,134.0,0,0,0,0,0
4181,2,134.0,0,0,0,0,0
4182,3,134.0,0,0,0,0,0
4183,2,134.0,0,0,0,0,0
4184,3,134.0,0,0,0,0,0
4185,2,134.0,0,0,0,0,0
4186,3,134.0,0,0,0,0,0
4187,2,134.0,0,0,0,0,0
4188,3,134.0,0,0,0,0,0
4189,2,134.0,0,0,0,0,0
4190,3,134.0,0,0,0,0,0
4191,2,134.0,0,0,0,0,0
4192,3,134.0,0,0,0,0,0
4193,2,134.0,0,0,0,0,0
4194,3,134.0,0,0,0,0,0
4195,2,134.0,0,0,0,0,0
4196,3,134.0,0,0,0,0,0
4197,2,134.0,0,0,0,0,0
4198,3,134.0,0,0,0,0,0
4199,2,134.0,0,0,0,0,0
4200,3,134.0,0,0,0,0,0
4201,2,134.0,0,0,0,0,0
4202,3,134.0,0,0,0,0,0
4203,2,134.0,0,0,0,0,0
4204,3,134.0,0,0,0,0,0
4205,2,134.0,0,0,0,0,0
4206,3,134.0,0,0,0,0,0
4207,2,134.0,0,0,0,0,0
4208,3,134.0,0,0,0,0,0
4209,2,134.0,0,0,0,0,0
4210,3,134.0,0,0,0,0,0
4211,2,134.0,0,0,0,0,0
4212,3,134.0,0,0,0,0,0
4213,2,134.0,0,0,0,0,0
4214,3,134.0,0,0,0,0,0
4215,2,134.0,0,0,0,0,0
4216,3,134.0,0,0,0,0,0
4217,2,134.0,0,0,0,0,0
4218,3,134.0,0,0,0,0,0
4219,2,134.0,0,0,0,0,0
4220,3,134.0,0,0,0,0,0
4221,2,134.0,0,0,0,0,0
4222,3,134.0,0,0,0,0,0
4223,2,134.0,0,0,0,0,0
4224,3,134.0,0,0,0,0,0
4225,2,134.0,0,0,0,0,0
4226,3,134.0,0,0,0,0,0
4227,2,134.0,0,0,0,0,0
4228,3,134.0,0,0,0,0,0
4229,2,134.0,0,0,0,0,0
4230,3,134.0,0,0,0,0,0
4231,2,134.0,0,0,0,0,0
4232,3,134.0,0,0,0,0,0
4233,2,134.0,0,0,0,0,0
4234,3,134.0,0,0,0,0,0
4235,2,134.0,0,0,0,0,0
4236,3,134.0,0,0,0,0,0
4237,2,134.0,0,0,0,0,0
4238,3,134.0,0,0,0,0,0
4239,2,134.0,0,0,0,0,0
4240,3,134.0,0,0,0,0,0
4241,2,134.0,0,0,0,0,0
4242,3,134.0,0,0,0,0,0
4243,2,134.0,0,0,0,0,0
4244,3,134.0,0,0,0,0,0
4245,2,134.0,0,0,0,0,0
4246,3,134.0,0,0,0,0,0
4247,2,134.0,0,0,0,0,0
4248,3,134.0,0,0,0,0,0
4249,2,134.0,0,0,0,0,0
4250,3,134.0,0,0,0,0,0
4251,2,134.0,0,0,0,0,0
4252,3,134.0,0,0,0,0,0
4253,2,134.0,0,0,0,0,0
4254,3,134.0,0,0,0,0,0
4255,2,134.0,0,0,0,0,0
4256,3,134.0,0,0,0,0,0
4257,2,134.0,0,0,0,0,0
4258,3,134.0,0,0,0,0,0
4259,2,134.0,0,0,0,0,0
4260,3,134.0,0,0,0,0,0
4261,2,134.0,0,0,0,0,0
4262,3,134.0,0,0,0,0,0
4263,2,134.0,0,0,0,0,0
4264,3,134.0,0,0,0,0,0
4265,2,134.0,0,0,0,0,0
4266,3,134.0,0,0,0,0,0
4267,2,134.0,0,0,0,0,0
4268,3,134.0,0,0,0,0,0
4269,2,134.0,0,0,0,0,0
4270,3,134.0,0,0,0,0,0
4271,2,134.0,0,0,0,0,0
4272,3,134.0,0,0,0,0,0
4273,2,134.0,0,0,0,0,0
4274,3,134.0,0,0,0,0,0
4275,2,134.0,0,0,0,0,0
4276,3,134.0,0,0,0,0,0
4277,2,134.0,0,0,0,0,0
4278,3,134.0,0,0,0,0,0
4279,2,134.0,0,0,0,0,0
4280,3,134.0,0,0,0,0,0
4281,2,134.0,0,0,0,0,0
4282,3,134.0,0,0,0,0,0
4283,2,134.0,0,0,0,0,0
4284,3,134.0,0,0,0,0,0
4285,2,134.0,0,0,0,0,0
4286,3,134.0,0,0,0,0,0
4287,2,134.0,0,0,0,0,0
4288,3,134.0,0,0,0,0,0
4289,2,134.0,0,0,0,0,0
4290,3,134.0,0,0,0,0,0
4291,2,134.0,0,0,0,0,0
4292,3,134.0,0,0,0,0,0
4293,2,134.0,0,0,0,0,0
4294,3,134.0,0,0,0,0,0
4295,2,134.0,0,0,0,0,0
4296,3,134.0,0,0,0,0,0
4297,2,134.0,0,0,0,0,0
4298,3,134.0,0,0,0,0,0
4299,2,134.0,0,0,0,0,0
4300,3,134.0,0,0,0,0,0
4301,2,134.0,0,0,0,0,0
4302,3,134.0,0,0,0,0,0
4303,2,134.0,0,0,0,0,0
4304,3,134.0,0,0,0,0,0
4305,2,134.0,0,0,0,0,0
4306,3,134.0,0,0,0,0,0
4307,2,134.0,0,0,0,0,0
4308,3,134.0,0,0,0,0,0
4309,2,134.0,0,0,0,0,0
4310,3,134.0,0,0,0,0,0
4311,2,134.0,0,0,0,0,0
4312,3,134.0,0,0,0,0,0
4313,2,134.0,0,0,0,0,0
4314,3,134.0,0,0,0,0,0
4315,2,134.0,0,0,0,0,0
4316,3,134.0,0,0,0,0,0
4317,2,134.0,0,0,0,0,0
4318,3,134.0,0,0,0,0,0
4319,2,134.0,0,0,0,0,0
4320,3,134.0,0,0,0,0,0
4321,2,134.0,0,0,0,0,0
4322,3,134.0,0,0,0,0,0
4323,2,134.0,0,0,0,0,0
4324,3,134.0,0,0,0,0,0
4325,2,134.0,0,0,0,0,0
4326,3,134.0,0,0,0,0,0
4327,2,134.0,0,0,0,0,0
4328,3,134.0,0,0,0,0,0
4329,2,134.0,0,0,0,0,0
4330,3,134.0,0,0,0,0,0
4331,2,134.0,0,0,0,0,0
4332,3,134.0,0,0,0,0,0
4333,2,134.0,0,0,0,0,0
4334,3,134.0,0,0,0,0,0
4335,2,134.0,0,0,0,0,0
4336,3,134.0,0,0,0,0,0
4337,2,134.0,0,0,0,0,0
4338,3,134.0,0,0,0,0,0
4339,2,134.0,0,0,0,0,0
4340,3,134.0,0,0,0,0,0
4341,2,134.0,0,0,0,0,0
4342,3,134.0,0,0,0,0,0
4343,2,134.0,0,0,0,0,0
4344,3,134.0,0,0,0,0,0
4345,2,134.0,0,0,0,0,0
4346,3,134.0,0,0,0,0,0
4347,2,134.0,0,0,0,0,0
4348,3,134.0,0,0,0,0,0
4349,2,134.0,0,0,0,0,0
4350,3,134.0,0,0,0,0,0
4351,2,134.0,0,0,0,0,0
4352,3,134.0,0,0,0,0,0
4353,2,134.0,0,0,0,0,0
4354,3,134.0,0,0,0,0,0
4355,2,134.0,0,0,0,0,0
4356,3,134.0,0,0,0,0,0
4357,2,134.0,0,0,0,0,0
4358,3,134.0,0,0,0,0,0
4359,2,134.0,0,0,0,0,0
4360,3,134.0,0,0,0,0,0
4361,2,134.0,0,0,0,0,0
4362,3,134.0,0,0,0,0,0
4363,2,134.0,0,0,0,0,0
4364,3,134.0,0,0,0,0,0
4365,2,134.0,0,0,0,0,0
4366,3,134.0,0,0,0,0,0
4367,2,134.0,0,0,0,0,0
4368,3,134.0,0,0,0,0,0
4369,2,134.0,0,0,0,0,0
4370,3,134.0,0,0,0,0,0
4371,2,134.0,0,0,0,0,0
4372,3,134.0,0,0,0,0,0
4373,2,134.0,0,0,0,0,0
4374,3,134.0,0,0,0,0,0
4375,2,134.0,0,0,0,0,0
4376,3,134.0,0,0,0,0,0
4377,2,134.0,0,0,0,0,0
4378,3,134.0,0,0,0,0,0
4379,2,134.0,0,0,0,0,0
4380,3,134.0,0,0,0,0,0
4381,2,134.0,0,0,0,0,0
4382,3,134.0,0,0,0,0,0
4383,2,134.0,0,0,0,0,0
4384,3,134.0,0,0,0,0,0
4385,2,134.0,0,0,0,0,0
4386,3,134.0,0,0,0,0,0
4387,2,134.0,0,0,0,0,0
4388,3,134.0,0,0,0,0,0
4389,2,134.0,0,0,0,0,0
4390,3,134.0,0,0,0,0,0
4391,2,134.0,0,0,0,0,0
4392,3,134.0,0,0,0,0,0
4393,2,134.0,0,0,0,0,0
4394,3,134.0,0,0,0,0,0
4395,2,134.0,0,0,0,0,0
4396,3,134.0,0,0,0,0,0
4397,2,134.0,0,0,0,0,0
4398,3,134.0,0,0,0,0,0
4399,2,134.0,0,0,0,0,0
4400,3,134.0,0,0,0,0,0
4401,2,134.0,0,0,0,0,0
4402,3,134.0,0,0,0,0,0
4403,2,134.0,0,0,0,0,0
4404,3,134.0,0,0,0,0,0
4405,2,134.0,0,0,0,0,0
4406,3,134.0,0,0,0,0,0
4407,2,134.0,0,0,0,0,0
4408,3,134.0,0,0,0,0,0
4409,2,134.0,0,0,0,0,0
4410,3,134.0,0,0,0,0,0
4411,2,134.0,0,0,0,0,0
4412,3,134.0,0,0,0,0,0
4413,2,134.0,0,0,0,0,0
4414,3,134.0,0,0,0,0,0
4415,2,134.0,0,0,0,0,0
4416,3,134.0,0,0,0,0,0
4417,2,134.0,0,0,0,0,0
4418,3,134.0,0,0,0,0,0
4419,2,134.0,0,0,0,0,0
4420,3,134.0,0,0,0,0,0
4421,2,134.0,0,0,0,0,0
4422,3,134.0,0,0,0,0,0
4423,2,134.0,0,0,0,0,0
4424,3,134.0,0,0,0,0,0
4425,2,134.0,0,0,0,0,0
4426,3,134.0,0,0,0,0,0
4427,2,134.0,0,0,0,0,0
4428,3,134.0,0,0,0,0,0
4429,2,134.0,0,0,0,0,0
4430,3,134.0,0,0,0,0,0
4431,2,134.0,0,0,0,0,0
4432,3,134.0,0,0,0,0,0
4433,2,134.0,0,0,0,0,0
4434,3,134.0,0,0,0,0,0
4435,2,134.0,0,0,0,0,0
4436,3,134.0,0,0,0,0,0
4437,2,134.0,0,0,0,0,0
4438,3,134.0,0,0,0,0,0
4439,2,134.0,0,0,0,0,0
4440,3,134.0,0,0,0,0,0
4441,2,134.0,0,0,0,0,0
4442,3,134.0,0,0,0,0,0
4443,2,134.0,0,0,0,0,0
4444,3,134.0,0,0,0,0,0
4445,2,134.0,0,0,0,0,0
4446,3,134.0,0,0,0,0,0
4447,2,134.0,0,0,0,0,0
4448,3,134.0,0,0,0,0,0
4449,2,134.0,0,0,0,0,0
4450,3,134.0,0,0,0,0,0
4451,2,134.0,0,0,0,0,0
4452,3,134.0,0,0,0,0,0
4453,2,134.0,0,0,0,0,0
4454,3,134.0,0,0,0,0,0
4455,2,134.0,0,0,0,0,0
4456,3,134.0,0,0,0,0,0
4457,2,134.0,0,0,0,0,0
4458,3,134.0,0,0,0,0,0
4459,2,134.0,0,0,0,0,0
4460,3,134.0,0,0,0,0,0
4461,2,134.0,0,0,0,0,0
4462,3,134.0,0,0,0,0,0
4463,2,134.0,0,0,0,0,0
4464,3,134.0,0,0,0,0,0
4465,2,134.0,0,0,0,0,0
4466,3,134.0,0,0,0,0,0
4467,2,134.0,0,0,0,0,0
4468,3,134.0,0,0,0,0,0
4469,2,134.0,0,0,0,0,0
4470,3,134.0,0,0,0,0,0
4471,2,134.0,0,0,0,0,0
4472,3,134.0,0,0,0,0,0
4473,2,134.0,0,0,0,0,0
4474,3,134.0,0,0,0,0,0
4475,2,134.0,0,0,0,0,0
4476,3,134.0,0,0,0,0,0
4477,2,134.0,0,0,0,0,0
4478,3,134.0,0,0,0,0,0
4479,2,134.0,0,0,0,0,0
4480,3,134.0,0,0,0,0,0
4481,2,134.0,0,0,0,0,0
4482,3,134.0,0,0,0,0,0
4483,2,134.0,0,0,0,0,0
4484,3,134.0,0,0,0,0,0
4485,2,134.0,0,0,0,0,0
4486,3,134.0,0,0,0,0,0
4487,2,134.0,0,0,0,0,0
4488,3,134.0,0,0,0,0,0
4489,2,134.0,0,0,0,0,0
4490,3,134.0,0,0,0,0,0
4491,2,134.0,0,0,0,0,0
4492,3,134.0,0,0,0,0,0
4493,2,134.0,0,0,0,0,0
4494,3,134.0,0,0,0,0,0
4495,2,134.0,0,0,0,0,0
4496,3,134.0,0,0,0,0,0
4497,2,134.0,0,0,0,0,0
4498,3,134.0,0,0,0,0,0
4499,2,134.0,0,0,0,0,0
4500,3,134.0,0,0,0,0,0
4501,2,134.0,0,0,0,0,0
4502,3,134.0,0,0,0,0,0
4503,2,134.0,0,0,0,0,0
4504,3,134.0,0,0,0,0,0
4505,2,134.0,0,0,0,0,0
4506,3,134.0,0,0,0,0,0
4507,2,134.0,0,0,0,0,0
4508,3,134.0,0,0,0,0,0
4509,2,134.0,0,0,0,0,0
4510,3,134.0,0,0,0,0,0
4511,2,134.0,0,0,0,0,0
4512,3,134.0,0,0,0,0,0
4513,2,134.0,0,0,0,0,0
4514,3,134.0,0,0,0,0,0
4515,2,134.0,0,0,0,0,0
4516,3,134.0,0,0,0,0,0
4517,2,134.0,0,0,0,0,0
4518,3,134.0,0,0,0,0,0
4519,2,134.0,0,0,0,0,0
4520,3,134.0,0,0,0,0,0
4521,2,134.0,0,0,0,0,0
4522,3,134.0,0,0,0,0,0
4523,2,134.0,0,0,0,0,0
4524,3,134.0,0,0,0,0,0
4525,2,134.0,0,0,0,0,0
4526,3,134.0,0,0,0,0,0
4527,2,134.0,0,0,0,0,0
4528,3,134.0,0,0,0,0,0
4529,2,134.0,0,0,0,0,0
4530,3,134.0,0,0,0,0,0
4531,2,134.0,0,0,0,0,0
4532,3,134.0,0,0,0,0,0
4533,2,134.0,0,0,0,0,0
4534,3,134.0,0,0,0,0,0
4535,2,134.0,0,0,0,0,0
4536,3,134.0,0,0,0,0,0
4537,2,134.0,0,0,0,0,0
4538,3,134.0,0,0,0,0,0
4539,2,134.0,0,0,0,0,0
4540,3,134.0,0,0,0,0,0
4541,2,134.0,0,0,0,0,0
4542,3,134.0,0,0,0,0,0
4543,2,134.0,0,0,0,0,0
4544,3,134.0,0,0,0,0,0
4545,2,134.0,0,0,0,0,0
4546,3,134.0,0,0,0,0,0
4547,2,134.0,0,0,0,0,0
4548,3,134.0,0,0,0,0,0
4549,2,134.0,0,0,0,0,0
4550,3,134.0,0,0,0,0,0
4551,2,134.0,0,0,0,0,0
4552,3,134.0,0,0,0,0,0
4553,2,134.0,0,0,0,0,0
4554,3,134.0,0,0,0,0,0
4555,2,134.0,0,0,0,0,0
4556,3,134.0,0,0,0,0,0
4557,2,134.0,0,0,0,0,0
4558,3,134.0,0,0,0,0,0
4559,2,134.0,0,0,0,0,0
4560,3,134.0,0,0,0,0,0
4561,2,134.0,0,0,0,0,0
4562,3,134.0,0,0,0,0,0
4563,2,134.0,0,0,0,0,0
4564,3,134.0,0,0,0,0,0
4565,2,134.0,0,0,0,0,0
4566,3,134.0,0,0,0,0,0
4567,2,134.0,0,0,0,0,0
4568,3,134.0,0,0,0,0,0
4569,2,134.0,0,0,0,0,0
4570,3,134.0,0,0,0,0,0
4571,2,134.0,0,0,0,0,0
4572,3,134.0,0,0,0,0,0
4573,2,134.0,0,0,0,0,0
4574,3,134.0,0,0,0,0,0
4575,2,134.0,0,0,0,0,0
4576,3,134.0,0,0,0,0,0
4577,2,134.0,0,0,0,0,0
4578,3,134.0,0,0,0,0,0
4579,2,134.0,0,0,0,0,0
4580,3,134.0,0,0,0,0,0
4581,2,134.0,0,0,0,0,0
4582,3,134.0,0,0,0,0,0
4583,2,134.0,0,0,0,0,0
4584,3,134.0,0,0,0,0,0
4585,2,134.0,0,0,0,0,0
4586,3,134.0,0,0,0,0,0
4587,2,134.0,0,0,0,0,0
4588,3,134.0,0,0,0,0,0
4589,2,134.0,0,0,0,0,0
4590,3,134.0,0,0,0,0,0
4591,2,134.0,0,0,0,0,0
4592,3,134.0,0,0,0,0,0
4593,2,134.0,0,0,0,0,0
4594,3,134.0,0,0,0,0,0
4595,2,134.0,0,0,0,0,0
4596,3,134.0,0,0,0,0,0
4597,2,134.0,0,0,0,0,0
4598,3,134.0,0,0,0,0,0
4599,2,134.0,0,0,0,0,0
4600,3,134.0,0,0,0,0,0
4601,2,134.0,0,0,0,0,0
4602,3,134.0,0,0,0,0,0
4603,2,134.0,0,0,0,0,0
4604,3,134.0,0,0,0,0,0
4605,2,134.0,0,0,0,0,0
4606,3,134.0,0,0,0,0,0
4607,2,134.0,0,0,0,0,0
4608,3,134.0,0,0,0,0,0
4609,2,134.0,0,0,0,0,0
