Window_Num,Num_Packets,Avg_DNP3_Length,F0_Confirm,F1_Read,F2_Write,F4_Operate,F5_DirectOperate,F6_DirectOperate_NoResp,F13_ColdRestart,F14_WarmRestart,F129_Response,F130_UnsolicitedResponse,IIN_Val_Change,Analog_Input_Change,Binary_Input_Change,Src_Port_Changed,Dst_Port_Changed
1015,6,10.0,0,0,0,0,0,0,0,0,3,3,0,0,0,0,0
1016,4,10.0,0,0,0,0,0,0,0,0,2,2,0,0,0,0,0
1017,6,10.0,0,0,0,0,0,0,0,0,3,3,0,0,0,0,0
1018,4,10.0,0,0,0,0,0,0,0,0,2,2,0,0,0,0,0
1019,5,10.0,0,0,0,0,0,0,0,0,3,2,0,0,0,0,0
1020,5,10.0,0,0,0,0,0,0,0,0,2,3,0,0,0,0,0
1021,6,23.17,0,0,0,0,0,0,0,0,4,2,0,0,0,0,0
1022,5,10.0,0,0,0,0,0,0,0,0,2,3,0,0,0,0,0
1023,4,10.0,0,0,0,0,0,0,0,0,2,2,0,0,0,0,0
1024,5,10.0,0,0,0,0,0,0,0,0,3,2,0,0,0,0,0
1025,5,10.0,0,0,0,0,0,0,0,0,2,3,0,0,0,0,0
1026,5,10.0,0,0,0,0,0,0,0,0,3,2,0,0,0,0,0
1027,5,10.0,0,0,0,0,0,0,0,0,2,3,0,0,0,0,0
1028,5,10.0,0,0,0,0,0,0,0,0,3,2,0,0,0,0,0
1029,4,10.0,0,0,0,0,0,0,0,0,2,2,0,0,0,0,0
1030,6,10.0,0,0,0,0,0,0,0,0,3,3,0,0,0,0,0
1031,4,10.0,0,0,0,0,0,0,0,0,2,2,0,0,0,0,0
1032,6,10.0,0,0,0,0,0,0,0,0,3,3,0,0,0,0,0
1033,5,25.8,0,0,0,0,0,0,0,0,3,2,0,0,0,0,0
1034,5,10.0,0,0,0,0,0,0,0,0,3,2,0,0,0,0,0
1035,5,10.0,0,0,0,0,0,0,0,0,2,3,0,0,0,0,0
1036,5,10.0,0,0,0,0,0,0,0,0,3,2,0,0,0,0,0
1037,5,10.0,0,0,0,0,0,0,0,0,2,3,0,0,0,0,0
1038,5,10.0,0,0,0,0,0,0,0,0,3,2,0,0,0,0,0
1039,4,10.0,0,0,0,0,0,0,0,0,2,2,0,0,0,0,0
1040,6,10.0,0,0,0,0,0,0,0,0,3,3,0,0,0,0,0
1041,4,10.0,0,0,0,0,0,0,0,0,2,2,0,0,0,0,0
1042,6,10.0,0,0,0,0,0,0,0,0,3,3,0,0,0,0,0
1043,4,10.0,0,0,0,0,0,0,0,0,2,2,0,0,0,0,0
1044,5,10.0,0,0,0,0,0,0,0,0,3,2,0,0,0,0,0
1045,6,23.17,0,0,0,0,0,0,0,0,3,3,0,0,0,0,0
1046,5,10.0,0,0,0,0,0,0,0,0,3,2,0,0,0,0,0
1047,5,10.0,0,0,0,0,0,0,0,0,2,3,0,0,0,0,0
1048,5,10.0,0,0,0,0,0,0,0,0,3,2,0,0,0,0,0
1049,4,10.0,0,0,0,0,0,0,0,0,2,2,0,0,0,0,0
1050,6,10.0,0,0,0,0,0,0,0,0,3,3,0,0,0,0,0
1051,4,10.0,0,0,0,0,0,0,0,0,2,2,0,0,0,0,0
1052,5,10.0,0,0,0,0,0,0,0,0,3,2,0,0,0,0,0
1053,5,10.0,0,0,0,0,0,0,0,0,2,3,0,0,0,0,0
1054,4,10.0,0,0,0,0,0,0,0,0,2,2,0,0,0,0,0
1055,6,10.0,0,0,0,0,0,0,0,0,3,3,0,0,0,0,0
1056,4,10.0,0,0,0,0,0,0,0,0,2,2,0,0,0,0,0
1057,6,23.17,0,0,0,0,0,0,0,0,4,2,0,0,0,0,0
1058,5,10.0,0,0,0,0,0,0,0,0,2,3,0,0,0,0,0
1059,5,10.0,0,0,0,0,0,0,0,0,3,2,0,0,0,0,0
1060,5,10.0,0,0,0,0,0,0,0,0,2,3,0,0,0,0,0
1061,5,10.0,0,0,0,0,0,0,0,0,3,2,0,0,0,0,0
1062,4,10.0,0,0,0,0,0,0,0,0,2,2,0,0,0,0,0
1063,6,10.0,0,0,0,0,0,0,0,0,3,3,0,0,0,0,0
1064,4,10.0,0,0,0,0,0,0,0,0,2,2,0,0,0,0,0
1065,6,10.0,0,0,0,0,0,0,0,0,3,3,0,0,0,0,0
1066,4,10.0,0,0,0,0,0,0,0,0,2,2,0,0,0,0,0
1067,5,10.0,0,0,0,0,0,0,0,0,3,2,0,0,0,0,0
1068,5,10.0,0,0,0,0,0,0,0,0,2,3,0,0,0,0,0
1069,6,23.17,0,0,0,0,0,0,0,0,4,2,0,0,0,0,0
1070,5,10.0,0,0,0,0,0,0,0,0,2,3,0,0,0,0,0
1071,5,10.0,0,0,0,0,0,0,0,0,3,2,0,0,0,0,0
1072,4,10.0,0,0,0,0,0,0,0,0,2,2,0,0,0,0,0
1073,6,10.0,0,0,0,0,0,0,0,0,3,3,0,0,0,0,0
1074,4,10.0,0,0,0,0,0,0,0,0,2,2,0,0,0,0,0
1075,6,10.0,0,0,0,0,0,0,0,0,3,3,0,0,0,0,0
1076,4,10.0,0,0,0,0,0,0,0,0,2,2,0,0,0,0,0
1077,5,10.0,0,0,0,0,0,0,0,0,3,2,0,0,0,0,0
1078,5,10.0,0,0,0,0,0,0,0,0,2,3,0,0,0,0,0
1079,5,10.0,0,0,0,0,0,0,0,0,3,2,0,0,0,0,0
1080,5,10.0,0,0,0,0,0,0,0,0,2,3,0,0,0,0,0
1081,6,23.17,0,0,0,0,0,0,0,0,4,2,0,0,0,0,0
1082,4,10.0,0,0,0,0,0,0,0,0,2,2,0,0,0,0,0
1083,6,10.0,0,0,0,0,0,0,0,0,3,3,0,0,0,0,0
1084,4,10.0,0,0,0,0,0,0,0,0,2,2,0,0,0,0,0
1085,4,10.0,0,0,0,0,0,0,0,0,2,2,0,0,0,0,0
1086,6,10.0,0,0,0,0,0,0,0,0,3,3,0,0,0,0,0
1087,4,10.0,0,0,0,0,0,0,0,0,2,2,0,0,0,0,0
1088,6,10.0,0,0,0,0,0,0,0,0,3,3,0,0,0,0,0
1089,4,10.0,0,0,0,0,0,0,0,0,2,2,0,0,0,0,0
1090,5,10.0,0,0,0,0,0,0,0,0,3,2,0,0,0,0,0
1091,5,10.0,0,0,0,0,0,0,0,0,2,3,0,0,0,0,0
1092,5,10.0,0,0,0,0,0,0,0,0,3,2,0,0,0,0,0
1093,6,23.17,0,0,0,0,0,0,0,0,3,3,0,0,0,0,0
1094,5,10.0,0,0,0,0,0,0,0,0,3,2,0,0,0,0,0
1095,4,10.0,0,0,0,0,0,0,0,0,2,2,0,0,0,0,0
1096,6,10.0,0,0,0,0,0,0,0,0,3,3,0,0,0,0,0
1097,4,10.0,0,0,0,0,0,0,0,0,2,2,0,0,0,0,0
1098,6,10.0,0,0,0,0,0,0,0,0,3,3,0,0,0,0,0
1099,4,10.0,0,0,0,0,0,0,0,0,2,2,0,0,0,0,0
1100,5,10.0,0,0,0,0,0,0,0,0,3,2,0,0,0,0,0
1101,5,10.0,0,0,0,0,0,0,0,0,2,3,0,0,0,0,0
1102,5,10.0,0,0,0,0,0,0,0,0,3,2,0,0,0,0,0
1103,5,10.0,0,0,0,0,0,0,0,0,2,3,0,0,0,0,0
1104,5,10.0,0,0,0,0,0,0,0,0,3,2,0,0,0,0,0
1105,6,23.17,0,0,0,0,0,0,0,0,3,3,0,0,0,0,0
1106,5,10.0,0,0,0,0,0,0,0,0,3,2,0,0,0,0,0
1107,4,10.0,0,0,0,0,0,0,0,0,2,2,0,0,0,0,0
1108,6,10.0,0,0,0,0,0,0,0,0,3,3,0,0,0,0,0
1109,4,10.0,0,0,0,0,0,0,0,0,2,2,0,0,0,0,0
1110,6,10.0,0,0,0,0,0,0,0,0,3,3,0,0,0,0,0
1111,4,10.0,0,0,0,0,0,0,0,0,2,2,0,0,0,0,0
1112,5,10.0,0,0,0,0,0,0,0,0,3,2,0,0,0,0,0
1113,5,10.0,0,0,0,0,0,0,0,0,2,3,0,0,0,0,0
1114,5,10.0,0,0,0,0,0,0,0,0,3,2,0,0,0,0,0
1115,4,10.0,0,0,0,0,0,0,0,0,2,2,0,0,0,0,0
1116,5,10.0,0,0,0,0,0,0,0,0,2,3,0,0,0,0,0
1117,6,23.17,0,0,0,0,0,0,0,0,4,2,0,0,0,0,0
1118,5,10.0,0,0,0,0,0,0,0,0,2,3,0,0,0,0,0
1119,5,10.0,0,0,0,0,0,0,0,0,3,2,0,0,0,0,0
1120,5,10.0,0,0,0,0,0,0,0,0,2,3,0,0,0,0,0
1121,5,10.0,0,0,0,0,0,0,0,0,3,2,0,0,0,0,0
1122,4,10.0,0,0,0,0,0,0,0,0,2,2,0,0,0,0,0
1123,6,10.0,0,0,0,0,0,0,0,0,3,3,0,0,0,0,0
1124,4,10.0,0,0,0,0,0,0,0,0,2,2,0,0,0,0,0
1125,5,10.0,0,0,0,0,0,0,0,0,3,2,0,0,0,0,0
1126,5,10.0,0,0,0,0,0,0,0,0,2,3,0,0,0,0,0
1127,5,10.0,0,0,0,0,0,0,0,0,3,2,0,0,0,0,0
1128,5,10.0,0,0,0,0,0,0,0,0,2,3,0,0,0,0,0
1129,6,23.17,0,0,0,0,0,0,0,0,4,2,0,0,0,0,0
1130,4,10.0,0,0,0,0,0,0,0,0,2,2,0,0,0,0,0
1131,6,10.0,0,0,0,0,0,0,0,0,3,3,0,0,0,0,0
1132,4,10.0,0,0,0,0,0,0,0,0,2,2,0,0,0,0,0
1133,6,10.0,0,0,0,0,0,0,0,0,3,3,0,0,0,0,0
1134,4,10.0,0,0,0,0,0,0,0,0,2,2,0,0,0,0,0
1135,5,10.0,0,0,0,0,0,0,0,0,3,2,0,0,0,0,0
1136,5,10.0,0,0,0,0,0,0,0,0,2,3,0,0,0,0,0
1137,5,10.0,0,0,0,0,0,0,0,0,3,2,0,0,0,0,0
1138,5,10.0,0,0,0,0,0,0,0,0,2,3,0,0,0,0,0
1139,5,10.0,0,0,0,0,0,0,0,0,3,2,0,0,0,0,0
1140,4,10.0,0,0,0,0,0,0,0,0,2,2,0,0,0,0,0
1141,7,21.29,0,0,0,0,0,0,0,0,4,3,0,0,0,0,0
1142,4,10.0,0,0,0,0,0,0,0,0,2,2,0,0,0,0,0
1143,6,10.0,0,0,0,0,0,0,0,0,3,3,0,0,0,0,0
1144,4,10.0,0,0,0,0,0,0,0,0,2,2,0,0,0,0,0
1145,5,10.0,0,0,0,0,0,0,0,0,3,2,0,0,0,0,0
1146,5,10.0,0,0,0,0,0,0,0,0,2,3,0,0,0,0,0
1147,4,10.0,0,0,0,0,0,0,0,0,2,2,0,0,0,0,0
1148,6,10.0,0,0,0,0,0,0,0,0,3,3,0,0,0,0,0
1149,4,10.0,0,0,0,0,0,0,0,0,2,2,0,0,0,0,0
1150,5,10.0,0,0,0,0,0,0,0,0,3,2,0,0,0,0,0
1151,5,10.0,0,0,0,0,0,0,0,0,2,3,0,0,0,0,0
1152,5,10.0,0,0,0,0,0,0,0,0,3,2,0,0,0,0,0
1153,6,23.17,0,0,0,0,0,0,0,0,3,3,0,0,0,0,0
1154,5,10.0,0,0,0,0,0,0,0,0,3,2,0,0,0,0,0
1155,4,10.0,0,0,0,0,0,0,0,0,2,2,0,0,0,0,0
1156,6,10.0,0,0,0,0,0,0,0,0,3,3,0,0,0,0,0
1157,4,10.0,0,0,0,0,0,0,0,0,2,2,0,0,0,0,0
1158,6,10.0,0,0,0,0,0,0,0,0,3,3,0,0,0,0,0
1159,4,10.0,0,0,0,0,0,0,0,0,2,2,0,0,0,0,0
1160,5,10.0,0,0,0,0,0,0,0,0,3,2,0,0,0,0,0
1161,5,10.0,0,0,0,0,0,0,0,0,2,3,0,0,0,0,0
1162,5,10.0,0,0,0,0,0,0,0,0,3,2,0,0,0,0,0
1163,5,10.0,0,0,0,0,0,0,0,0,2,3,0,0,0,0,0
1164,5,10.0,0,0,0,0,0,0,0,0,3,2,0,0,0,0,0
1165,5,25.8,0,0,0,0,0,0,0,0,3,2,0,0,0,0,0
1166,6,10.0,0,0,0,0,0,0,0,0,3,3,0,0,0,0,0
1167,4,10.0,0,0,0,0,0,0,0,0,2,2,0,0,0,0,0
1168,6,10.0,0,0,0,0,0,0,0,0,3,3,0,0,0,0,0
1169,4,10.0,0,0,0,0,0,0,0,0,2,2,0,0,0,0,0
1170,5,10.0,0,0,0,0,0,0,0,0,3,2,0,0,0,0,0
1171,5,10.0,0,0,0,0,0,0,0,0,2,3,0,0,0,0,0
1172,5,10.0,0,0,0,0,0,0,0,0,3,2,0,0,0,0,0
1173,5,10.0,0,0,0,0,0,0,0,0,2,3,0,0,0,0,0
1174,5,10.0,0,0,0,0,0,0,0,0,3,2,0,0,0,0,0
1175,4,10.0,0,0,0,0,0,0,0,0,2,2,0,0,0,0,0
1176,6,10.0,0,0,0,0,0,0,0,0,3,3,0,0,0,0,0
1177,5,25.8,0,0,0,0,0,0,0,0,3,2,0,0,0,0,0
1178,5,10.0,0,0,0,0,0,0,0,0,2,3,0,0,0,0,0
1179,5,10.0,0,0,0,0,0,0,0,0,3,2,0,0,0,0,0
1180,4,10.0,0,0,0,0,0,0,0,0,2,2,0,0,0,0,0
1181,6,10.0,0,0,0,0,0,0,0,0,3,3,0,0,0,0,0
1182,4,10.0,0,0,0,0,0,0,0,0,2,2,0,0,0,0,0
1183,5,10.0,0,0,0,0,0,0,0,0,3,2,0,0,0,0,0
1184,5,10.0,0,0,0,0,0,0,0,0,2,3,0,0,0,0,0
1185,5,10.0,0,0,0,0,0,0,0,0,3,2,0,0,0,0,0
1186,5,10.0,0,0,0,0,0,0,0,0,2,3,0,0,0,0,0
1187,5,10.0,0,0,0,0,0,0,0,0,3,2,0,0,0,0,0
1188,4,10.0,0,0,0,0,0,0,0,0,2,2,0,0,0,0,0
1189,7,21.29,0,0,0,0,0,0,0,0,4,3,0,0,0,0,0
1190,4,10.0,0,0,0,0,0,0,0,0,2,2,0,0,0,0,0
1191,6,10.0,0,0,0,0,0,0,0,0,3,3,0,0,0,0,0
1192,4,10.0,0,0,0,0,0,0,0,0,2,2,0,0,0,0,0
1193,6,10.0,0,0,0,0,0,0,0,0,3,3,0,0,0,0,0
1194,4,10.0,0,0,0,0,0,0,0,0,2,2,0,0,0,0,0
1195,5,10.0,0,0,0,0,0,0,0,0,3,2,0,0,0,0,0
1196,5,10.0,0,0,0,0,0,0,0,0,2,3,0,0,0,0,0
1197,5,10.0,0,0,0,0,0,0,0,0,3,2,0,0,0,0,0
1198,5,10.0,0,0,0,0,0,0,0,0,2,3,0,0,0,0,0
1199,5,10.0,0,0,0,0,0,0,0,0,3,2,0,0,0,0,0
1200,4,10.0,0,0,0,0,0,0,0,0,2,2,0,0,0,0,0
1201,7,21.29,0,0,0,0,0,0,0,0,4,3,0,0,0,0,0
1202,4,10.0,0,0,0,0,0,0,0,0,2,2,0,0,0,0,0
1203,5,10.0,0,0,0,0,0,0,0,0,3,2,0,0,0,0,0
1204,5,10.0,0,0,0,0,0,0,0,0,2,3,0,0,0,0,0
1205,5,10.0,0,0,0,0,0,0,0,0,3,2,0,0,0,0,0
1206,5,10.0,0,0,0,0,0,0,0,0,2,3,0,0,0,0,0
1207,5,10.0,0,0,0,0,0,0,0,0,3,2,0,0,0,0,0
1208,5,10.0,0,0,0,0,0,0,0,0,2,3,0,0,0,0,0
1209,4,10.0,0,0,0,0,0,0,0,0,2,2,0,0,0,0,0
1210,5,10.0,0,0,0,0,0,0,0,0,3,2,0,0,0,0,0
1211,5,10.0,0,0,0,0,0,0,0,0,2,3,0,0,0,0,0
1212,5,10.0,0,0,0,0,0,0,0,0,3,2,0,0,0,0,0
1213,5,25.8,0,0,0,0,0,0,0,0,3,2,0,0,0,0,0
1214,6,10.0,0,0,0,0,0,0,0,0,3,3,0,0,0,0,0
1215,4,10.0,0,0,0,0,0,0,0,0,2,2,0,0,0,0,0
1216,6,10.0,0,0,0,0,0,0,0,0,3,3,0,0,0,0,0
1217,4,10.0,0,0,0,0,0,0,0,0,2,2,0,0,0,0,0
1218,5,10.0,0,0,0,0,0,0,0,0,3,2,0,0,0,0,0
1219,5,10.0,0,0,0,0,0,0,0,0,2,3,0,0,0,0,0
1220,5,10.0,0,0,0,0,0,0,0,0,3,2,0,0,0,0,0
1221,5,10.0,0,0,0,0,0,0,0,0,2,3,0,0,0,0,0
1222,5,10.0,0,0,0,0,0,0,0,0,3,2,0,0,0,0,0
1223,4,10.0,0,0,0,0,0,0,0,0,2,2,0,0,0,0,0
1224,6,10.0,0,0,0,0,0,0,0,0,3,3,0,0,0,0,0
1225,5,25.8,0,0,0,0,0,0,0,0,3,2,0,0,0,0,0
1226,6,10.0,0,0,0,0,0,0,0,0,3,3,0,0,0,0,0
1227,4,10.0,0,0,0,0,0,0,0,0,2,2,0,0,0,0,0
1228,5,10.0,0,0,0,0,0,0,0,0,3,2,0,0,0,0,0
1229,5,10.0,0,0,0,0,0,0,0,0,2,3,0,0,0,0,0
1230,5,10.0,0,0,0,0,0,0,0,0,3,2,0,0,0,0,0
1231,5,10.0,0,0,0,0,0,0,0,0,2,3,0,0,0,0,0
1232,5,10.0,0,0,0,0,0,0,0,0,3,2,0,0,0,0,0
1233,4,10.0,0,0,0,0,0,0,0,0,2,2,0,0,0,0,0
1234,6,10.0,0,0,0,0,0,0,0,0,3,3,0,0,0,0,0
1235,4,10.0,0,0,0,0,0,0,0,0,2,2,0,0,0,0,0
1236,6,10.0,0,0,0,0,0,0,0,0,3,3,0,0,0,0,0
1237,5,25.8,0,0,0,0,0,0,0,0,3,2,0,0,0,0,0
1238,5,10.0,0,0,0,0,0,0,0,0,3,2,0,0,0,0,0
1239,5,10.0,0,0,0,0,0,0,0,0,2,3,0,0,0,0,0
1240,4,10.0,0,0,0,0,0,0,0,0,2,2,0,0,0,0,0
1241,6,10.0,0,0,0,0,0,0,0,0,3,3,0,0,0,0,0
1242,4,10.0,0,0,0,0,0,0,0,0,2,2,0,0,0,0,0
1243,5,10.0,0,0,0,0,0,0,0,0,3,2,0,0,0,0,0
1244,5,10.0,0,0,0,0,0,0,0,0,2,3,0,0,0,0,0
1245,5,10.0,0,0,0,0,0,0,0,0,3,2,0,0,0,0,0
1246,5,10.0,0,0,0,0,0,0,0,0,2,3,0,0,0,0,0
1247,5,10.0,0,0,0,0,0,0,0,0,3,2,0,0,0,0,0
1248,4,10.0,0,0,0,0,0,0,0,0,2,2,0,0,0,0,0
1249,7,21.29,0,0,0,0,0,0,0,0,4,3,0,0,0,0,0
1250,4,10.0,0,0,0,0,0,0,0,0,2,2,0,0,0,0,0
1251,6,10.0,0,0,0,0,0,0,0,0,3,3,0,0,0,0,0
1252,4,10.0,0,0,0,0,0,0,0,0,2,2,0,0,0,0,0
1253,5,10.0,0,0,0,0,0,0,0,0,3,2,0,0,0,0,0
1254,5,10.0,0,0,0,0,0,0,0,0,2,3,0,0,0,0,0
1255,5,10.0,0,0,0,0,0,0,0,0,3,2,0,0,0,0,0
1256,5,10.0,0,0,0,0,0,0,0,0,2,3,0,0,0,0,0
1257,5,10.0,0,0,0,0,0,0,0,0,3,2,0,0,0,0,0
1258,4,10.0,0,0,0,0,0,0,0,0,2,2,0,0,0,0,0
1259,6,10.0,0,0,0,0,0,0,0,0,3,3,0,0,0,0,0
1260,4,10.0,0,0,0,0,0,0,0,0,2,2,0,0,0,0,0
1261,7,21.29,0,0,0,0,0,0,0,0,4,3,0,0,0,0,0
1262,4,10.0,0,0,0,0,0,0,0,0,2,2,0,0,0,0,0
1263,5,10.0,0,0,0,0,0,0,0,0,3,2,0,0,0,0,0
1264,5,10.0,0,0,0,0,0,0,0,0,2,3,0,0,0,0,0
1265,5,10.0,0,0,0,0,0,0,0,0,3,2,0,0,0,0,0
1266,5,10.0,0,0,0,0,0,0,0,0,2,3,0,0,0,0,0
1267,5,10.0,0,0,0,0,0,0,0,0,3,2,0,0,0,0,0
1268,4,10.0,0,0,0,0,0,0,0,0,2,2,0,0,0,0,0
1269,6,10.0,0,0,0,0,0,0,0,0,3,3,0,0,0,0,0
1270,4,10.0,0,0,0,0,0,0,0,0,2,2,0,0,0,0,0
1271,5,10.0,0,0,0,0,0,0,0,0,2,3,0,0,0,0,0
1272,5,10.0,0,0,0,0,0,0,0,0,3,2,0,0,0,0,0
1273,5,25.8,0,0,0,0,0,0,0,0,3,2,0,0,0,0,0
1274,6,10.0,0,0,0,0,0,0,0,0,3,3,0,0,0,0,0
1275,4,10.0,0,0,0,0,0,0,0,0,2,2,0,0,0,0,0
1276,5,10.0,0,0,0,0,0,0,0,0,3,2,0,0,0,0,0
1277,5,10.0,0,0,0,0,0,0,0,0,2,3,0,0,0,0,0
1278,5,10.0,0,0,0,0,0,0,0,0,3,2,0,0,0,0,0
1279,5,10.0,0,0,0,0,0,0,0,0,2,3,0,0,0,0,0
1280,5,10.0,0,0,0,0,0,0,0,0,3,2,0,0,0,0,0
1281,5,10.0,0,0,0,0,0,0,0,0,2,3,0,0,0,0,0
1282,5,10.0,0,0,0,0,0,0,0,0,3,2,0,0,0,0,0
1283,4,10.0,0,0,0,0,0,0,0,0,2,2,0,0,0,0,0
1284,6,10.0,0,0,0,0,0,0,0,0,3,3,0,0,0,0,0
1285,5,25.8,0,0,0,0,0,0,0,0,3,2,0,0,0,0,0
1286,5,10.0,0,0,0,0,0,0,0,0,3,2,0,0,0,0,0
1287,5,10.0,0,0,0,0,0,0,0,0,2,3,0,0,0,0,0
1288,5,10.0,0,0,0,0,0,0,0,0,3,2,0,0,0,0,0
1289,5,10.0,0,0,0,0,0,0,0,0,2,3,0,0,0,0,0
1290,5,10.0,0,0,0,0,0,0,0,0,3,2,0,0,0,0,0
1291,4,10.0,0,0,0,0,0,0,0,0,2,2,0,0,0,0,0
1292,6,10.0,0,0,0,0,0,0,0,0,3,3,0,0,0,0,0
1293,4,10.0,0,0,0,0,0,0,0,0,2,2,0,0,0,0,0
1294,6,10.0,0,0,0,0,0,0,0,0,3,3,0,0,0,0,0
1295,4,10.0,0,0,0,0,0,0,0,0,2,2,0,0,0,0,0
1296,5,10.0,0,0,0,0,0,0,0,0,3,2,0,0,0,0,0
1297,6,23.17,0,0,0,0,0,0,0,0,3,3,0,0,0,0,0
1298,5,10.0,0,0,0,0,0,0,0,0,3,2,0,0,0,0,0
1299,5,10.0,0,0,0,0,0,0,0,0,2,3,0,0,0,0,0
1300,5,10.0,0,0,0,0,0,0,0,0,3,2,0,0,0,0,0
1301,4,10.0,0,0,0,0,0,0,0,0,2,2,0,0,0,0,0
1302,5,10.0,0,0,0,0,0,0,0,0,2,3,0,0,0,0,0
1303,5,10.0,0,0,0,0,0,0,0,0,3,2,0,0,0,0,0
1304,4,10.0,0,0,0,0,0,0,0,0,2,2,0,0,0,0,0
1305,6,10.0,0,0,0,0,0,0,0,0,3,3,0,0,0,0,0
1306,4,10.0,0,0,0,0,0,0,0,0,2,2,0,0,0,0,0
1307,6,10.0,0,0,0,0,0,0,0,0,3,3,0,0,0,0,0
1308,4,10.0,0,0,0,0,0,0,0,0,2,2,0,0,0,0,0
1309,7,21.29,0,0,0,0,0,0,0,0,4,3,0,0,0,0,0
1310,4,10.0,0,0,0,0,0,0,0,0,2,2,0,0,0,0,0
1311,5,10.0,0,0,0,0,0,0,0,0,3,2,0,0,0,0,0
1312,5,10.0,0,0,0,0,0,0,0,0,2,3,0,0,0,0,0
1313,5,10.0,0,0,0,0,0,0,0,0,3,2,0,0,0,0,0
1314,5,10.0,0,0,0,0,0,0,0,0,2,3,0,0,0,0,0
1315,5,10.0,0,0,0,0,0,0,0,0,3,2,0,0,0,0,0
1316,4,10.0,0,0,0,0,0,0,0,0,2,2,0,0,0,0,0
1317,6,10.0,0,0,0,0,0,0,0,0,3,3,0,0,0,0,0
1318,4,10.0,0,0,0,0,0,0,0,0,2,2,0,0,0,0,0
1319,6,10.0,0,0,0,0,0,0,0,0,3,3,0,0,0,0,0
1320,4,10.0,0,0,0,0,0,0,0,0,2,2,0,0,0,0,0
1321,6,23.17,0,0,0,0,0,0,0,0,4,2,0,0,0,0,0
1322,5,10.0,0,0,0,0,0,0,0,0,2,3,0,0,0,0,0
1323,5,10.0,0,0,0,0,0,0,0,0,3,2,0,0,0,0,0
1324,5,10.0,0,0,0,0,0,0,0,0,2,3,0,0,0,0,0
1325,5,10.0,0,0,0,0,0,0,0,0,3,2,0,0,0,0,0
1326,4,10.0,0,0,0,0,0,0,0,0,2,2,0,0,0,0,0
1327,6,10.0,0,0,0,0,0,0,0,0,3,3,0,0,0,0,0
1328,4,10.0,0,0,0,0,0,0,0,0,2,2,0,0,0,0,0
1329,5,10.0,0,0,0,0,0,0,0,0,3,2,0,0,0,0,0
1330,5,10.0,0,0,0,0,0,0,0,0,2,3,0,0,0,0,0
1331,5,10.0,0,0,0,0,0,0,0,0,3,2,0,0,0,0,0
1332,5,10.0,0,0,0,0,0,0,0,0,2,3,0,0,0,0,0
1333,4,10.0,0,0,0,0,0,0,0,0,2,2,0,0,0,0,0
1334,7,21.29,0,0,0,0,0,0,0,0,4,3,0,0,0,0,0
1335,4,10.0,0,0,0,0,0,0,0,0,2,2,0,0,0,0,0
1336,5,10.0,0,0,0,0,0,0,0,0,3,2,0,0,0,0,0
1337,5,10.0,0,0,0,0,0,0,0,0,2,3,0,0,0,0,0
1338,5,10.0,0,0,0,0,0,0,0,0,3,2,0,0,0,0,0
1339,4,10.0,0,0,0,0,0,0,0,0,2,2,0,0,0,0,0
1340,6,10.0,0,0,0,0,0,0,0,0,3,3,0,0,0,0,0
1341,4,10.0,0,0,0,0,0,0,0,0,2,2,0,0,0,0,0
1342,6,10.0,0,0,0,0,0,0,0,0,3,3,0,0,0,0,0
1343,4,10.0,0,0,0,0,0,0,0,0,2,2,0,0,0,0,0
1344,5,10.0,0,0,0,0,0,0,0,0,3,2,0,0,0,0,0
1345,5,10.0,0,0,0,0,0,0,0,0,2,3,0,0,0,0,0
1346,6,23.17,0,0,0,0,0,0,0,0,4,2,0,0,0,0,0
1347,5,10.0,0,0,0,0,0,0,0,0,2,3,0,0,0,0,0
1348,5,10.0,0,0,0,0,0,0,0,0,3,2,0,0,0,0,0
1349,4,10.0,0,0,0,0,0,0,0,0,2,2,0,0,0,0,0
1350,6,10.0,0,0,0,0,0,0,0,0,3,3,0,0,0,0,0
1351,4,10.0,0,0,0,0,0,0,0,0,2,2,0,0,0,0,0
1352,6,10.0,0,0,0,0,0,0,0,0,3,3,0,0,0,0,0
1353,4,10.0,0,0,0,0,0,0,0,0,2,2,0,0,0,0,0
1354,5,10.0,0,0,0,0,0,0,0,0,3,2,0,0,0,0,0
1355,5,10.0,0,0,0,0,0,0,0,0,2,3,0,0,0,0,0
1356,5,10.0,0,0,0,0,0,0,0,0,3,2,0,0,0,0,0
1357,5,10.0,0,0,0,0,0,0,0,0,2,3,0,0,0,0,0
1358,6,23.17,0,0,0,0,0,0,0,0,4,2,0,0,0,0,0
1359,4,10.0,0,0,0,0,0,0,0,0,2,2,0,0,0,0,0
1360,6,10.0,0,0,0,0,0,0,0,0,3,3,0,0,0,0,0
1361,4,10.0,0,0,0,0,0,0,0,0,2,2,0,0,0,0,0
1362,6,10.0,0,0,0,0,0,0,0,0,3,3,0,0,0,0,0
1363,4,10.0,0,0,0,0,0,0,0,0,2,2,0,0,0,0,0
1364,4,10.0,0,0,0,0,0,0,0,0,2,2,0,0,0,0,0
1365,6,10.0,0,0,0,0,0,0,0,0,3,3,0,0,0,0,0
1366,4,10.0,0,0,0,0,0,0,0,0,2,2,0,0,0,0,0
1367,6,10.0,0,0,0,0,0,0,0,0,3,3,0,0,0,0,0
1368,4,10.0,0,0,0,0,0,0,0,0,2,2,0,0,0,0,0
1369,5,10.0,0,0,0,0,0,0,0,0,3,2,0,0,0,0,0
1370,6,23.17,0,0,0,0,0,0,0,0,3,3,0,0,0,0,0
1371,5,10.0,0,0,0,0,0,0,0,0,3,2,0,0,0,0,0
1372,5,10.0,0,0,0,0,0,0,0,0,2,3,0,0,0,0,0
1373,5,10.0,0,0,0,0,0,0,0,0,3,2,0,0,0,0,0
1374,4,10.0,0,0,0,0,0,0,0,0,2,2,0,0,0,0,0
1375,6,10.0,0,0,0,0,0,0,0,0,3,3,0,0,0,0,0
1376,4,10.0,0,0,0,0,0,0,0,0,2,2,0,0,0,0,0
1377,5,10.0,0,0,0,0,0,0,0,0,3,2,0,0,0,0,0
1378,5,10.0,0,0,0,0,0,0,0,0,2,3,0,0,0,0,0
1379,5,10.0,0,0,0,0,0,0,0,0,3,2,0,0,0,0,0
1380,5,10.0,0,0,0,0,0,0,0,0,2,3,0,0,0,0,0
1381,5,10.0,0,0,0,0,0,0,0,0,3,2,0,0,0,0,0
1382,5,25.8,0,0,0,0,0,0,0,0,3,2,0,0,0,0,0
1383,6,10.0,0,0,0,0,0,0,0,0,3,3,0,0,0,0,0
1384,4,10.0,0,0,0,0,0,0,0,0,2,2,0,0,0,0,0
1385,6,10.0,0,0,0,0,0,0,0,0,3,3,0,0,0,0,0
1386,4,10.0,0,0,0,0,0,0,0,0,2,2,0,0,0,0,0
1387,5,10.0,0,0,0,0,0,0,0,0,3,2,0,0,0,0,0
1388,5,10.0,0,0,0,0,0,0,0,0,2,3,0,0,0,0,0
1389,5,10.0,0,0,0,0,0,0,0,0,3,2,0,0,0,0,0
1390,5,10.0,0,0,0,0,0,0,0,0,2,3,0,0,0,0,0
1391,5,10.0,0,0,0,0,0,0,0,0,3,2,0,0,0,0,0
1392,4,10.0,0,0,0,0,0,0,0,0,2,2,0,0,0,0,0
1393,6,10.0,0,0,0,0,0,0,0,0,3,3,0,0,0,0,0
1394,5,25.8,0,0,0,0,0,0,0,0,3,2,0,0,0,0,0
1395,5,10.0,0,0,0,0,0,0,0,0,2,3,0,0,0,0,0
1396,5,10.0,0,0,0,0,0,0,0,0,3,2,0,0,0,0,0
1397,4,10.0,0,0,0,0,0,0,0,0,2,2,0,0,0,0,0
1398,6,10.0,0,0,0,0,0,0,0,0,3,3,0,0,0,0,0
1399,4,10.0,0,0,0,0,0,0,0,0,2,2,0,0,0,0,0
1400,6,10.0,0,0,0,0,0,0,0,0,3,3,0,0,0,0,0
1401,4,10.0,0,0,0,0,0,0,0,0,2,2,0,0,0,0,0
1402,5,10.0,0,0,0,0,0,0,0,0,3,2,0,0,0,0,0
1403,5,10.0,0,0,0,0,0,0,0,0,2,3,0,0,0,0,0
1404,5,10.0,0,0,0,0,0,0,0,0,3,2,0,0,0,0,0
1405,5,10.0,0,0,0,0,0,0,0,0,2,3,0,0,0,0,0
1406,6,23.17,0,0,0,0,0,0,0,0,4,2,0,0,0,0,0
1407,4,10.0,0,0,0,0,0,0,0,0,2,2,0,0,0,0,0
1408,6,10.0,0,0,0,0,0,0,0,0,3,3,0,0,0,0,0
1409,4,10.0,0,0,0,0,0,0,0,0,2,2,0,0,0,0,0
1410,6,10.0,0,0,0,0,0,0,0,0,3,3,0,0,0,0,0
1411,4,10.0,0,0,0,0,0,0,0,0,2,2,0,0,0,0,0
1412,5,10.0,0,0,0,0,0,0,0,0,3,2,0,0,0,0,0
1413,5,10.0,0,0,0,0,0,0,0,0,2,3,0,0,0,0,0
1414,5,10.0,0,0,0,0,0,0,0,0,3,2,0,0,0,0,0
1415,5,10.0,0,0,0,0,0,0,0,0,2,3,0,0,0,0,0
1416,5,10.0,0,0,0,0,0,0,0,0,3,2,0,0,0,0,0
1417,4,10.0,0,0,0,0,0,0,0,0,2,2,0,0,0,0,0
1418,7,21.29,0,0,0,0,0,0,0,0,4,3,0,0,0,0,0
1419,4,10.0,0,0,0,0,0,0,0,0,2,2,0,0,0,0,0
1420,6,10.0,0,0,0,0,0,0,0,0,3,3,0,0,0,0,0
1421,4,10.0,0,0,0,0,0,0,0,0,2,2,0,0,0,0,0
1422,6,10.0,0,0,0,0,0,0,0,0,3,3,0,0,0,0,0
1423,4,10.0,0,0,0,0,0,0,0,0,2,2,0,0,0,0,0
1424,5,10.0,0,0,0,0,0,0,0,0,3,2,0,0,0,0,0
1425,5,10.0,0,0,0,0,0,0,0,0,2,3,0,0,0,0,0
1426,4,10.0,0,0,0,0,0,0,0,0,2,2,0,0,0,0,0
1427,5,10.0,0,0,0,0,0,0,0,0,3,2,0,0,0,0,0
1428,5,10.0,0,0,0,0,0,0,0,0,2,3,0,0,0,0,0
1429,5,10.0,0,0,0,0,0,0,0,0,3,2,0,0,0,0,0
1430,6,23.17,0,0,0,0,0,0,0,0,3,3,0,0,0,0,0
1431,5,10.0,0,0,0,0,0,0,0,0,3,2,0,0,0,0,0
1432,4,10.0,0,0,0,0,0,0,0,0,2,2,0,0,0,0,0
1433,6,10.0,0,0,0,0,0,0,0,0,3,3,0,0,0,0,0
1434,4,10.0,0,0,0,0,0,0,0,0,2,2,0,0,0,0,0
1435,6,10.0,0,0,0,0,0,0,0,0,3,3,0,0,0,0,0
1436,4,10.0,0,0,0,0,0,0,0,0,2,2,0,0,0,0,0
1437,5,10.0,0,0,0,0,0,0,0,0,3,2,0,0,0,0,0
1438,5,10.0,0,0,0,0,0,0,0,0,2,3,0,0,0,0,0
1439,5,10.0,0,0,0,0,0,0,0,0,3,2,0,0,0,0,0
1440,5,10.0,0,0,0,0,0,0,0,0,2,3,0,0,0,0,0
1441,5,10.0,0,0,0,0,0,0,0,0,3,2,0,0,0,0,0
1442,5,25.8,0,0,0,0,0,0,0,0,3,2,0,0,0,0,0
1443,6,10.0,0,0,0,0,0,0,0,0,3,3,0,0,0,0,0
1444,4,10.0,0,0,0,0,0,0,0,0,2,2,0,0,0,0,0
1445,6,10.0,0,0,0,0,0,0,0,0,3,3,0,0,0,0,0
1446,4,10.0,0,0,0,0,0,0,0,0,2,2,0,0,0,0,0
1447,5,10.0,0,0,0,0,0,0,0,0,3,2,0,0,0,0,0
1448,5,10.0,0,0,0,0,0,0,0,0,2,3,0,0,0,0,0
1449,5,10.0,0,0,0,0,0,0,0,0,3,2,0,0,0,0,0
1450,5,10.0,0,0,0,0,0,0,0,0,2,3,0,0,0,0,0
1451,5,10.0,0,0,0,0,0,0,0,0,3,2,0,0,0,0,0
1452,4,10.0,0,0,0,0,0,0,0,0,2,2,0,0,0,0,0
1453,6,10.0,0,0,0,0,0,0,0,0,3,3,0,0,0,0,0
1454,5,25.8,0,0,0,0,0,0,0,0,3,2,0,0,0,0,0
1455,6,10.0,0,0,0,0,0,0,0,0,3,3,0,0,0,0,0
1456,4,10.0,0,0,0,0,0,0,0,0,2,2,0,0,0,0,0
1457,4,10.0,0,0,0,0,0,0,0,0,2,2,0,0,0,0,0
1458,6,10.0,0,0,0,0,0,0,0,0,3,3,0,0,0,0,0
1459,4,10.0,0,0,0,0,0,0,0,0,2,2,0,0,0,0,0
1460,6,10.0,0,0,0,0,0,0,0,0,3,3,0,0,0,0,0
1461,4,10.0,0,0,0,0,0,0,0,0,2,2,0,0,0,0,0
1462,5,10.0,0,0,0,0,0,0,0,0,3,2,0,0,0,0,0
1463,5,10.0,0,0,0,0,0,0,0,0,2,3,0,0,0,0,0
1464,5,10.0,0,0,0,0,0,0,0,0,3,2,0,0,0,0,0
1465,4,10.0,0,0,0,0,0,0,0,0,2,2,0,0,0,0,0
1466,6,23.17,0,0,0,0,0,0,0,0,3,3,0,0,0,0,0
1467,4,10.0,0,0,0,0,0,0,0,0,2,2,0,0,0,0,0
1468,6,10.0,0,0,0,0,0,0,0,0,3,3,0,0,0,0,0
1469,4,10.0,0,0,0,0,0,0,0,0,2,2,0,0,0,0,0
1470,5,10.0,0,0,0,0,0,0,0,0,3,2,0,0,0,0,0
1471,5,10.0,0,0,0,0,0,0,0,0,2,3,0,0,0,0,0
1472,5,10.0,0,0,0,0,0,0,0,0,3,2,0,0,0,0,0
1473,5,10.0,0,0,0,0,0,0,0,0,2,3,0,0,0,0,0
1474,5,10.0,0,0,0,0,0,0,0,0,3,2,0,0,0,0,0
1475,4,10.0,0,0,0,0,0,0,0,0,2,2,0,0,0,0,0
1476,6,10.0,0,0,0,0,0,0,0,0,3,3,0,0,0,0,0
1477,4,10.0,0,0,0,0,0,0,0,0,2,2,0,0,0,0,0
1478,7,21.29,0,0,0,0,0,0,0,0,4,3,0,0,0,0,0
1479,4,10.0,0,0,0,0,0,0,0,0,2,2,0,0,0,0,0
1480,5,10.0,0,0,0,0,0,0,0,0,3,2,0,0,0,0,0
1481,5,10.0,0,0,0,0,0,0,0,0,2,3,0,0,0,0,0
1482,5,10.0,0,0,0,0,0,0,0,0,3,2,0,0,0,0,0
1483,5,10.0,0,0,0,0,0,0,0,0,2,3,0,0,0,0,0
1484,5,10.0,0,0,0,0,0,0,0,0,3,2,0,0,0,0,0
1485,4,10.0,0,0,0,0,0,0,0,0,2,2,0,0,0,0,0
1486,6,10.0,0,0,0,0,0,0,0,0,3,3,0,0,0,0,0
1487,4,10.0,0,0,0,0,0,0,0,0,2,2,0,0,0,0,0
1488,5,10.0,0,0,0,0,0,0,0,0,2,3,0,0,0,0,0
1489,5,10.0,0,0,0,0,0,0,0,0,3,2,0,0,0,0,0
1490,5,25.8,0,0,0,0,0,0,0,0,3,2,0,0,0,0,0
1491,6,10.0,0,0,0,0,0,0,0,0,3,3,0,0,0,0,0
1492,4,10.0,0,0,0,0,0,0,0,0,2,2,0,0,0,0,0
1493,6,10.0,0,0,0,0,0,0,0,0,3,3,0,0,0,0,0
1494,4,10.0,0,0,0,0,0,0,0,0,2,2,0,0,0,0,0
1495,5,10.0,0,0,0,0,0,0,0,0,3,2,0,0,0,0,0
1496,5,10.0,0,0,0,0,0,0,0,0,2,3,0,0,0,0,0
1497,5,10.0,0,0,0,0,0,0,0,0,3,2,0,0,0,0,0
1498,5,10.0,0,0,0,0,0,0,0,0,2,3,0,0,0,0,0
1499,5,10.0,0,0,0,0,0,0,0,0,3,2,0,0,0,0,0
1500,4,10.0,0,0,0,0,0,0,0,0,2,2,0,0,0,0,0
1501,6,10.0,0,0,0,0,0,0,0,0,3,3,0,0,0,0,0
1502,5,25.8,0,0,0,0,0,0,0,0,3,2,0,0,0,0,0
1503,6,10.0,0,0,0,0,0,0,0,0,3,3,0,0,0,0,0
1504,4,10.0,0,0,0,0,0,0,0,0,2,2,0,0,0,0,0
1505,5,10.0,0,0,0,0,0,0,0,0,3,2,0,0,0,0,0
1506,5,10.0,0,0,0,0,0,0,0,0,2,3,0,0,0,0,0
1507,5,10.0,0,0,0,0,0,0,0,0,3,2,0,0,0,0,0
1508,4,10.0,0,0,0,0,0,0,0,0,2,2,0,0,0,0,0
1509,6,10.0,0,0,0,0,0,0,0,0,3,3,0,0,0,0,0
1510,4,10.0,0,0,0,0,0,0,0,0,2,2,0,0,0,0,0
1511,6,10.0,0,0,0,0,0,0,0,0,3,3,0,0,0,0,0
1512,4,10.0,0,0,0,0,0,0,0,0,2,2,0,0,0,0,0
1513,5,10.0,0,0,0,0,0,0,0,0,3,2,0,0,0,0,0
1514,6,23.17,0,0,0,0,0,0,0,0,3,3,0,0,0,0,0
1515,5,10.0,0,0,0,0,0,0,0,0,3,2,0,0,0,0,0
1516,5,10.0,0,0,0,0,0,0,0,0,2,3,0,0,0,0,0
1517,5,10.0,0,0,0,0,0,0,0,0,3,2,0,0,0,0,0
1518,4,10.0,0,0,0,0,0,0,0,0,2,2,0,0,0,0,0
1519,5,10.0,0,0,0,0,0,0,0,0,2,3,0,0,0,0,0
1520,5,10.0,0,0,0,0,0,0,0,0,3,2,0,0,0,0,0
1521,5,10.0,0,0,0,0,0,0,0,0,2,3,0,0,0,0,0
1522,5,10.0,0,0,0,0,0,0,0,0,3,2,0,0,0,0,0
1523,4,10.0,0,0,0,0,0,0,0,0,2,2,0,0,0,0,0
1524,6,10.0,0,0,0,0,0,0,0,0,3,3,0,0,0,0,0
1525,4,10.0,0,0,0,0,0,0,0,0,2,2,0,0,0,0,0
1526,7,21.29,0,0,0,0,0,0,0,0,4,3,0,0,0,0,0
1527,4,10.0,0,0,0,0,0,0,0,0,2,2,0,0,0,0,0
1528,6,10.0,0,0,0,0,0,0,0,0,3,3,0,0,0,0,0
1529,4,10.0,0,0,0,0,0,0,0,0,2,2,0,0,0,0,0
1530,5,10.0,0,0,0,0,0,0,0,0,3,2,0,0,0,0,0
1531,5,10.0,0,0,0,0,0,0,0,0,2,3,0,0,0,0,0
1532,5,10.0,0,0,0,0,0,0,0,0,3,2,0,0,0,0,0
1533,5,10.0,0,0,0,0,0,0,0,0,2,3,0,0,0,0,0
1534,5,10.0,0,0,0,0,0,0,0,0,3,2,0,0,0,0,0
1535,4,10.0,0,0,0,0,0,0,0,0,2,2,0,0,0,0,0
1536,6,10.0,0,0,0,0,0,0,0,0,3,3,0,0,0,0,0
1537,4,10.0,0,0,0,0,0,0,0,0,2,2,0,0,0,0,0
1538,7,21.29,0,0,0,0,0,0,0,0,4,3,0,0,0,0,0
1539,4,10.0,0,0,0,0,0,0,0,0,2,2,0,0,0,0,0
1540,5,10.0,0,0,0,0,0,0,0,0,3,2,0,0,0,0,0
1541,5,10.0,0,0,0,0,0,0,0,0,2,3,0,0,0,0,0
1542,5,10.0,0,0,0,0,0,0,0,0,3,2,0,0,0,0,0
1543,5,10.0,0,0,0,0,0,0,0,0,2,3,0,0,0,0,0
1544,5,10.0,0,0,0,0,0,0,0,0,3,2,0,0,0,0,0
1545,4,10.0,0,0,0,0,0,0,0,0,2,2,0,0,0,0,0
1546,6,10.0,0,0,0,0,0,0,0,0,3,3,0,0,0,0,0
1547,4,10.0,0,0,0,0,0,0,0,0,2,2,0,0,0,0,0
1548,6,10.0,0,0,0,0,0,0,0,0,3,3,0,0,0,0,0
1549,4,10.0,0,0,0,0,0,0,0,0,2,2,0,0,0,0,0
1550,5,25.8,0,0,0,0,0,0,0,0,3,2,0,0,0,0,0
1551,6,10.0,0,0,0,0,0,0,0,0,3,3,0,0,0,0,0
1552,4,10.0,0,0,0,0,0,0,0,0,2,2,0,0,0,0,0
1553,6,10.0,0,0,0,0,0,0,0,0,3,3,0,0,0,0,0
1554,4,10.0,0,0,0,0,0,0,0,0,2,2,0,0,0,0,0
1555,5,10.0,0,0,0,0,0,0,0,0,3,2,0,0,0,0,0
1556,5,10.0,0,0,0,0,0,0,0,0,2,3,0,0,0,0,0
1557,5,10.0,0,0,0,0,0,0,0,0,3,2,0,0,0,0,0
1558,5,10.0,0,0,0,0,0,0,0,0,2,3,0,0,0,0,0
1559,5,10.0,0,0,0,0,0,0,0,0,3,2,0,0,0,0,0
1560,4,10.0,0,0,0,0,0,0,0,0,2,2,0,0,0,0,0
1561,6,10.0,0,0,0,0,0,0,0,0,3,3,0,0,0,0,0
1562,5,25.8,0,0,0,0,0,0,0,0,3,2,0,0,0,0,0
1563,6,10.0,0,0,0,0,0,0,0,0,3,3,0,0,0,0,0
1564,4,10.0,0,0,0,0,0,0,0,0,2,2,0,0,0,0,0
1565,5,10.0,0,0,0,0,0,0,0,0,3,2,0,0,0,0,0
1566,5,10.0,0,0,0,0,0,0,0,0,2,3,0,0,0,0,0
1567,5,10.0,0,0,0,0,0,0,0,0,3,2,0,0,0,0,0
1568,5,10.0,0,0,0,0,0,0,0,0,2,3,0,0,0,0,0
1569,5,10.0,0,0,0,0,0,0,0,0,3,2,0,0,0,0,0
1570,4,10.0,0,0,0,0,0,0,0,0,2,2,0,0,0,0,0
1571,6,10.0,0,0,0,0,0,0,0,0,3,3,0,0,0,0,0
1572,4,10.0,0,0,0,0,0,0,0,0,2,2,0,0,0,0,0
1573,6,10.0,0,0,0,0,0,0,0,0,3,3,0,0,0,0,0
1574,5,25.8,0,0,0,0,0,0,0,0,3,2,0,0,0,0,0
1575,5,10.0,0,0,0,0,0,0,0,0,3,2,0,0,0,0,0
1576,5,10.0,0,0,0,0,0,0,0,0,2,3,0,0,0,0,0
1577,5,10.0,0,0,0,0,0,0,0,0,3,2,0,0,0,0,0
1578,5,10.0,0,0,0,0,0,0,0,0,2,3,0,0,0,0,0
1579,5,10.0,0,0,0,0,0,0,0,0,3,2,0,0,0,0,0
1580,4,10.0,0,0,0,0,0,0,0,0,2,2,0,0,0,0,0
1581,5,10.0,0,0,0,0,0,0,0,0,2,3,0,0,0,0,0
1582,5,10.0,0,0,0,0,0,0,0,0,3,2,0,0,0,0,0
1583,5,10.0,0,0,0,0,0,0,0,0,2,3,0,0,0,0,0
1584,5,10.0,0,0,0,0,0,0,0,0,3,2,0,0,0,0,0
1585,4,10.0,0,0,0,0,0,0,0,0,2,2,0,0,0,0,0
1586,7,21.29,0,0,0,0,0,0,0,0,4,3,0,0,0,0,0
1587,4,10.0,0,0,0,0,0,0,0,0,2,2,0,0,0,0,0
1588,6,10.0,0,0,0,0,0,0,0,0,3,3,0,0,0,0,0
1589,4,10.0,0,0,0,0,0,0,0,0,2,2,0,0,0,0,0
1590,5,10.0,0,0,0,0,0,0,0,0,3,2,0,0,0,0,0
1591,5,10.0,0,0,0,0,0,0,0,0,2,3,0,0,0,0,0
1592,5,10.0,0,0,0,0,0,0,0,0,3,2,0,0,0,0,0
1593,4,10.0,0,0,0,0,0,0,0,0,2,2,0,0,0,0,0
1594,6,10.0,0,0,0,0,0,0,0,0,3,3,0,0,0,0,0
1595,4,10.0,0,0,0,0,0,0,0,0,2,2,0,0,0,0,0
1596,6,10.0,0,0,0,0,0,0,0,0,3,3,0,0,0,0,0
1597,4,10.0,0,0,0,0,0,0,0,0,2,2,0,0,0,0,0
1598,6,23.17,0,0,0,0,0,0,0,0,4,2,0,0,0,0,0
1599,5,10.0,0,0,0,0,0,0,0,0,2,3,0,0,0,0,0
1600,5,10.0,0,0,0,0,0,0,0,0,3,2,0,0,0,0,0
1601,5,10.0,0,0,0,0,0,0,0,0,2,3,0,0,0,0,0
1602,5,10.0,0,0,0,0,0,0,0,0,3,2,0,0,0,0,0
1603,4,10.0,0,0,0,0,0,0,0,0,2,2,0,0,0,0,0
1604,6,10.0,0,0,0,0,0,0,0,0,3,3,0,0,0,0,0
1605,4,10.0,0,0,0,0,0,0,0,0,2,2,0,0,0,0,0
1606,6,10.0,0,0,0,0,0,0,0,0,3,3,0,0,0,0,0
1607,4,10.0,0,0,0,0,0,0,0,0,2,2,0,0,0,0,0
1608,5,10.0,0,0,0,0,0,0,0,0,3,2,0,0,0,0,0
1609,5,10.0,0,0,0,0,0,0,0,0,2,3,0,0,0,0,0
1610,6,23.17,0,0,0,0,0,0,0,0,4,2,0,0,0,0,0
1611,5,10.0,0,0,0,0,0,0,0,0,2,3,0,0,0,0,0
1612,4,10.0,0,0,0,0,0,0,0,0,2,2,0,0,0,0,0
1613,5,10.0,0,0,0,0,0,0,0,0,3,2,0,0,0,0,0
1614,5,10.0,0,0,0,0,0,0,0,0,2,3,0,0,0,0,0
1615,5,10.0,0,0,0,0,0,0,0,0,3,2,0,0,0,0,0
1616,5,10.0,0,0,0,0,0,0,0,0,2,3,0,0,0,0,0
1617,5,10.0,0,0,0,0,0,0,0,0,3,2,0,0,0,0,0
1618,4,10.0,0,0,0,0,0,0,0,0,2,2,0,0,0,0,0
1619,6,10.0,0,0,0,0,0,0,0,0,3,3,0,0,0,0,0
1620,4,10.0,0,0,0,0,0,0,0,0,2,2,0,0,0,0,0
1621,6,10.0,0,0,0,0,0,0,0,0,3,3,0,0,0,0,0
1622,5,25.8,0,0,0,0,0,0,0,0,3,2,0,0,0,0,0
1623,5,10.0,0,0,0,0,0,0,0,0,3,2,0,0,0,0,0
1624,5,10.0,0,0,0,0,0,0,0,0,2,3,0,0,0,0,0
1625,5,10.0,0,0,0,0,0,0,0,0,3,2,0,0,0,0,0
1626,4,10.0,0,0,0,0,0,0,0,0,2,2,0,0,0,0,0
1627,6,10.0,0,0,0,0,0,0,0,0,3,3,0,0,0,0,0
1628,4,10.0,0,0,0,0,0,0,0,0,2,2,0,0,0,0,0
1629,6,10.0,0,0,0,0,0,0,0,0,3,3,0,0,0,0,0
1630,4,10.0,0,0,0,0,0,0,0,0,2,2,0,0,0,0,0
1631,6,10.0,0,0,0,0,0,0,0,0,3,3,0,0,0,0,0
1632,4,10.0,0,0,0,0,0,0,0,0,2,2,0,0,0,0,0
1633,5,10.0,0,0,0,0,0,0,0,0,3,2,0,0,0,0,0
1634,6,23.17,0,0,0,0,0,0,0,0,3,3,0,0,0,0,0
1635,5,10.0,0,0,0,0,0,0,0,0,3,2,0,0,0,0,0
1636,5,10.0,0,0,0,0,0,0,0,0,2,3,0,0,0,0,0
1637,5,10.0,0,0,0,0,0,0,0,0,3,2,0,0,0,0,0
1638,4,10.0,0,0,0,0,0,0,0,0,2,2,0,0,0,0,0
1639,6,10.0,0,0,0,0,0,0,0,0,3,3,0,0,0,0,0
1640,4,10.0,0,0,0,0,0,0,0,0,2,2,0,0,0,0,0
1641,5,10.0,0,0,0,0,0,0,0,0,3,2,0,0,0,0,0
1642,5,10.0,0,0,0,0,0,0,0,0,2,3,0,0,0,0,0
1643,4,10.0,0,0,0,0,0,0,0,0,2,2,0,0,0,0,0
1644,6,10.0,0,0,0,0,0,0,0,0,3,3,0,0,0,0,0
1645,4,10.0,0,0,0,0,0,0,0,0,2,2,0,0,0,0,0
1646,6,23.17,0,0,0,0,0,0,0,0,4,2,0,0,0,0,0
1647,5,10.0,0,0,0,0,0,0,0,0,2,3,0,0,0,0,0
1648,5,10.0,0,0,0,0,0,0,0,0,3,2,0,0,0,0,0
1649,5,10.0,0,0,0,0,0,0,0,0,2,3,0,0,0,0,0
1650,5,10.0,0,0,0,0,0,0,0,0,3,2,0,0,0,0,0
1651,4,10.0,0,0,0,0,0,0,0,0,2,2,0,0,0,0,0
1652,6,10.0,0,0,0,0,0,0,0,0,3,3,0,0,0,0,0
1653,4,10.0,0,0,0,0,0,0,0,0,2,2,0,0,0,0,0
1654,6,10.0,0,0,0,0,0,0,0,0,3,3,0,0,0,0,0
1655,4,10.0,0,0,0,0,0,0,0,0,2,2,0,0,0,0,0
1656,5,10.0,0,0,0,0,0,0,0,0,3,2,0,0,0,0,0
1657,5,10.0,0,0,0,0,0,0,0,0,2,3,0,0,0,0,0
1658,6,23.17,0,0,0,0,0,0,0,0,4,2,0,0,0,0,0
1659,5,10.0,0,0,0,0,0,0,0,0,2,3,0,0,0,0,0
1660,5,10.0,0,0,0,0,0,0,0,0,3,2,0,0,0,0,0
1661,4,10.0,0,0,0,0,0,0,0,0,2,2,0,0,0,0,0
1662,6,10.0,0,0,0,0,0,0,0,0,3,3,0,0,0,0,0
1663,4,10.0,0,0,0,0,0,0,0,0,2,2,0,0,0,0,0
1664,6,10.0,0,0,0,0,0,0,0,0,3,3,0,0,0,0,0
1665,4,10.0,0,0,0,0,0,0,0,0,2,2,0,0,0,0,0
1666,5,10.0,0,0,0,0,0,0,0,0,3,2,0,0,0,0,0
1667,5,10.0,0,0,0,0,0,0,0,0,2,3,0,0,0,0,0
1668,5,10.0,0,0,0,0,0,0,0,0,3,2,0,0,0,0,0
1669,5,10.0,0,0,0,0,0,0,0,0,2,3,0,0,0,0,0
1670,6,23.17,0,0,0,0,0,0,0,0,4,2,0,0,0,0,0
1671,4,10.0,0,0,0,0,0,0,0,0,2,2,0,0,0,0,0
1672,6,10.0,0,0,0,0,0,0,0,0,3,3,0,0,0,0,0
1673,4,10.0,0,0,0,0,0,0,0,0,2,2,0,0,0,0,0
1674,5,10.0,0,0,0,0,0,0,0,0,2,3,0,0,0,0,0
1675,5,10.0,0,0,0,0,0,0,0,0,3,2,0,0,0,0,0
1676,4,10.0,0,0,0,0,0,0,0,0,2,2,0,0,0,0,0
1677,6,10.0,0,0,0,0,0,0,0,0,3,3,0,0,0,0,0
1678,4,10.0,0,0,0,0,0,0,0,0,2,2,0,0,0,0,0
1679,6,10.0,0,0,0,0,0,0,0,0,3,3,0,0,0,0,0
1680,4,10.0,0,0,0,0,0,0,0,0,2,2,0,0,0,0,0
1681,5,10.0,0,0,0,0,0,0,0,0,3,2,0,0,0,0,0
1682,6,23.17,0,0,0,0,0,0,0,0,3,3,0,0,0,0,0
1683,5,10.0,0,0,0,0,0,0,0,0,3,2,0,0,0,0,0
1684,5,10.0,0,0,0,0,0,0,0,0,2,3,0,0,0,0,0
1685,5,10.0,0,0,0,0,0,0,0,0,3,2,0,0,0,0,0
1686,4,10.0,0,0,0,0,0,0,0,0,2,2,0,0,0,0,0
1687,6,10.0,0,0,0,0,0,0,0,0,3,3,0,0,0,0,0
1688,4,10.0,0,0,0,0,0,0,0,0,2,2,0,0,0,0,0
1689,6,10.0,0,0,0,0,0,0,0,0,3,3,0,0,0,0,0
1690,4,10.0,0,0,0,0,0,0,0,0,2,2,0,0,0,0,0
1691,5,10.0,0,0,0,0,0,0,0,0,3,2,0,0,0,0,0
1692,5,10.0,0,0,0,0,0,0,0,0,2,3,0,0,0,0,0
1693,5,10.0,0,0,0,0,0,0,0,0,3,2,0,0,0,0,0
1694,5,25.8,0,0,0,0,0,0,0,0,3,2,0,0,0,0,0
1695,6,10.0,0,0,0,0,0,0,0,0,3,3,0,0,0,0,0
1696,4,10.0,0,0,0,0,0,0,0,0,2,2,0,0,0,0,0
1697,6,10.0,0,0,0,0,0,0,0,0,3,3,0,0,0,0,0
1698,4,10.0,0,0,0,0,0,0,0,0,2,2,0,0,0,0,0
1699,5,10.0,0,0,0,0,0,0,0,0,3,2,0,0,0,0,0
1700,5,10.0,0,0,0,0,0,0,0,0,2,3,0,0,0,0,0
1701,5,10.0,0,0,0,0,0,0,0,0,3,2,0,0,0,0,0
1702,5,10.0,0,0,0,0,0,0,0,0,2,3,0,0,0,0,0
1703,4,10.0,0,0,0,0,0,0,0,0,2,2,0,0,0,0,0
1704,6,10.0,0,0,0,0,0,0,0,0,3,3,0,0,0,0,0
1705,4,10.0,0,0,0,0,0,0,0,0,2,2,0,0,0,0,0
1706,6,23.17,0,0,0,0,0,0,0,0,4,2,0,0,0,0,0
1707,5,10.0,0,0,0,0,0,0,0,0,2,3,0,0,0,0,0
1708,5,10.0,0,0,0,0,0,0,0,0,3,2,0,0,0,0,0
1709,5,10.0,0,0,0,0,0,0,0,0,2,3,0,0,0,0,0
1710,5,10.0,0,0,0,0,0,0,0,0,3,2,0,0,0,0,0
1711,4,10.0,0,0,0,0,0,0,0,0,2,2,0,0,0,0,0
1712,6,10.0,0,0,0,0,0,0,0,0,3,3,0,0,0,0,0
1713,4,10.0,0,0,0,0,0,0,0,0,2,2,0,0,0,0,0
1714,5,10.0,0,0,0,0,0,0,0,0,3,2,0,0,0,0,0
1715,5,10.0,0,0,0,0,0,0,0,0,2,3,0,0,0,0,0
1716,5,10.0,0,0,0,0,0,0,0,0,3,2,0,0,0,0,0
1717,5,10.0,0,0,0,0,0,0,0,0,2,3,0,0,0,0,0
1718,6,23.17,0,0,0,0,0,0,0,0,4,2,0,0,0,0,0
1719,4,10.0,0,0,0,0,0,0,0,0,2,2,0,0,0,0,0
1720,6,10.0,0,0,0,0,0,0,0,0,3,3,0,0,0,0,0
1721,4,10.0,0,0,0,0,0,0,0,0,2,2,0,0,0,0,0
1722,6,10.0,0,0,0,0,0,0,0,0,3,3,0,0,0,0,0
1723,4,10.0,0,0,0,0,0,0,0,0,2,2,0,0,0,0,0
1724,5,10.0,0,0,0,0,0,0,0,0,3,2,0,0,0,0,0
1725,5,10.0,0,0,0,0,0,0,0,0,2,3,0,0,0,0,0
1726,5,10.0,0,0,0,0,0,0,0,0,3,2,0,0,0,0,0
1727,5,10.0,0,0,0,0,0,0,0,0,2,3,0,0,0,0,0
1728,5,14.8,0,0,0,0,0,0,0,0,3,2,0,1,0,0,0
1729,4,10.0,0,0,0,0,0,0,0,0,2,2,0,0,0,0,0
1730,7,21.29,0,0,0,0,0,0,0,0,4,3,0,0,0,0,0
1731,4,10.0,0,0,0,0,0,0,0,0,2,2,0,0,0,0,0
1732,6,10.0,0,0,0,0,0,0,0,0,3,3,0,0,0,0,0
1733,4,10.0,0,0,0,0,0,0,0,0,2,2,0,0,0,0,0
1734,5,10.0,0,0,0,0,0,0,0,0,3,2,0,0,0,0,0
1735,5,10.0,0,0,0,0,0,0,0,0,2,3,0,0,0,0,0
1736,4,10.0,0,0,0,0,0,0,0,0,2,2,0,0,0,0,0
1737,6,10.0,0,0,0,0,0,0,0,0,3,3,0,0,0,0,0
1738,4,10.0,0,0,0,0,0,0,0,0,2,2,0,0,0,0,0
1739,5,10.0,0,0,0,0,0,0,0,0,3,2,0,0,0,0,0
1740,5,10.0,0,0,0,0,0,0,0,0,2,3,0,0,0,0,0
1741,5,10.0,0,0,0,0,0,0,0,0,3,2,0,0,0,0,0
1742,6,23.17,0,0,0,0,0,0,0,0,3,3,0,0,0,0,0
1743,5,10.0,0,0,0,0,0,0,0,0,3,2,0,0,0,0,0
1744,4,10.0,0,0,0,0,0,0,0,0,2,2,0,0,0,0,0
1745,6,10.0,0,0,0,0,0,0,0,0,3,3,0,0,0,0,0
1746,4,10.0,0,0,0,0,0,0,0,0,2,2,0,0,0,0,0
1747,6,10.0,0,0,0,0,0,0,0,0,3,3,0,0,0,0,0
1748,4,10.0,0,0,0,0,0,0,0,0,2,2,0,0,0,0,0
1749,5,10.0,0,0,0,0,0,0,0,0,3,2,0,0,0,0,0
1750,5,10.0,0,0,0,0,0,0,0,0,2,3,0,0,0,0,0
1751,5,10.0,0,0,0,0,0,0,0,0,3,2,0,0,0,0,0
1752,5,10.0,0,0,0,0,0,0,0,0,2,3,0,0,0,0,0
1753,5,10.0,0,0,0,0,0,0,0,0,3,2,0,0,0,0,0
1754,6,23.17,0,0,0,0,0,0,0,0,3,3,0,0,0,0,0
1755,5,10.0,0,0,0,0,0,0,0,0,3,2,0,0,0,0,0
1756,4,10.0,0,0,0,0,0,0,0,0,2,2,0,0,0,0,0
1757,6,10.0,0,0,0,0,0,0,0,0,3,3,0,0,0,0,0
1758,4,10.0,0,0,0,0,0,0,0,0,2,2,0,0,0,0,0
1759,6,10.0,0,0,0,0,0,0,0,0,3,3,0,0,0,0,0
1760,4,10.0,0,0,0,0,0,0,0,0,2,2,0,0,0,0,0
1761,5,10.0,0,0,0,0,0,0,0,0,3,2,0,0,0,0,0
1762,5,10.0,0,0,0,0,0,0,0,0,2,3,0,0,0,0,0
1763,5,10.0,0,0,0,0,0,0,0,0,3,2,0,0,0,0,0
1764,4,10.0,0,0,0,0,0,0,0,0,2,2,0,0,0,0,0
1765,6,10.0,0,0,0,0,0,0,0,0,3,3,0,0,0,0,0
1766,5,25.8,0,0,0,0,0,0,0,0,3,2,0,0,0,0,0
1767,5,10.0,0,0,0,0,0,0,0,0,2,3,0,0,0,0,0
1768,5,10.0,0,0,0,0,0,0,0,0,3,2,0,0,0,0,0
1769,4,10.0,0,0,0,0,0,0,0,0,2,2,0,0,0,0,0
1770,6,10.0,0,0,0,0,0,0,0,0,3,3,0,0,0,0,0
1771,4,10.0,0,0,0,0,0,0,0,0,2,2,0,0,0,0,0
1772,6,10.0,0,0,0,0,0,0,0,0,3,3,0,0,0,0,0
1773,4,10.0,0,0,0,0,0,0,0,0,2,2,0,0,0,0,0
1774,5,10.0,0,0,0,0,0,0,0,0,3,2,0,0,0,0,0
1775,5,10.0,0,0,0,0,0,0,0,0,2,3,0,0,0,0,0
1776,5,10.0,0,0,0,0,0,0,0,0,3,2,0,0,0,0,0
1777,5,10.0,0,0,0,0,0,0,0,0,2,3,0,0,0,0,0
1778,6,23.17,0,0,0,0,0,0,0,0,4,2,0,0,0,0,0
1779,4,10.0,0,0,0,0,0,0,0,0,2,2,0,0,0,0,0
1780,6,10.0,0,0,0,0,0,0,0,0,3,3,0,0,0,0,0
1781,4,10.0,0,0,0,0,0,0,0,0,2,2,0,0,0,0,0
1782,5,10.0,0,0,0,0,0,0,0,0,3,2,0,0,0,0,0
1783,5,10.0,0,0,0,0,0,0,0,0,2,3,0,0,0,0,0
1784,5,10.0,0,0,0,0,0,0,0,0,3,2,0,0,0,0,0
1785,5,10.0,0,0,0,0,0,0,0,0,2,3,0,0,0,0,0
1786,5,10.0,0,0,0,0,0,0,0,0,3,2,0,0,0,0,0
1787,4,10.0,0,0,0,0,0,0,0,0,2,2,0,0,0,0,0
1788,6,10.0,0,0,0,0,0,0,0,0,3,3,0,0,0,0,0
1789,4,10.0,0,0,0,0,0,0,0,0,2,2,0,0,0,0,0
1790,7,21.29,0,0,0,0,0,0,0,0,4,3,0,0,0,0,0
1791,4,10.0,0,0,0,0,0,0,0,0,2,2,0,0,0,0,0
1792,5,10.0,0,0,0,0,0,0,0,0,3,2,0,0,0,0,0
1793,5,10.0,0,0,0,0,0,0,0,0,2,3,0,0,0,0,0
1794,5,10.0,0,0,0,0,0,0,0,0,3,2,0,0,0,0,0
1795,5,10.0,0,0,0,0,0,0,0,0,2,3,0,0,0,0,0
1796,5,10.0,0,0,0,0,0,0,0,0,3,2,0,0,0,0,0
1797,4,10.0,0,0,0,0,0,0,0,0,2,2,0,0,0,0,0
1798,5,10.0,0,0,0,0,0,0,0,0,2,3,0,0,0,0,0
1799,5,10.0,0,0,0,0,0,0,0,0,3,2,0,0,0,0,0
1800,5,10.0,0,0,0,0,0,0,0,0,2,3,0,0,0,0,0
1801,5,10.0,0,0,0,0,0,0,0,0,3,2,0,0,0,0,0
1802,5,25.8,0,0,0,0,0,0,0,0,3,2,0,0,0,0,0
1803,6,10.0,0,0,0,0,0,0,0,0,3,3,0,0,0,0,0
1804,4,10.0,0,0,0,0,0,0,0,0,2,2,0,0,0,0,0
1805,6,10.0,0,0,0,0,0,0,0,0,3,3,0,0,0,0,0
1806,4,10.0,0,0,0,0,0,0,0,0,2,2,0,0,0,0,0
1807,5,10.0,0,0,0,0,0,0,0,0,3,2,0,0,0,0,0
1808,5,10.0,0,0,0,0,0,0,0,0,2,3,0,0,0,0,0
1809,5,10.0,0,0,0,0,0,0,0,0,3,2,0,0,0,0,0
1810,5,10.0,0,0,0,0,0,0,0,0,2,3,0,0,0,0,0
1811,5,10.0,0,0,0,0,0,0,0,0,3,2,0,0,0,0,0
1812,4,10.0,0,0,0,0,0,0,0,0,2,2,0,0,0,0,0
1813,6,10.0,0,0,0,0,0,0,0,0,3,3,0,0,0,0,0
1814,5,25.8,0,0,0,0,0,0,0,0,3,2,0,0,0,0,0
1815,6,10.0,0,0,0,0,0,0,0,0,3,3,0,0,0,0,0
1816,4,10.0,0,0,0,0,0,0,0,0,2,2,0,0,0,0,0
1817,5,10.0,0,0,0,0,0,0,0,0,3,2,0,0,0,0,0
1818,5,10.0,0,0,0,0,0,0,0,0,2,3,0,0,0,0,0
1819,5,10.0,0,0,0,0,0,0,0,0,3,2,0,0,0,0,0
1820,4,10.0,0,0,0,0,0,0,0,0,2,2,0,0,0,0,0
1821,6,10.0,0,0,0,0,0,0,0,0,3,3,0,0,0,0,0
1822,4,10.0,0,0,0,0,0,0,0,0,2,2,0,0,0,0,0
1823,6,10.0,0,0,0,0,0,0,0,0,3,3,0,0,0,0,0
1824,4,10.0,0,0,0,0,0,0,0,0,2,2,0,0,0,0,0
1825,5,10.0,0,0,0,0,0,0,0,0,3,2,0,0,0,0,0
1826,6,23.17,0,0,0,0,0,0,0,0,3,3,0,0,0,0,0
1827,4,10.0,0,0,0,0,0,0,0,0,2,2,0,0,0,0,0
1828,6,12.67,0,0,0,0,0,0,0,0,3,3,1,1,0,0,0
1829,4,10.0,0,0,0,0,0,0,0,0,2,2,0,0,0,0,0
1830,6,16.0,0,0,0,0,0,0,0,0,3,3,1,1,0,0,0
1831,4,10.0,0,0,0,0,0,0,0,0,2,2,0,0,0,0,0
1832,5,10.0,0,0,0,0,0,0,0,0,3,2,0,0,0,0,0
1833,5,10.0,0,0,0,0,0,0,0,0,2,3,0,0,0,0,0
1834,5,10.0,0,0,0,0,0,0,0,0,3,2,0,0,0,0,0
1835,4,10.0,0,0,0,0,0,0,0,0,2,2,0,0,0,0,0
1836,6,10.0,0,0,0,0,0,0,0,0,3,3,0,0,0,0,0
1837,4,10.0,0,0,0,0,0,0,0,0,2,2,0,0,0,0,0
1838,7,21.29,0,0,0,0,0,0,0,0,4,3,0,0,0,0,0
1839,4,10.0,0,0,0,0,0,0,0,0,2,2,0,0,0,0,0
1840,5,10.0,0,0,0,0,0,0,0,0,3,2,0,0,0,0,0
1841,5,10.0,0,0,0,0,0,0,0,0,2,3,0,0,0,0,0
1842,5,10.0,0,0,0,0,0,0,0,0,3,2,0,0,0,0,0
1843,5,10.0,0,0,0,0,0,0,0,0,2,3,0,0,0,0,0
1844,5,10.0,0,0,0,0,0,0,0,0,3,2,0,0,0,0,0
1845,5,10.0,0,0,0,0,0,0,0,0,2,3,0,0,0,0,0
1846,5,10.0,0,0,0,0,0,0,0,0,3,2,0,0,0,0,0
1847,4,10.0,0,0,0,0,0,0,0,0,2,2,0,0,0,0,0
1848,6,10.0,0,0,0,0,0,0,0,0,3,3,0,0,0,0,0
1849,4,10.0,0,0,0,0,0,0,0,0,2,2,0,0,0,0,0
1850,7,21.29,0,0,0,0,0,0,0,0,4,3,0,0,0,0,0
1851,4,10.0,0,0,0,0,0,0,0,0,2,2,0,0,0,0,0
1852,5,10.0,0,0,0,0,0,0,0,0,3,2,0,0,0,0,0
1853,5,10.0,0,0,0,0,0,0,0,0,2,3,0,0,0,0,0
1854,5,10.0,0,0,0,0,0,0,0,0,3,2,0,0,0,0,0
1855,5,10.0,0,0,0,0,0,0,0,0,2,3,0,0,0,0,0
1856,5,10.0,0,0,0,0,0,0,0,0,3,2,0,0,0,0,0
1857,4,10.0,0,0,0,0,0,0,0,0,2,2,0,0,0,0,0
1858,6,10.0,0,0,0,0,0,0,0,0,3,3,0,0,0,0,0
1859,4,10.0,0,0,0,0,0,0,0,0,2,2,0,0,0,0,0
1860,5,10.0,0,0,0,0,0,0,0,0,2,3,0,0,0,0,0
1861,5,10.0,0,0,0,0,0,0,0,0,3,2,0,0,0,0,0
1862,5,25.8,0,0,0,0,0,0,0,0,3,2,0,0,0,0,0
1863,6,10.0,0,0,0,0,0,0,0,0,3,3,0,0,0,0,0
1864,4,10.0,0,0,0,0,0,0,0,0,2,2,0,0,0,0,0
1865,6,10.0,0,0,0,0,0,0,0,0,3,3,0,0,0,0,0
1866,4,10.0,0,0,0,0,0,0,0,0,2,2,0,0,0,0,0
1867,5,10.0,0,0,0,0,0,0,0,0,3,2,0,0,0,0,0
1868,5,10.0,0,0,0,0,0,0,0,0,2,3,0,0,0,0,0
1869,5,10.0,0,0,0,0,0,0,0,0,3,2,0,0,0,0,0
1870,5,10.0,0,0,0,0,0,0,0,0,2,3,0,0,0,0,0
1871,5,10.0,0,0,0,0,0,0,0,0,3,2,0,0,0,0,0
1872,4,10.0,0,0,0,0,0,0,0,0,2,2,0,0,0,0,0
1873,6,10.0,0,0,0,0,0,0,0,0,3,3,0,0,0,0,0
1874,5,25.8,0,0,0,0,0,0,0,0,3,2,0,0,0,0,0
1875,6,10.0,0,0,0,0,0,0,0,0,3,3,0,0,0,0,0
1876,4,10.0,0,0,0,0,0,0,0,0,2,2,0,0,0,0,0
1877,5,10.0,0,0,0,0,0,0,0,0,3,2,0,0,0,0,0
1878,5,10.0,0,0,0,0,0,0,0,0,2,3,0,0,0,0,0
1879,5,10.0,0,0,0,0,0,0,0,0,3,2,0,0,0,0,0
1880,4,10.0,0,0,0,0,0,0,0,0,2,2,0,0,0,0,0
1881,6,10.0,0,0,0,0,0,0,0,0,3,3,0,0,0,0,0
1882,4,10.0,0,0,0,0,0,0,0,0,2,2,0,0,0,0,0
1883,6,10.0,0,0,0,0,0,0,0,0,3,3,0,0,0,0,0
1884,4,10.0,0,0,0,0,0,0,0,0,2,2,0,0,0,0,0
1885,5,10.0,0,0,0,0,0,0,0,0,3,2,0,0,0,0,0
1886,6,23.17,0,0,0,0,0,0,0,0,3,3,0,0,0,0,0
1887,5,10.0,0,0,0,0,0,0,0,0,3,2,0,0,0,0,0
1888,5,10.0,0,0,0,0,0,0,0,0,2,3,0,0,0,0,0
1889,5,10.0,0,0,0,0,0,0,0,0,3,2,0,0,0,0,0
1890,4,10.0,0,0,0,0,0,0,0,0,2,2,0,0,0,0,0
1891,5,10.0,0,0,0,0,0,0,0,0,2,3,0,0,0,0,0
1892,5,10.0,0,0,0,0,0,0,0,0,3,2,0,0,0,0,0
1893,5,10.0,0,0,0,0,0,0,0,0,2,3,0,0,0,0,0
1894,5,10.0,0,0,0,0,0,0,0,0,3,2,0,0,0,0,0
1895,4,10.0,0,0,0,0,0,0,0,0,2,2,0,0,0,0,0
1896,6,10.0,0,0,0,0,0,0,0,0,3,3,0,0,0,0,0
1897,4,10.0,0,0,0,0,0,0,0,0,2,2,0,0,0,0,0
1898,7,21.29,0,0,0,0,0,0,0,0,4,3,0,0,0,0,0
1899,4,10.0,0,0,0,0,0,0,0,0,2,2,0,0,0,0,0
1900,5,10.0,0,0,0,0,0,0,0,0,3,2,0,0,0,0,0
1901,5,10.0,0,0,0,0,0,0,0,0,2,3,0,0,0,0,0
1902,5,10.0,0,0,0,0,0,0,0,0,3,2,0,0,0,0,0
1903,5,10.0,0,0,0,0,0,0,0,0,2,3,0,0,0,0,0
1904,5,10.0,0,0,0,0,0,0,0,0,3,2,0,0,0,0,0
1905,4,10.0,0,0,0,0,0,0,0,0,2,2,0,0,0,0,0
1906,6,10.0,0,0,0,0,0,0,0,0,3,3,0,0,0,0,0
1907,4,10.0,0,0,0,0,0,0,0,0,2,2,0,0,0,0,0
1908,6,10.0,0,0,0,0,0,0,0,0,3,3,0,0,0,0,0
1909,4,10.0,0,0,0,0,0,0,0,0,2,2,0,0,0,0,0
1910,6,23.17,0,0,0,0,0,0,0,0,4,2,0,0,0,0,0
1911,5,10.0,0,0,0,0,0,0,0,0,2,3,0,0,0,0,0
1912,5,10.0,0,0,0,0,0,0,0,0,3,2,0,0,0,0,0
1913,4,10.0,0,0,0,0,0,0,0,0,2,2,0,0,0,0,0
1914,6,10.0,0,0,0,0,0,0,0,0,3,3,0,0,0,0,0
1915,4,10.0,0,0,0,0,0,0,0,0,2,2,0,0,0,0,0
1916,6,10.0,0,0,0,0,0,0,0,0,3,3,0,0,0,0,0
1917,4,10.0,0,0,0,0,0,0,0,0,2,2,0,0,0,0,0
1918,5,10.0,0,0,0,0,0,0,0,0,3,2,0,0,0,0,0
1919,5,10.0,0,0,0,0,0,0,0,0,2,3,0,0,0,0,0
1920,5,10.0,0,0,0,0,0,0,0,0,3,2,0,0,0,0,0
1921,5,10.0,0,0,0,0,0,0,0,0,2,3,0,0,0,0,0
1922,5,25.8,0,0,0,0,0,0,0,0,3,2,0,0,0,0,0
1923,5,10.0,0,0,0,0,0,0,0,0,3,2,0,0,0,0,0
1924,5,10.0,0,0,0,0,0,0,0,0,2,3,0,0,0,0,0
1925,5,10.0,0,0,0,0,0,0,0,0,3,2,0,0,0,0,0
1926,5,10.0,0,0,0,0,0,0,0,0,2,3,0,0,0,0,0
1927,5,10.0,0,0,0,0,0,0,0,0,3,2,0,0,0,0,0
1928,4,10.0,0,0,0,0,0,0,0,0,2,2,0,0,0,0,0
1929,6,10.0,0,0,0,0,0,0,0,0,3,3,0,0,0,0,0
1930,4,10.0,0,0,0,0,0,0,0,0,2,2,0,0,0,0,0
1931,6,10.0,0,0,0,0,0,0,0,0,3,3,0,0,0,0,0
1932,4,10.0,0,0,0,0,0,0,0,0,2,2,0,0,0,0,0
1933,5,10.0,0,0,0,0,0,0,0,0,3,2,0,0,0,0,0
1934,6,23.17,0,0,0,0,0,0,0,0,3,3,0,0,0,0,0
1935,5,10.0,0,0,0,0,0,0,0,0,3,2,0,0,0,0,0
1936,5,10.0,0,0,0,0,0,0,0,0,2,3,0,0,0,0,0
1937,5,10.0,0,0,0,0,0,0,0,0,3,2,0,0,0,0,0
1938,4,10.0,0,0,0,0,0,0,0,0,2,2,0,0,0,0,0
1939,6,10.0,0,0,0,0,0,0,0,0,3,3,0,0,0,0,0
1940,4,10.0,0,0,0,0,0,0,0,0,2,2,0,0,0,0,0
1941,5,10.0,0,0,0,0,0,0,0,0,3,2,0,0,0,0,0
1942,5,10.0,0,0,0,0,0,0,0,0,2,3,0,0,0,0,0
1943,5,10.0,0,0,0,0,0,0,0,0,3,2,0,0,0,0,0
1944,5,10.0,0,0,0,0,0,0,0,0,2,3,0,0,0,0,0
1945,5,10.0,0,0,0,0,0,0,0,0,3,2,0,0,0,0,0
1946,5,25.8,0,0,0,0,0,0,0,0,3,2,0,0,0,0,0
1947,6,10.0,0,0,0,0,0,0,0,0,3,3,0,0,0,0,0
1948,4,10.0,0,0,0,0,0,0,0,0,2,2,0,0,0,0,0
1949,6,10.0,0,0,0,0,0,0,0,0,3,3,0,0,0,0,0
1950,4,10.0,0,0,0,0,0,0,0,0,2,2,0,0,0,0,0
1951,5,10.0,0,0,0,0,0,0,0,0,3,2,0,0,0,0,0
1952,5,10.0,0,0,0,0,0,0,0,0,2,3,0,0,0,0,0
1953,4,10.0,0,0,0,0,0,0,0,0,2,2,0,0,0,0,0
1954,6,10.0,0,0,0,0,0,0,0,0,3,3,0,0,0,0,0
1955,4,10.0,0,0,0,0,0,0,0,0,2,2,0,0,0,0,0
1956,5,10.0,0,0,0,0,0,0,0,0,3,2,0,0,0,0,0
1957,5,10.0,0,0,0,0,0,0,0,0,2,3,0,0,0,0,0
1958,6,23.17,0,0,0,0,0,0,0,0,4,2,0,0,0,0,0
1959,5,10.0,0,0,0,0,0,0,0,0,2,3,0,0,0,0,0
1960,5,10.0,0,0,0,0,0,0,0,0,3,2,0,0,0,0,0
1961,4,10.0,0,0,0,0,0,0,0,0,2,2,0,0,0,0,0
1962,6,10.0,0,0,0,0,0,0,0,0,3,3,0,0,0,0,0
1963,4,10.0,0,0,0,0,0,0,0,0,2,2,0,0,0,0,0
1964,6,10.0,0,0,0,0,0,0,0,0,3,3,0,0,0,0,0
1965,4,10.0,0,0,0,0,0,0,0,0,2,2,0,0,0,0,0
1966,5,10.0,0,0,0,0,0,0,0,0,3,2,0,0,0,0,0
1967,5,10.0,0,0,0,0,0,0,0,0,2,3,0,0,0,0,0
1968,5,10.0,0,0,0,0,0,0,0,0,3,2,0,0,0,0,0
1969,5,10.0,0,0,0,0,0,0,0,0,2,3,0,0,0,0,0
1970,6,23.17,0,0,0,0,0,0,0,0,4,2,0,0,0,0,0
1971,4,10.0,0,0,0,0,0,0,0,0,2,2,0,0,0,0,0
1972,6,10.0,0,0,0,0,0,0,0,0,3,3,0,0,0,0,0
1973,4,10.0,0,0,0,0,0,0,0,0,2,2,0,0,0,0,0
1974,5,10.0,0,0,0,0,0,0,0,0,3,2,0,0,0,0,0
1975,5,10.0,0,0,0,0,0,0,0,0,2,3,0,0,0,0,0
1976,5,10.0,0,0,0,0,0,0,0,0,3,2,0,0,0,0,0
1977,5,10.0,0,0,0,0,0,0,0,0,2,3,0,0,0,0,0
1978,5,10.0,0,0,0,0,0,0,0,0,3,2,0,0,0,0,0
1979,4,10.0,0,0,0,0,0,0,0,0,2,2,0,0,0,0,0
1980,6,10.0,0,0,0,0,0,0,0,0,3,3,0,0,0,0,0
1981,4,10.0,0,0,0,0,0,0,0,0,2,2,0,0,0,0,0
1982,7,21.29,0,0,0,0,0,0,0,0,4,3,0,0,0,0,0
1983,4,10.0,0,0,0,0,0,0,0,0,2,2,0,0,0,0,0
1984,4,10.0,0,0,0,0,0,0,0,0,2,2,0,0,0,0,0
1985,6,10.0,0,0,0,0,0,0,0,0,3,3,0,0,0,0,0
1986,4,10.0,0,0,0,0,0,0,0,0,2,2,0,0,0,0,0
1987,6,10.0,0,0,0,0,0,0,0,0,3,3,0,0,0,0,0
1988,4,10.0,0,0,0,0,0,0,0,0,2,2,0,0,0,0,0
1989,5,10.0,0,0,0,0,0,0,0,0,3,2,0,0,0,0,0
1990,5,10.0,0,0,0,0,0,0,0,0,2,3,0,0,0,0,0
1991,5,10.0,0,0,0,0,0,0,0,0,3,2,0,0,0,0,0
1992,5,10.0,0,0,0,0,0,0,0,0,2,3,0,0,0,0,0
1993,5,10.0,0,0,0,0,0,0,0,0,3,2,0,0,0,0,0
1994,5,25.8,0,0,0,0,0,0,0,0,3,2,0,0,0,0,0
1995,6,10.0,0,0,0,0,0,0,0,0,3,3,0,0,0,0,0
1996,4,10.0,0,0,0,0,0,0,0,0,2,2,0,0,0,0,0
1997,6,10.0,0,0,0,0,0,0,0,0,3,3,0,0,0,0,0
1998,4,10.0,0,0,0,0,0,0,0,0,2,2,0,0,0,0,0
1999,5,10.0,0,0,0,0,0,0,0,0,3,2,0,0,0,0,0
2000,5,10.0,0,0,0,0,0,0,0,0,2,3,0,0,0,0,0
2001,5,10.0,0,0,0,0,0,0,0,0,3,2,0,0,0,0,0
2002,5,10.0,0,0,0,0,0,0,0,0,2,3,0,0,0,0,0
2003,5,10.0,0,0,0,0,0,0,0,0,3,2,0,0,0,0,0
2004,4,10.0,0,0,0,0,0,0,0,0,2,2,0,0,0,0,0
2005,6,10.0,0,0,0,0,0,0,0,0,3,3,0,0,0,0,0
2006,5,25.8,0,0,0,0,0,0,0,0,3,2,0,0,0,0,0
2007,6,10.0,0,0,0,0,0,0,0,0,3,3,0,0,0,0,0
2008,4,10.0,0,0,0,0,0,0,0,0,2,2,0,0,0,0,0
2009,5,10.0,0,0,0,0,0,0,0,0,3,2,0,0,0,0,0
2010,5,10.0,0,0,0,0,0,0,0,0,2,3,0,0,0,0,0
2011,5,10.0,0,0,0,0,0,0,0,0,3,2,0,0,0,0,0
2012,5,10.0,0,0,0,0,0,0,0,0,2,3,0,0,0,0,0
2013,6,10.0,0,0,0,0,0,0,0,0,4,2,0,0,0,0,0
2014,5,10.0,0,0,0,0,0,0,0,0,3,2,0,0,0,0,0
2015,5,10.0,0,0,0,0,0,0,0,0,2,3,0,0,0,0,0
2016,5,10.0,0,0,0,0,0,0,0,0,3,2,0,0,0,0,0
2017,5,10.0,0,0,0,0,0,0,0,0,2,3,0,0,0,0,0
2018,6,23.17,0,0,0,0,0,0,0,0,4,2,0,0,0,0,0
2019,4,10.0,0,0,0,0,0,0,0,0,2,2,0,0,0,0,0
2020,6,10.0,0,0,0,0,0,0,0,0,3,3,0,0,0,0,0
2021,4,10.0,0,0,0,0,0,0,0,0,2,2,0,0,0,0,0
2022,6,10.0,0,0,0,0,0,0,0,0,3,3,0,0,0,0,0
2023,4,10.0,0,0,0,0,0,0,0,0,2,2,0,0,0,0,0
2024,5,10.0,0,0,0,0,0,0,0,0,3,2,0,0,0,0,0
2025,5,10.0,0,0,0,0,0,0,0,0,2,3,0,0,0,0,0
2026,5,10.0,0,0,0,0,0,0,0,0,3,2,0,0,0,0,0
2027,5,10.0,0,0,0,0,0,0,0,0,2,3,0,0,0,0,0
2028,5,10.0,0,0,0,0,0,0,0,0,3,2,0,0,0,0,0
2029,4,10.0,0,0,0,0,0,0,0,0,2,2,0,0,0,0,0
2030,7,21.29,0,0,0,0,0,0,0,0,4,3,0,0,0,0,0
2031,4,10.0,0,0,0,0,0,0,0,0,2,2,0,0,0,0,0
2032,5,10.0,0,0,0,0,0,0,0,0,3,2,0,0,0,0,0
2033,5,10.0,0,0,0,0,0,0,0,0,2,3,0,0,0,0,0
2034,5,10.0,0,0,0,0,0,0,0,0,3,2,0,0,0,0,0
2035,5,10.0,0,0,0,0,0,0,0,0,2,3,0,0,0,0,0
2036,5,10.0,0,0,0,0,0,0,0,0,3,2,0,0,0,0,0
2037,5,10.0,0,0,0,0,0,0,0,0,2,3,0,0,0,0,0
2038,5,10.0,0,0,0,0,0,0,0,0,3,2,0,0,0,0,0
2039,4,10.0,0,0,0,0,0,0,0,0,2,2,0,0,0,0,0
2040,6,10.0,0,0,0,0,0,0,0,0,3,3,0,0,0,0,0
2041,4,10.0,0,0,0,0,0,0,0,0,2,2,0,0,0,0,0
2042,7,21.29,0,0,0,0,0,0,0,0,4,3,0,0,0,0,0
2043,4,10.0,0,0,0,0,0,0,0,0,2,2,0,0,0,0,0
2044,4,10.0,0,0,0,0,0,0,0,0,2,2,0,0,0,0,0
2045,6,10.0,0,0,0,0,0,0,0,0,3,3,0,0,0,0,0
2046,4,10.0,0,0,0,0,0,0,0,0,2,2,0,0,0,0,0
2047,6,10.0,0,0,0,0,0,0,0,0,3,3,0,0,0,0,0
2048,4,10.0,0,0,0,0,0,0,0,0,2,2,0,0,0,0,0
2049,5,10.0,0,0,0,0,0,0,0,0,3,2,0,0,0,0,0
2050,5,10.0,0,0,0,0,0,0,0,0,2,3,0,0,0,0,0
2051,5,10.0,0,0,0,0,0,0,0,0,3,2,0,0,0,0,0
2052,4,10.0,0,0,0,0,0,0,0,0,2,2,0,0,0,0,0
2053,6,10.0,0,0,0,0,0,0,0,0,3,3,0,0,0,0,0
2054,5,25.8,0,0,0,0,0,0,0,0,3,2,0,0,0,0,0
2055,6,10.0,0,0,0,0,0,0,0,0,3,3,0,0,0,0,0
2056,4,10.0,0,0,0,0,0,0,0,0,2,2,0,0,0,0,0
2057,6,10.0,0,0,0,0,0,0,0,0,3,3,0,0,0,0,0
2058,4,10.0,0,0,0,0,0,0,0,0,2,2,0,0,0,0,0
2059,5,10.0,0,0,0,0,0,0,0,0,3,2,0,0,0,0,0
2060,5,10.0,0,0,0,0,0,0,0,0,2,3,0,0,0,0,0
2061,5,10.0,0,0,0,0,0,0,0,0,3,2,0,0,0,0,0
2062,5,10.0,0,0,0,0,0,0,0,0,2,3,0,0,0,0,0
2063,5,10.0,0,0,0,0,0,0,0,0,3,2,0,0,0,0,0
2064,4,10.0,0,0,0,0,0,0,0,0,2,2,0,0,0,0,0
2065,6,10.0,0,0,0,0,0,0,0,0,3,3,0,0,0,0,0
2066,5,25.8,0,0,0,0,0,0,0,0,3,2,0,0,0,0,0
2067,6,10.0,0,0,0,0,0,0,0,0,3,3,0,0,0,0,0
2068,4,10.0,0,0,0,0,0,0,0,0,2,2,0,0,0,0,0
2069,5,10.0,0,0,0,0,0,0,0,0,3,2,0,0,0,0,0
2070,5,10.0,0,0,0,0,0,0,0,0,2,3,0,0,0,0,0
2071,5,10.0,0,0,0,0,0,0,0,0,3,2,0,0,0,0,0
2072,5,10.0,0,0,0,0,0,0,0,0,2,3,0,0,0,0,0
2073,5,10.0,0,0,0,0,0,0,0,0,3,2,0,0,0,0,0
2074,4,10.0,0,0,0,0,0,0,0,0,2,2,0,0,0,0,0
2075,5,10.0,0,0,0,0,0,0,0,0,2,3,0,0,0,0,0
2076,5,10.0,0,0,0,0,0,0,0,0,3,2,0,0,0,0,0
2077,4,10.0,0,0,0,0,0,0,0,0,2,2,0,0,0,0,0
2078,7,21.29,0,0,0,0,0,0,0,0,4,3,0,0,0,0,0
2079,4,10.0,0,0,0,0,0,0,0,0,2,2,0,0,0,0,0
2080,6,10.0,0,0,0,0,0,0,0,0,3,3,0,0,0,0,0
2081,4,10.0,0,0,0,0,0,0,0,0,2,2,0,0,0,0,0
2082,5,10.0,0,0,0,0,0,0,0,0,3,2,0,0,0,0,0
2083,5,10.0,0,0,0,0,0,0,0,0,2,3,0,0,0,0,0
2084,5,10.0,0,0,0,0,0,0,0,0,3,2,0,0,0,0,0
2085,5,10.0,0,0,0,0,0,0,0,0,2,3,0,0,0,0,0
2086,5,10.0,0,0,0,0,0,0,0,0,3,2,0,0,0,0,0
2087,4,10.0,0,0,0,0,0,0,0,0,2,2,0,0,0,0,0
2088,6,10.0,0,0,0,0,0,0,0,0,3,3,0,0,0,0,0
2089,4,10.0,0,0,0,0,0,0,0,0,2,2,0,0,0,0,0
2090,7,21.29,0,0,0,0,0,0,0,0,4,3,0,0,0,0,0
2091,4,10.0,0,0,0,0,0,0,0,0,2,2,0,0,0,0,0
2092,6,10.0,0,0,0,0,0,0,0,0,3,3,0,0,0,0,0
2093,4,10.0,0,0,0,0,0,0,0,0,2,2,0,0,0,0,0
2094,5,10.0,0,0,0,0,0,0,0,0,3,2,0,0,0,0,0
2095,5,10.0,0,0,0,0,0,0,0,0,2,3,0,0,0,0,0
2096,5,10.0,0,0,0,0,0,0,0,0,3,2,0,0,0,0,0
2097,5,10.0,0,0,0,0,0,0,0,0,2,3,0,0,0,0,0
2098,5,10.0,0,0,0,0,0,0,0,0,3,2,0,0,0,0,0
2099,4,10.0,0,0,0,0,0,0,0,0,2,2,0,0,0,0,0
2100,6,10.0,0,0,0,0,0,0,0,0,3,3,0,0,0,0,0
2101,4,10.0,0,0,0,0,0,0,0,0,2,2,0,0,0,0,0
2102,7,21.29,0,0,0,0,0,0,0,0,4,3,0,0,0,0,0
2103,4,10.0,0,0,0,0,0,0,0,0,2,2,0,0,0,0,0
2104,5,10.0,0,0,0,0,0,0,0,0,3,2,0,0,0,0,0
2105,5,10.0,0,0,0,0,0,0,0,0,2,3,0,0,0,0,0
2106,5,10.0,0,0,0,0,0,0,0,0,3,2,0,0,0,0,0
2107,5,10.0,0,0,0,0,0,0,0,0,2,3,0,0,0,0,0
2108,4,10.0,0,0,0,0,0,0,0,0,2,2,0,0,0,0,0
2109,5,10.0,0,0,0,0,0,0,0,0,3,2,0,0,0,0,0
2110,5,10.0,0,0,0,0,0,0,0,0,2,3,0,0,0,0,0
2111,5,10.0,0,0,0,0,0,0,0,0,3,2,0,0,0,0,0
2112,5,10.0,0,0,0,0,0,0,0,0,2,3,0,0,0,0,0
2113,5,10.0,0,0,0,0,0,0,0,0,3,2,0,0,0,0,0
2114,5,25.8,0,0,0,0,0,0,0,0,3,2,0,0,0,0,0
2115,6,10.0,0,0,0,0,0,0,0,0,3,3,0,0,0,0,0
2116,4,10.0,0,0,0,0,0,0,0,0,2,2,0,0,0,0,0
2117,6,10.0,0,0,0,0,0,0,0,0,3,3,0,0,0,0,0
2118,4,10.0,0,0,0,0,0,0,0,0,2,2,0,0,0,0,0
2119,5,10.0,0,0,0,0,0,0,0,0,3,2,0,0,0,0,0
2120,5,10.0,0,0,0,0,0,0,0,0,2,3,0,0,0,0,0
2121,5,10.0,0,0,0,0,0,0,0,0,3,2,0,0,0,0,0
2122,5,10.0,0,0,0,0,0,0,0,0,2,3,0,0,0,0,0
2123,5,10.0,0,0,0,0,0,0,0,0,3,2,0,0,0,0,0
2124,4,10.0,0,0,0,0,0,0,0,0,2,2,0,0,0,0,0
2125,6,10.0,0,0,0,0,0,0,0,0,3,3,0,0,0,0,0
2126,5,25.8,0,0,0,0,0,0,0,0,3,2,0,0,0,0,0
2127,6,10.0,0,0,0,0,0,0,0,0,3,3,0,0,0,0,0
2128,4,10.0,0,0,0,0,0,0,0,0,2,2,0,0,0,0,0
2129,5,10.0,0,0,0,0,0,0,0,0,3,2,0,0,0,0,0
2130,5,10.0,0,0,0,0,0,0,0,0,2,3,0,0,0,0,0
2131,5,10.0,0,0,0,0,0,0,0,0,3,2,0,0,0,0,0
2132,5,10.0,0,0,0,0,0,0,0,0,2,3,0,0,0,0,0
2133,5,10.0,0,0,0,0,0,0,0,0,3,2,0,0,0,0,0
2134,4,10.0,0,0,0,0,0,0,0,0,2,2,0,0,0,0,0
2135,6,10.0,0,0,0,0,0,0,0,0,3,3,0,0,0,0,0
2136,4,10.0,0,0,0,0,0,0,0,0,2,2,0,0,0,0,0
2137,5,10.0,0,0,0,0,0,0,0,0,2,3,0,0,0,0,0
2138,6,23.17,0,0,0,0,0,0,0,0,4,2,0,0,0,0,0
2139,4,10.0,0,0,0,0,0,0,0,0,2,2,0,0,0,0,0
2140,6,10.0,0,0,0,0,0,0,0,0,3,3,0,0,0,0,0
2141,4,10.0,0,0,0,0,0,0,0,0,2,2,0,0,0,0,0
2142,6,10.0,0,0,0,0,0,0,0,0,3,3,0,0,0,0,0
2143,4,10.0,0,0,0,0,0,0,0,0,2,2,0,0,0,0,0
2144,5,10.0,0,0,0,0,0,0,0,0,3,2,0,0,0,0,0
2145,5,10.0,0,0,0,0,0,0,0,0,2,3,0,0,0,0,0
2146,5,10.0,0,0,0,0,0,0,0,0,3,2,0,0,0,0,0
2147,5,10.0,0,0,0,0,0,0,0,0,2,3,0,0,0,0,0
2148,5,10.0,0,0,0,0,0,0,0,0,3,2,0,0,0,0,0
2149,4,10.0,0,0,0,0,0,0,0,0,2,2,0,0,0,0,0
2150,7,21.29,0,0,0,0,0,0,0,0,4,3,0,0,0,0,0
2151,4,10.0,0,0,0,0,0,0,0,0,2,2,0,0,0,0,0
2152,6,10.0,0,0,0,0,0,0,0,0,3,3,0,0,0,0,0
2153,4,10.0,0,0,0,0,0,0,0,0,2,2,0,0,0,0,0
2154,5,10.0,0,0,0,0,0,0,0,0,3,2,0,0,0,0,0
2155,5,10.0,0,0,0,0,0,0,0,0,2,3,0,0,0,0,0
2156,5,10.0,0,0,0,0,0,0,0,0,3,2,0,0,0,0,0
2157,5,10.0,0,0,0,0,0,0,0,0,2,3,0,0,0,0,0
2158,5,10.0,0,0,0,0,0,0,0,0,3,2,0,0,0,0,0
2159,4,10.0,0,0,0,0,0,0,0,0,2,2,0,0,0,0,0
2160,6,10.0,0,0,0,0,0,0,0,0,3,3,0,0,0,0,0
2161,4,10.0,0,0,0,0,0,0,0,0,2,2,0,0,0,0,0
2162,7,21.29,0,0,0,0,0,0,0,0,4,3,0,0,0,0,0
2163,4,10.0,0,0,0,0,0,0,0,0,2,2,0,0,0,0,0
2164,5,10.0,0,0,0,0,0,0,0,0,3,2,0,0,0,0,0
2165,5,10.0,0,0,0,0,0,0,0,0,2,3,0,0,0,0,0
2166,5,10.0,0,0,0,0,0,0,0,0,3,2,0,0,0,0,0
2167,5,10.0,0,0,0,0,0,0,0,0,2,3,0,0,0,0,0
2168,5,10.0,0,0,0,0,0,0,0,0,3,2,0,0,0,0,0
2169,4,10.0,0,0,0,0,0,0,0,0,2,2,0,0,0,0,0
2170,5,10.0,0,0,0,0,0,0,0,0,2,3,0,0,0,0,0
2171,5,10.0,0,0,0,0,0,0,0,0,3,2,0,0,0,0,0
2172,5,10.0,0,0,0,0,0,0,0,0,2,3,0,0,0,0,0
2173,5,10.0,0,0,0,0,0,0,0,0,3,2,0,0,0,0,0
2174,5,25.8,0,0,0,0,0,0,0,0,3,2,0,0,0,0,0
2175,6,10.0,0,0,0,0,0,0,0,0,3,3,0,0,0,0,0
2176,4,10.0,0,0,0,0,0,0,0,0,2,2,0,0,0,0,0
2177,6,10.0,0,0,0,0,0,0,0,0,3,3,0,0,0,0,0
2178,4,10.0,0,0,0,0,0,0,0,0,2,2,0,0,0,0,0
2179,5,10.0,0,0,0,0,0,0,0,0,3,2,0,0,0,0,0
2180,5,10.0,0,0,0,0,0,0,0,0,2,3,0,0,0,0,0
2181,5,10.0,0,0,0,0,0,0,0,0,3,2,0,0,0,0,0
2182,5,10.0,0,0,0,0,0,0,0,0,2,3,0,0,0,0,0
2183,5,10.0,0,0,0,0,0,0,0,0,3,2,0,0,0,0,0
2184,4,10.0,0,0,0,0,0,0,0,0,2,2,0,0,0,0,0
2185,6,10.0,0,0,0,0,0,0,0,0,3,3,0,0,0,0,0
2186,5,25.8,0,0,0,0,0,0,0,0,3,2,0,0,0,0,0
2187,6,10.0,0,0,0,0,0,0,0,0,3,3,0,0,0,0,0
2188,4,10.0,0,0,0,0,0,0,0,0,2,2,0,0,0,0,0
2189,5,10.0,0,0,0,0,0,0,0,0,3,2,0,0,0,0,0
2190,5,10.0,0,0,0,0,0,0,0,0,2,3,0,0,0,0,0
2191,5,10.0,0,0,0,0,0,0,0,0,3,2,0,0,0,0,0
2192,5,10.0,0,0,0,0,0,0,0,0,2,3,0,0,0,0,0
2193,5,10.0,0,0,0,0,0,0,0,0,3,2,0,0,0,0,0
2194,4,10.0,0,0,0,0,0,0,0,0,2,2,0,0,0,0,0
2195,6,10.0,0,0,0,0,0,0,0,0,3,3,0,0,0,0,0
2196,4,10.0,0,0,0,0,0,0,0,0,2,2,0,0,0,0,0
2197,6,10.0,0,0,0,0,0,0,0,0,3,3,0,0,0,0,0
2198,4,29.75,0,0,0,0,0,0,0,0,2,2,0,0,0,0,0
2199,4,10.0,0,0,0,0,0,0,0,0,2,2,0,0,0,0,0
2200,6,10.0,0,0,0,0,0,0,0,0,3,3,0,0,0,0,0
2201,4,10.0,0,0,0,0,0,0,0,0,2,2,0,0,0,0,0
2202,6,10.0,0,0,0,0,0,0,0,0,3,3,0,0,0,0,0
2203,4,10.0,0,0,0,0,0,0,0,0,2,2,0,0,0,0,0
2204,5,10.0,0,0,0,0,0,0,0,0,3,2,0,0,0,0,0
2205,5,10.0,0,0,0,0,0,0,0,0,2,3,0,0,0,0,0
2206,5,10.0,0,0,0,0,0,0,0,0,3,2,0,0,0,0,0
2207,5,10.0,0,0,0,0,0,0,0,0,2,3,0,0,0,0,0
2208,5,10.0,0,0,0,0,0,0,0,0,3,2,0,0,0,0,0
2209,4,10.0,0,0,0,0,0,0,0,0,2,2,0,0,0,0,0
2210,7,21.29,0,0,0,0,0,0,0,0,4,3,0,0,0,0,0
2211,4,10.0,0,0,0,0,0,0,0,0,2,2,0,0,0,0,0
2212,6,10.0,0,0,0,0,0,0,0,0,3,3,0,0,0,0,0
2213,4,10.0,0,0,0,0,0,0,0,0,2,2,0,0,0,0,0
2214,5,10.0,0,0,0,0,0,0,0,0,3,2,0,0,0,0,0
2215,5,10.0,0,0,0,0,0,0,0,0,2,3,0,0,0,0,0
2216,5,10.0,0,0,0,0,0,0,0,0,3,2,0,0,0,0,0
2217,5,10.0,0,0,0,0,0,0,0,0,2,3,0,0,0,0,0
2218,5,10.0,0,0,0,0,0,0,0,0,3,2,0,0,0,0,0
2219,4,10.0,0,0,0,0,0,0,0,0,2,2,0,0,0,0,0
2220,6,10.0,0,0,0,0,0,0,0,0,3,3,0,0,0,0,0
2221,4,10.0,0,0,0,0,0,0,0,0,2,2,0,0,0,0,0
2222,7,21.29,0,0,0,0,0,0,0,0,4,3,0,0,0,0,0
2223,4,10.0,0,0,0,0,0,0,0,0,2,2,0,0,0,0,0
2224,5,10.0,0,0,0,0,0,0,0,0,3,2,0,0,0,0,0
2225,5,10.0,0,0,0,0,0,0,0,0,2,3,0,0,0,0,0
2226,5,10.0,0,0,0,0,0,0,0,0,3,2,0,0,0,0,0
2227,5,10.0,0,0,0,0,0,0,0,0,2,3,0,0,0,0,0
2228,5,10.0,0,0,0,0,0,0,0,0,3,2,0,0,0,0,0
2229,4,10.0,0,0,0,0,0,0,0,0,2,2,0,0,0,0,0
2230,6,10.0,0,0,0,0,0,0,0,0,3,3,0,0,0,0,0
2231,4,10.0,0,0,0,0,0,0,0,0,2,2,0,0,0,0,0
2232,5,10.0,0,0,0,0,0,0,0,0,2,3,0,0,0,0,0
2233,5,10.0,0,0,0,0,0,0,0,0,3,2,0,0,0,0,0
2234,5,25.8,0,0,0,0,0,0,0,0,3,2,0,0,0,0,0
2235,6,10.0,0,0,0,0,0,0,0,0,3,3,0,0,0,0,0
2236,4,10.0,0,0,0,0,0,0,0,0,2,2,0,0,0,0,0
2237,6,10.0,0,0,0,0,0,0,0,0,3,3,0,0,0,0,0
2238,4,10.0,0,0,0,0,0,0,0,0,2,2,0,0,0,0,0
2239,5,10.0,0,0,0,0,0,0,0,0,3,2,0,0,0,0,0
2240,5,10.0,0,0,0,0,0,0,0,0,2,3,0,0,0,0,0
2241,5,10.0,0,0,0,0,0,0,0,0,3,2,0,0,0,0,0
2242,5,10.0,0,0,0,0,0,0,0,0,2,3,0,0,0,0,0
2243,5,10.0,0,0,0,0,0,0,0,0,3,2,0,0,0,0,0
2244,4,10.0,0,0,0,0,0,0,0,0,2,2,0,0,0,0,0
2245,6,10.0,0,0,0,0,0,0,0,0,3,3,0,0,0,0,0
2246,5,25.8,0,0,0,0,0,0,0,0,3,2,0,0,0,0,0
2247,6,10.0,0,0,0,0,0,0,0,0,3,3,0,0,0,0,0
2248,4,10.0,0,0,0,0,0,0,0,0,2,2,0,0,0,0,0
2249,5,10.0,0,0,0,0,0,0,0,0,3,2,0,0,0,0,0
2250,5,10.0,0,0,0,0,0,0,0,0,2,3,0,0,0,0,0
2251,5,10.0,0,0,0,0,0,0,0,0,3,2,0,0,0,0,0
2252,5,10.0,0,0,0,0,0,0,0,0,2,3,0,0,0,0,0
2253,5,10.0,0,0,0,0,0,0,0,0,3,2,0,0,0,0,0
2254,4,10.0,0,0,0,0,0,0,0,0,2,2,0,0,0,0,0
2255,6,10.0,0,0,0,0,0,0,0,0,3,3,0,0,0,0,0
2256,4,10.0,0,0,0,0,0,0,0,0,2,2,0,0,0,0,0
2257,6,10.0,0,0,0,0,0,0,0,0,3,3,0,0,0,0,0
2258,5,25.8,0,0,0,0,0,0,0,0,3,2,0,0,0,0,0
2259,5,10.0,0,0,0,0,0,0,0,0,3,2,0,0,0,0,0
2260,5,10.0,0,0,0,0,0,0,0,0,2,3,0,0,0,0,0
2261,4,10.0,0,0,0,0,0,0,0,0,2,2,0,0,0,0,0
2262,6,10.0,0,0,0,0,0,0,0,0,3,3,0,0,0,0,0
2263,4,10.0,0,0,0,0,0,0,0,0,2,2,0,0,0,0,0
2264,5,10.0,0,0,0,0,0,0,0,0,3,2,0,0,0,0,0
2265,5,10.0,0,0,0,0,0,0,0,0,2,3,0,0,0,0,0
2266,5,10.0,0,0,0,0,0,0,0,0,3,2,0,0,0,0,0
2267,5,10.0,0,0,0,0,0,0,0,0,2,3,0,0,0,0,0
2268,5,10.0,0,0,0,0,0,0,0,0,3,2,0,0,0,0,0
2269,4,10.0,0,0,0,0,0,0,0,0,2,2,0,0,0,0,0
2270,7,21.29,0,0,0,0,0,0,0,0,4,3,0,0,0,0,0
2271,4,10.0,0,0,0,0,0,0,0,0,2,2,0,0,0,0,0
2272,6,10.0,0,0,0,0,0,0,0,0,3,3,0,0,0,0,0
2273,4,10.0,0,0,0,0,0,0,0,0,2,2,0,0,0,0,0
2274,5,10.0,0,0,0,0,0,0,0,0,3,2,0,0,0,0,0
2275,5,10.0,0,0,0,0,0,0,0,0,2,3,0,0,0,0,0
2276,5,10.0,0,0,0,0,0,0,0,0,3,2,0,0,0,0,0
2277,5,10.0,0,0,0,0,0,0,0,0,2,3,0,0,0,0,0
2278,5,10.0,0,0,0,0,0,0,0,0,3,2,0,0,0,0,0
2279,4,10.0,0,0,0,0,0,0,0,0,2,2,0,0,0,0,0
2280,6,10.0,0,0,0,0,0,0,0,0,3,3,0,0,0,0,0
2281,4,10.0,0,0,0,0,0,0,0,0,2,2,0,0,0,0,0
2282,7,21.29,0,0,0,0,0,0,0,0,4,3,0,0,0,0,0
2283,4,10.0,0,0,0,0,0,0,0,0,2,2,0,0,0,0,0
2284,5,10.0,0,0,0,0,0,0,0,0,3,2,0,0,0,0,0
2285,5,10.0,0,0,0,0,0,0,0,0,2,3,0,0,0,0,0
2286,5,10.0,0,0,0,0,0,0,0,0,3,2,0,0,0,0,0
2287,5,10.0,0,0,0,0,0,0,0,0,2,3,0,0,0,0,0
2288,5,10.0,0,0,0,0,0,0,0,0,3,2,0,0,0,0,0
2289,4,10.0,0,0,0,0,0,0,0,0,2,2,0,0,0,0,0
2290,6,10.0,0,0,0,0,0,0,0,0,3,3,0,0,0,0,0
2291,4,10.0,0,0,0,0,0,0,0,0,2,2,0,0,0,0,0
2292,5,10.0,0,0,0,0,0,0,0,0,2,3,0,0,0,0,0
2293,5,10.0,0,0,0,0,0,0,0,0,3,2,0,0,0,0,0
2294,5,25.8,0,0,0,0,0,0,0,0,3,2,0,0,0,0,0
2295,6,10.0,0,0,0,0,0,0,0,0,3,3,0,0,0,0,0
2296,4,10.0,0,0,0,0,0,0,0,0,2,2,0,0,0,0,0
2297,6,10.0,0,0,0,0,0,0,0,0,3,3,0,0,0,0,0
2298,4,10.0,0,0,0,0,0,0,0,0,2,2,0,0,0,0,0
2299,5,10.0,0,0,0,0,0,0,0,0,3,2,0,0,0,0,0
2300,5,10.0,0,0,0,0,0,0,0,0,2,3,0,0,0,0,0
2301,5,10.0,0,0,0,0,0,0,0,0,3,2,0,0,0,0,0
2302,4,10.0,0,0,0,0,0,0,0,0,2,2,0,0,0,0,0
2303,6,10.0,0,0,0,0,0,0,0,0,3,3,0,0,0,0,0
2304,4,10.0,0,0,0,0,0,0,0,0,2,2,0,0,0,0,0
2305,6,10.0,0,0,0,0,0,0,0,0,3,3,0,0,0,0,0
2306,5,25.8,0,0,0,0,0,0,0,0,3,2,0,0,0,0,0
2307,5,10.0,0,0,0,0,0,0,0,0,3,2,0,0,0,0,0
2308,5,10.0,0,0,0,0,0,0,0,0,2,3,0,0,0,0,0
2309,5,10.0,0,0,0,0,0,0,0,0,3,2,0,0,0,0,0
2310,5,10.0,0,0,0,0,0,0,0,0,2,3,0,0,0,0,0
2311,5,10.0,0,0,0,0,0,0,0,0,3,2,0,0,0,0,0
2312,5,10.0,0,0,0,0,0,0,0,0,2,3,0,0,0,0,0
2313,5,10.0,0,0,0,0,0,0,0,0,3,2,0,0,0,0,0
2314,4,10.0,0,0,0,0,0,0,0,0,2,2,0,0,0,0,0
2315,6,10.0,0,0,0,0,0,0,0,0,3,3,0,0,0,0,0
2316,4,10.0,0,0,0,0,0,0,0,0,2,2,0,0,0,0,0
2317,6,10.0,0,0,0,0,0,0,0,0,3,3,0,0,0,0,0
2318,5,25.8,0,0,0,0,0,0,0,0,3,2,0,0,0,0,0
2319,5,10.0,0,0,0,0,0,0,0,0,3,2,0,0,0,0,0
2320,5,10.0,0,0,0,0,0,0,0,0,2,3,0,0,0,0,0
2321,5,10.0,0,0,0,0,0,0,0,0,3,2,0,0,0,0,0
2322,5,10.0,0,0,0,0,0,0,0,0,2,3,0,0,0,0,0
2323,4,10.0,0,0,0,0,0,0,0,0,2,2,0,0,0,0,0
2324,5,10.0,0,0,0,0,0,0,0,0,3,2,0,0,0,0,0
2325,5,10.0,0,0,0,0,0,0,0,0,2,3,0,0,0,0,0
2326,5,10.0,0,0,0,0,0,0,0,0,3,2,0,0,0,0,0
2327,5,10.0,0,0,0,0,0,0,0,0,2,3,0,0,0,0,0
2328,5,10.0,0,0,0,0,0,0,0,0,3,2,0,0,0,0,0
2329,4,10.0,0,0,0,0,0,0,0,0,2,2,0,0,0,0,0
2330,7,21.29,0,0,0,0,0,0,0,0,4,3,0,0,0,0,0
2331,4,10.0,0,0,0,0,0,0,0,0,2,2,0,0,0,0,0
2332,6,10.0,0,0,0,0,0,0,0,0,3,3,0,0,0,0,0
2333,4,10.0,0,0,0,0,0,0,0,0,2,2,0,0,0,0,0
2334,5,10.0,0,0,0,0,0,0,0,0,3,2,0,0,0,0,0
2335,5,10.0,0,0,0,0,0,0,0,0,2,3,0,0,0,0,0
2336,5,10.0,0,0,0,0,0,0,0,0,3,2,0,0,0,0,0
2337,4,10.0,0,0,0,0,0,0,0,0,2,2,0,0,0,0,0
2338,6,10.0,0,0,0,0,0,0,0,0,3,3,0,0,0,0,0
2339,4,10.0,0,0,0,0,0,0,0,0,2,2,0,0,0,0,0
2340,6,10.0,0,0,0,0,0,0,0,0,3,3,0,0,0,0,0
2341,4,10.0,0,0,0,0,0,0,0,0,2,2,0,0,0,0,0
2342,7,21.29,0,0,0,0,0,0,0,0,4,3,0,0,0,0,0
2343,4,10.0,0,0,0,0,0,0,0,0,2,2,0,0,0,0,0
2344,5,10.0,0,0,0,0,0,0,0,0,3,2,0,0,0,0,0
2345,5,10.0,0,0,0,0,0,0,0,0,2,3,0,0,0,0,0
2346,5,10.0,0,0,0,0,0,0,0,0,3,2,0,0,0,0,0
2347,4,10.0,0,0,0,0,0,0,0,0,2,2,0,0,0,0,0
2348,6,10.0,0,0,0,0,0,0,0,0,3,3,0,0,0,0,0
2349,4,10.0,0,0,0,0,0,0,0,0,2,2,0,0,0,0,0
2350,6,10.0,0,0,0,0,0,0,0,0,3,3,0,0,0,0,0
2351,4,10.0,0,0,0,0,0,0,0,0,2,2,0,0,0,0,0
2352,5,10.0,0,0,0,0,0,0,0,0,3,2,0,0,0,0,0
2353,5,10.0,0,0,0,0,0,0,0,0,2,3,0,0,0,0,0
2354,5,25.8,0,0,0,0,0,0,0,0,3,2,0,0,0,0,0
2355,6,10.0,0,0,0,0,0,0,0,0,3,3,0,0,0,0,0
2356,4,10.0,0,0,0,0,0,0,0,0,2,2,0,0,0,0,0
2357,5,10.0,0,0,0,0,0,0,0,0,3,2,0,0,0,0,0
2358,5,10.0,0,0,0,0,0,0,0,0,2,3,0,0,0,0,0
2359,5,10.0,0,0,0,0,0,0,0,0,3,2,0,0,0,0,0
2360,5,10.0,0,0,0,0,0,0,0,0,2,3,0,0,0,0,0
2361,5,10.0,0,0,0,0,0,0,0,0,3,2,0,0,0,0,0
2362,4,10.0,0,0,0,0,0,0,0,0,2,2,0,0,0,0,0
2363,6,10.0,0,0,0,0,0,0,0,0,3,3,0,0,0,0,0
2364,4,10.0,0,0,0,0,0,0,0,0,2,2,0,0,0,0,0
2365,5,10.0,0,0,0,0,0,0,0,0,3,2,0,0,0,0,0
2366,6,23.17,0,0,0,0,0,0,0,0,3,3,0,0,0,0,0
2367,5,10.0,0,0,0,0,0,0,0,0,3,2,0,0,0,0,0
2368,5,10.0,0,0,0,0,0,0,0,0,2,3,0,0,0,0,0
2369,5,10.0,0,0,0,0,0,0,0,0,3,2,0,0,0,0,0
2370,4,10.0,0,0,0,0,0,0,0,0,2,2,0,0,0,0,0
2371,6,10.0,0,0,0,0,0,0,0,0,3,3,0,0,0,0,0
2372,4,10.0,0,0,0,0,0,0,0,0,2,2,0,0,0,0,0
2373,6,10.0,0,0,0,0,0,0,0,0,3,3,0,0,0,0,0
2374,4,10.0,0,0,0,0,0,0,0,0,2,2,0,0,0,0,0
2375,5,10.0,0,0,0,0,0,0,0,0,3,2,0,0,0,0,0
2376,5,10.0,0,0,0,0,0,0,0,0,2,3,0,0,0,0,0
2377,5,10.0,0,0,0,0,0,0,0,0,3,2,0,0,0,0,0
2378,6,23.17,0,0,0,0,0,0,0,0,3,3,0,0,0,0,0
2379,5,10.0,0,0,0,0,0,0,0,0,3,2,0,0,0,0,0
2380,4,10.0,0,0,0,0,0,0,0,0,2,2,0,0,0,0,0
2381,6,10.0,0,0,0,0,0,0,0,0,3,3,0,0,0,0,0
2382,4,10.0,0,0,0,0,0,0,0,0,2,2,0,0,0,0,0
2383,6,10.0,0,0,0,0,0,0,0,0,3,3,0,0,0,0,0
2384,4,10.0,0,0,0,0,0,0,0,0,2,2,0,0,0,0,0
2385,4,10.0,0,0,0,0,0,0,0,0,2,2,0,0,0,0,0
2386,6,10.0,0,0,0,0,0,0,0,0,3,3,0,0,0,0,0
2387,4,10.0,0,0,0,0,0,0,0,0,2,2,0,0,0,0,0
2388,6,10.0,0,0,0,0,0,0,0,0,3,3,0,0,0,0,0
2389,4,10.0,0,0,0,0,0,0,0,0,2,2,0,0,0,0,0
2390,6,23.17,0,0,0,0,0,0,0,0,4,2,0,0,0,0,0
2391,5,10.0,0,0,0,0,0,0,0,0,2,3,0,0,0,0,0
2392,5,10.0,0,0,0,0,0,0,0,0,3,2,0,0,0,0,0
2393,5,10.0,0,0,0,0,0,0,0,0,2,3,0,0,0,0,0
2394,5,10.0,0,0,0,0,0,0,0,0,3,2,0,0,0,0,0
2395,4,10.0,0,0,0,0,0,0,0,0,2,2,0,0,0,0,0
2396,6,10.0,0,0,0,0,0,0,0,0,3,3,0,0,0,0,0
2397,4,10.0,0,0,0,0,0,0,0,0,2,2,0,0,0,0,0
2398,6,10.0,0,0,0,0,0,0,0,0,3,3,0,0,0,0,0
2399,4,10.0,0,0,0,0,0,0,0,0,2,2,0,0,0,0,0
2400,5,10.0,0,0,0,0,0,0,0,0,3,2,0,0,0,0,0
2401,5,10.0,0,0,0,0,0,0,0,0,2,3,0,0,0,0,0
2402,6,23.17,0,0,0,0,0,0,0,0,4,2,0,0,0,0,0
2403,4,10.0,0,0,0,0,0,0,0,0,2,2,0,0,0,0,0
2404,6,10.0,0,0,0,0,0,0,0,0,3,3,0,0,0,0,0
2405,4,10.0,0,0,0,0,0,0,0,0,2,2,0,0,0,0,0
2406,6,10.0,0,0,0,0,0,0,0,0,3,3,0,0,0,0,0
2407,4,10.0,0,0,0,0,0,0,0,0,2,2,0,0,0,0,0
2408,5,10.0,0,0,0,0,0,0,0,0,3,2,0,0,0,0,0
2409,5,10.0,0,0,0,0,0,0,0,0,2,3,0,0,0,0,0
2410,5,10.0,0,0,0,0,0,0,0,0,3,2,0,0,0,0,0
2411,5,10.0,0,0,0,0,0,0,0,0,2,3,0,0,0,0,0
2412,5,10.0,0,0,0,0,0,0,0,0,3,2,0,0,0,0,0
2413,4,10.0,0,0,0,0,0,0,0,0,2,2,0,0,0,0,0
2414,7,21.29,0,0,0,0,0,0,0,0,4,3,0,0,0,0,0
2415,4,10.0,0,0,0,0,0,0,0,0,2,2,0,0,0,0,0
2416,5,10.0,0,0,0,0,0,0,0,0,2,3,0,0,0,0,0
2417,5,10.0,0,0,0,0,0,0,0,0,3,2,0,0,0,0,0
2418,4,10.0,0,0,0,0,0,0,0,0,2,2,0,0,0,0,0
2419,6,10.0,0,0,0,0,0,0,0,0,3,3,0,0,0,0,0
2420,4,10.0,0,0,0,0,0,0,0,0,2,2,0,0,0,0,0
2421,6,10.0,0,0,0,0,0,0,0,0,3,3,0,0,0,0,0
2422,4,10.0,0,0,0,0,0,0,0,0,2,2,0,0,0,0,0
2423,6,10.0,0,0,0,0,0,0,0,0,3,3,0,0,0,0,0
2424,4,10.0,0,0,0,0,0,0,0,0,2,2,0,0,0,0,0
2425,5,10.0,0,0,0,0,0,0,0,0,3,2,0,0,0,0,0
2426,6,23.17,0,0,0,0,0,0,0,0,3,3,0,0,0,0,0
2427,5,10.0,0,0,0,0,0,0,0,0,3,2,0,0,0,0,0
2428,5,10.0,0,0,0,0,0,0,0,0,2,3,0,0,0,0,0
2429,5,10.0,0,0,0,0,0,0,0,0,3,2,0,0,0,0,0
2430,4,10.0,0,0,0,0,0,0,0,0,2,2,0,0,0,0,0
2431,6,10.0,0,0,0,0,0,0,0,0,3,3,0,0,0,0,0
2432,4,10.0,0,0,0,0,0,0,0,0,2,2,0,0,0,0,0
2433,5,10.0,0,0,0,0,0,0,0,0,3,2,0,0,0,0,0
2434,5,10.0,0,0,0,0,0,0,0,0,2,3,0,0,0,0,0
2435,5,10.0,0,0,0,0,0,0,0,0,3,2,0,0,0,0,0
2436,5,10.0,0,0,0,0,0,0,0,0,2,3,0,0,0,0,0
2437,5,10.0,0,0,0,0,0,0,0,0,3,2,0,0,0,0,0
2438,5,25.8,0,0,0,0,0,0,0,0,3,2,0,0,0,0,0
2439,6,10.0,0,0,0,0,0,0,0,0,3,3,0,0,0,0,0
2440,4,10.0,0,0,0,0,0,0,0,0,2,2,0,0,0,0,0
2441,6,10.0,0,0,0,0,0,0,0,0,3,3,0,0,0,0,0
2442,4,10.0,0,0,0,0,0,0,0,0,2,2,0,0,0,0,0
2443,5,10.0,0,0,0,0,0,0,0,0,3,2,0,0,0,0,0
2444,5,10.0,0,0,0,0,0,0,0,0,2,3,0,0,0,0,0
2445,5,10.0,0,0,0,0,0,0,0,0,3,2,0,0,0,0,0
2446,5,10.0,0,0,0,0,0,0,0,0,2,3,0,0,0,0,0
2447,4,10.0,0,0,0,0,0,0,0,0,2,2,0,0,0,0,0
2448,5,10.0,0,0,0,0,0,0,0,0,3,2,0,0,0,0,0
2449,5,10.0,0,0,0,0,0,0,0,0,2,3,0,0,0,0,0
2450,6,23.17,0,0,0,0,0,0,0,0,4,2,0,0,0,0,0
2451,5,10.0,0,0,0,0,0,0,0,0,2,3,0,0,0,0,0
2452,5,10.0,0,0,0,0,0,0,0,0,3,2,0,0,0,0,0
2453,4,10.0,0,0,0,0,0,0,0,0,2,2,0,0,0,0,0
2454,6,10.0,0,0,0,0,0,0,0,0,3,3,0,0,0,0,0
2455,4,10.0,0,0,0,0,0,0,0,0,2,2,0,0,0,0,0
2456,6,10.0,0,0,0,0,0,0,0,0,3,3,0,0,0,0,0
2457,4,10.0,0,0,0,0,0,0,0,0,2,2,0,0,0,0,0
2458,5,10.0,0,0,0,0,0,0,0,0,3,2,0,0,0,0,0
2459,5,10.0,0,0,0,0,0,0,0,0,2,3,0,0,0,0,0
2460,5,10.0,0,0,0,0,0,0,0,0,3,2,0,0,0,0,0
2461,5,10.0,0,0,0,0,0,0,0,0,2,3,0,0,0,0,0
2462,6,23.17,0,0,0,0,0,0,0,0,4,2,0,0,0,0,0
2463,4,10.0,0,0,0,0,0,0,0,0,2,2,0,0,0,0,0
2464,6,10.0,0,0,0,0,0,0,0,0,3,3,0,0,0,0,0
2465,4,10.0,0,0,0,0,0,0,0,0,2,2,0,0,0,0,0
2466,6,10.0,0,0,0,0,0,0,0,0,3,3,0,0,0,0,0
2467,4,10.0,0,0,0,0,0,0,0,0,2,2,0,0,0,0,0
2468,5,10.0,0,0,0,0,0,0,0,0,3,2,0,0,0,0,0
2469,5,10.0,0,0,0,0,0,0,0,0,2,3,0,0,0,0,0
2470,5,10.0,0,0,0,0,0,0,0,0,3,2,0,0,0,0,0
2471,5,10.0,0,0,0,0,0,0,0,0,2,3,0,0,0,0,0
2472,5,10.0,0,0,0,0,0,0,0,0,3,2,0,0,0,0,0
2473,4,10.0,0,0,0,0,0,0,0,0,2,2,0,0,0,0,0
2474,7,21.29,0,0,0,0,0,0,0,0,4,3,0,0,0,0,0
2475,4,10.0,0,0,0,0,0,0,0,0,2,2,0,0,0,0,0
2476,6,10.0,0,0,0,0,0,0,0,0,3,3,0,0,0,0,0
2477,4,10.0,0,0,0,0,0,0,0,0,2,2,0,0,0,0,0
2478,4,10.0,0,0,0,0,0,0,0,0,2,2,0,0,0,0,0
2479,6,10.0,0,0,0,0,0,0,0,0,3,3,0,0,0,0,0
2480,4,10.0,0,0,0,0,0,0,0,0,2,2,0,0,0,0,0
2481,6,10.0,0,0,0,0,0,0,0,0,3,3,0,0,0,0,0
2482,4,10.0,0,0,0,0,0,0,0,0,2,2,0,0,0,0,0
2483,5,10.0,0,0,0,0,0,0,0,0,3,2,0,0,0,0,0
2484,5,10.0,0,0,0,0,0,0,0,0,2,3,0,0,0,0,0
2485,5,10.0,0,0,0,0,0,0,0,0,3,2,0,0,0,0,0
2486,6,23.17,0,0,0,0,0,0,0,0,3,3,0,0,0,0,0
2487,5,10.0,0,0,0,0,0,0,0,0,3,2,0,0,0,0,0
2488,4,10.0,0,0,0,0,0,0,0,0,2,2,0,0,0,0,0
2489,6,10.0,0,0,0,0,0,0,0,0,3,3,0,0,0,0,0
2490,4,10.0,0,0,0,0,0,0,0,0,2,2,0,0,0,0,0
2491,5,10.0,0,0,0,0,0,0,0,0,3,2,0,0,0,0,0
2492,5,10.0,0,0,0,0,0,0,0,0,2,3,0,0,0,0,0
2493,5,10.0,0,0,0,0,0,0,0,0,3,2,0,0,0,0,0
2494,5,10.0,0,0,0,0,0,0,0,0,2,3,0,0,0,0,0
2495,5,10.0,0,0,0,0,0,0,0,0,3,2,0,0,0,0,0
2496,4,10.0,0,0,0,0,0,0,0,0,2,2,0,0,0,0,0
2497,6,10.0,0,0,0,0,0,0,0,0,3,3,0,0,0,0,0
2498,5,25.8,0,0,0,0,0,0,0,0,3,2,0,0,0,0,0
2499,6,10.0,0,0,0,0,0,0,0,0,3,3,0,0,0,0,0
2500,4,10.0,0,0,0,0,0,0,0,0,2,2,0,0,0,0,0
2501,6,10.0,0,0,0,0,0,0,0,0,3,3,0,0,0,0,0
2502,4,10.0,0,0,0,0,0,0,0,0,2,2,0,0,0,0,0
2503,5,10.0,0,0,0,0,0,0,0,0,3,2,0,0,0,0,0
2504,5,10.0,0,0,0,0,0,0,0,0,2,3,0,0,0,0,0
2505,5,10.0,0,0,0,0,0,0,0,0,3,2,0,0,0,0,0
2506,4,10.0,0,0,0,0,0,0,0,0,2,2,0,0,0,0,0
2507,6,10.0,0,0,0,0,0,0,0,0,3,3,0,0,0,0,0
2508,4,10.0,0,0,0,0,0,0,0,0,2,2,0,0,0,0,0
2509,5,10.0,0,0,0,0,0,0,0,0,2,3,0,0,0,0,0
2510,6,23.17,0,0,0,0,0,0,0,0,4,2,0,0,0,0,0
2511,4,10.0,0,0,0,0,0,0,0,0,2,2,0,0,0,0,0
2512,6,10.0,0,0,0,0,0,0,0,0,3,3,0,0,0,0,0
2513,4,10.0,0,0,0,0,0,0,0,0,2,2,0,0,0,0,0
2514,6,10.0,0,0,0,0,0,0,0,0,3,3,0,0,0,0,0
2515,4,10.0,0,0,0,0,0,0,0,0,2,2,0,0,0,0,0
2516,5,10.0,0,0,0,0,0,0,0,0,3,2,0,0,0,0,0
2517,5,10.0,0,0,0,0,0,0,0,0,2,3,0,0,0,0,0
2518,5,10.0,0,0,0,0,0,0,0,0,3,2,0,0,0,0,0
2519,5,10.0,0,0,0,0,0,0,0,0,2,3,0,0,0,0,0
2520,5,10.0,0,0,0,0,0,0,0,0,3,2,0,0,0,0,0
2521,4,10.0,0,0,0,0,0,0,0,0,2,2,0,0,0,0,0
2522,7,21.29,0,0,0,0,0,0,0,0,4,3,0,0,0,0,0
2523,4,10.0,0,0,0,0,0,0,0,0,2,2,0,0,0,0,0
2524,6,10.0,0,0,0,0,0,0,0,0,3,3,0,0,0,0,0
2525,4,10.0,0,0,0,0,0,0,0,0,2,2,0,0,0,0,0
2526,5,10.0,0,0,0,0,0,0,0,0,3,2,0,0,0,0,0
2527,5,10.0,0,0,0,0,0,0,0,0,2,3,0,0,0,0,0
2528,5,10.0,0,0,0,0,0,0,0,0,3,2,0,0,0,0,0
2529,5,10.0,0,0,0,0,0,0,0,0,2,3,0,0,0,0,0
2530,5,10.0,0,0,0,0,0,0,0,0,3,2,0,0,0,0,0
2531,4,10.0,0,0,0,0,0,0,0,0,2,2,0,0,0,0,0
2532,6,10.0,0,0,0,0,0,0,0,0,3,3,0,0,0,0,0
2533,4,10.0,0,0,0,0,0,0,0,0,2,2,0,0,0,0,0
2534,7,21.29,0,0,0,0,0,0,0,0,4,3,0,0,0,0,0
2535,4,10.0,0,0,0,0,0,0,0,0,2,2,0,0,0,0,0
2536,5,10.0,0,0,0,0,0,0,0,0,3,2,0,0,0,0,0
2537,5,10.0,0,0,0,0,0,0,0,0,2,3,0,0,0,0,0
2538,5,10.0,0,0,0,0,0,0,0,0,3,2,0,0,0,0,0
2539,5,10.0,0,0,0,0,0,0,0,0,2,3,0,0,0,0,0
2540,4,10.0,0,0,0,0,0,0,0,0,2,2,0,0,0,0,0
2541,5,10.0,0,0,0,0,0,0,0,0,3,2,0,0,0,0,0
2542,5,10.0,0,0,0,0,0,0,0,0,2,3,0,0,0,0,0
2543,5,10.0,0,0,0,0,0,0,0,0,3,2,0,0,0,0,0
2544,5,10.0,0,0,0,0,0,0,0,0,2,3,0,0,0,0,0
2545,5,10.0,0,0,0,0,0,0,0,0,3,2,0,0,0,0,0
2546,5,25.8,0,0,0,0,0,0,0,0,3,2,0,0,0,0,0
2547,6,10.0,0,0,0,0,0,0,0,0,3,3,0,0,0,0,0
2548,4,10.0,0,0,0,0,0,0,0,0,2,2,0,0,0,0,0
2549,6,10.0,0,0,0,0,0,0,0,0,3,3,0,0,0,0,0
2550,4,10.0,0,0,0,0,0,0,0,0,2,2,0,0,0,0,0
2551,5,10.0,0,0,0,0,0,0,0,0,3,2,0,0,0,0,0
2552,5,10.0,0,0,0,0,0,0,0,0,2,3,0,0,0,0,0
2553,5,10.0,0,0,0,0,0,0,0,0,3,2,0,0,0,0,0
2554,5,10.0,0,0,0,0,0,0,0,0,2,3,0,0,0,0,0
2555,5,10.0,0,0,0,0,0,0,0,0,3,2,0,0,0,0,0
2556,4,10.0,0,0,0,0,0,0,0,0,2,2,0,0,0,0,0
2557,6,10.0,0,0,0,0,0,0,0,0,3,3,0,0,0,0,0
2558,5,25.8,0,0,0,0,0,0,0,0,3,2,0,0,0,0,0
2559,6,10.0,0,0,0,0,0,0,0,0,3,3,0,0,0,0,0
2560,4,10.0,0,0,0,0,0,0,0,0,2,2,0,0,0,0,0
2561,5,10.0,0,0,0,0,0,0,0,0,3,2,0,0,0,0,0
2562,5,10.0,0,0,0,0,0,0,0,0,2,3,0,0,0,0,0
2563,5,10.0,0,0,0,0,0,0,0,0,3,2,0,0,0,0,0
2564,4,10.0,0,0,0,0,0,0,0,0,2,2,0,0,0,0,0
2565,6,10.0,0,0,0,0,0,0,0,0,3,3,0,0,0,0,0
2566,4,10.0,0,0,0,0,0,0,0,0,2,2,0,0,0,0,0
2567,6,10.0,0,0,0,0,0,0,0,0,3,3,0,0,0,0,0
2568,4,10.0,0,0,0,0,0,0,0,0,2,2,0,0,0,0,0
2569,5,10.0,0,0,0,0,0,0,0,0,3,2,0,0,0,0,0
2570,6,23.17,0,0,0,0,0,0,0,0,3,3,0,0,0,0,0
2571,4,10.0,0,0,0,0,0,0,0,0,2,2,0,0,0,0,0
2572,6,10.0,0,0,0,0,0,0,0,0,3,3,0,0,0,0,0
2573,4,10.0,0,0,0,0,0,0,0,0,2,2,0,0,0,0,0
2574,6,10.0,0,0,0,0,0,0,0,0,3,3,0,0,0,0,0
2575,4,10.0,0,0,0,0,0,0,0,0,2,2,0,0,0,0,0
2576,5,10.0,0,0,0,0,0,0,0,0,3,2,0,0,0,0,0
2577,5,10.0,0,0,0,0,0,0,0,0,2,3,0,0,0,0,0
2578,5,10.0,0,0,0,0,0,0,0,0,3,2,0,0,0,0,0
2579,4,10.0,0,0,0,0,0,0,0,0,2,2,0,0,0,0,0
2580,6,10.0,0,0,0,0,0,0,0,0,3,3,0,0,0,0,0
2581,4,10.0,0,0,0,0,0,0,0,0,2,2,0,0,0,0,0
2582,7,21.29,0,0,0,0,0,0,0,0,4,3,0,0,0,0,0
2583,4,10.0,0,0,0,0,0,0,0,0,2,2,0,0,0,0,0
2584,5,10.0,0,0,0,0,0,0,0,0,3,2,0,0,0,0,0
2585,5,10.0,0,0,0,0,0,0,0,0,2,3,0,0,0,0,0
2586,5,10.0,0,0,0,0,0,0,0,0,3,2,0,0,0,0,0
2587,5,10.0,0,0,0,0,0,0,0,0,2,3,0,0,0,0,0
2588,5,10.0,0,0,0,0,0,0,0,0,3,2,0,0,0,0,0
2589,5,10.0,0,0,0,0,0,0,0,0,2,3,0,0,0,0,0
2590,5,10.0,0,0,0,0,0,0,0,0,3,2,0,0,0,0,0
2591,4,10.0,0,0,0,0,0,0,0,0,2,2,0,0,0,0,0
2592,6,10.0,0,0,0,0,0,0,0,0,3,3,0,0,0,0,0
2593,4,10.0,0,0,0,0,0,0,0,0,2,2,0,0,0,0,0
2594,7,21.29,0,0,0,0,0,0,0,0,4,3,0,0,0,0,0
2595,4,10.0,0,0,0,0,0,0,0,0,2,2,0,0,0,0,0
2596,5,10.0,0,0,0,0,0,0,0,0,3,2,0,0,0,0,0
2597,5,10.0,0,0,0,0,0,0,0,0,2,3,0,0,0,0,0
2598,5,10.0,0,0,0,0,0,0,0,0,3,2,0,0,0,0,0
2599,4,10.0,0,0,0,0,0,0,0,0,2,2,0,0,0,0,0
2600,6,10.0,0,0,0,0,0,0,0,0,3,3,0,0,0,0,0
2601,4,10.0,0,0,0,0,0,0,0,0,2,2,0,0,0,0,0
2602,5,10.0,0,0,0,0,0,0,0,0,2,3,0,0,0,0,0
2603,5,10.0,0,0,0,0,0,0,0,0,3,2,0,0,0,0,0
2604,4,10.0,0,0,0,0,0,0,0,0,2,2,0,0,0,0,0
2605,6,10.0,0,0,0,0,0,0,0,0,3,3,0,0,0,0,0
2606,5,25.8,0,0,0,0,0,0,0,0,3,2,0,0,0,0,0
2607,6,10.0,0,0,0,0,0,0,0,0,3,3,0,0,0,0,0
2608,4,10.0,0,0,0,0,0,0,0,0,2,2,0,0,0,0,0
2609,5,10.0,0,0,0,0,0,0,0,0,3,2,0,0,0,0,0
2610,5,10.0,0,0,0,0,0,0,0,0,2,3,0,0,0,0,0
2611,5,10.0,0,0,0,0,0,0,0,0,3,2,0,0,0,0,0
2612,5,10.0,0,0,0,0,0,0,0,0,2,3,0,0,0,0,0
2613,5,10.0,0,0,0,0,0,0,0,0,3,2,0,0,0,0,0
2614,4,10.0,0,0,0,0,0,0,0,0,2,2,0,0,0,0,0
2615,6,10.0,0,0,0,0,0,0,0,0,3,3,0,0,0,0,0
2616,4,10.0,0,0,0,0,0,0,0,0,2,2,0,0,0,0,0
2617,6,10.0,0,0,0,0,0,0,0,0,3,3,0,0,0,0,0
2618,5,25.8,0,0,0,0,0,0,0,0,3,2,0,0,0,0,0
2619,5,10.0,0,0,0,0,0,0,0,0,3,2,0,0,0,0,0
2620,5,10.0,0,0,0,0,0,0,0,0,2,3,0,0,0,0,0
2621,5,10.0,0,0,0,0,0,0,0,0,3,2,0,0,0,0,0
2622,5,10.0,0,0,0,0,0,0,0,0,2,3,0,0,0,0,0
2623,5,10.0,0,0,0,0,0,0,0,0,3,2,0,0,0,0,0
2624,4,10.0,0,0,0,0,0,0,0,0,2,2,0,0,0,0,0
2625,6,10.0,0,0,0,0,0,0,0,0,3,3,0,0,0,0,0
2626,4,10.0,0,0,0,0,0,0,0,0,2,2,0,0,0,0,0
2627,6,10.0,0,0,0,0,0,0,0,0,3,3,0,0,0,0,0
2628,4,10.0,0,0,0,0,0,0,0,0,2,2,0,0,0,0,0
2629,5,10.0,0,0,0,0,0,0,0,0,3,2,0,0,0,0,0
2630,6,23.17,0,0,0,0,0,0,0,0,3,3,0,0,0,0,0
2631,5,10.0,0,0,0,0,0,0,0,0,3,2,0,0,0,0,0
2632,5,10.0,0,0,0,0,0,0,0,0,2,3,0,0,0,0,0
2633,4,10.0,0,0,0,0,0,0,0,0,2,2,0,0,0,0,0
2634,6,10.0,0,0,0,0,0,0,0,0,3,3,0,0,0,0,0
2635,4,10.0,0,0,0,0,0,0,0,0,2,2,0,0,0,0,0
2636,5,10.0,0,0,0,0,0,0,0,0,3,2,0,0,0,0,0
2637,5,10.0,0,0,0,0,0,0,0,0,2,3,0,0,0,0,0
2638,5,10.0,0,0,0,0,0,0,0,0,3,2,0,0,0,0,0
2639,5,10.0,0,0,0,0,0,0,0,0,2,3,0,0,0,0,0
2640,5,10.0,0,0,0,0,0,0,0,0,3,2,0,0,0,0,0
2641,4,10.0,0,0,0,0,0,0,0,0,2,2,0,0,0,0,0
2642,7,21.29,0,0,0,0,0,0,0,0,4,3,0,0,0,0,0
2643,4,10.0,0,0,0,0,0,0,0,0,2,2,0,0,0,0,0
2644,5,10.0,0,0,0,0,0,0,0,0,3,2,0,0,0,0,0
2645,5,10.0,0,0,0,0,0,0,0,0,2,3,0,0,0,0,0
2646,5,10.0,0,0,0,0,0,0,0,0,3,2,0,0,0,0,0
2647,5,10.0,0,0,0,0,0,0,0,0,2,3,0,0,0,0,0
2648,5,10.0,0,0,0,0,0,0,0,0,3,2,0,0,0,0,0
2649,4,10.0,0,0,0,0,0,0,0,0,2,2,0,0,0,0,0
2650,6,10.0,0,0,0,0,0,0,0,0,3,3,0,0,0,0,0
2651,4,10.0,0,0,0,0,0,0,0,0,2,2,0,0,0,0,0
2652,6,10.0,0,0,0,0,0,0,0,0,3,3,0,0,0,0,0
2653,4,10.0,0,0,0,0,0,0,0,0,2,2,0,0,0,0,0
2654,6,23.17,0,0,0,0,0,0,0,0,4,2,0,0,0,0,0
2655,5,10.0,0,0,0,0,0,0,0,0,2,3,0,0,0,0,0
2656,5,10.0,0,0,0,0,0,0,0,0,3,2,0,0,0,0,0
2657,5,10.0,0,0,0,0,0,0,0,0,2,3,0,0,0,0,0
2658,5,10.0,0,0,0,0,0,0,0,0,3,2,0,0,0,0,0
2659,4,10.0,0,0,0,0,0,0,0,0,2,2,0,0,0,0,0
2660,6,10.0,0,0,0,0,0,0,0,0,3,3,0,0,0,0,0
2661,4,10.0,0,0,0,0,0,0,0,0,2,2,0,0,0,0,0
2662,6,10.0,0,0,0,0,0,0,0,0,3,3,0,0,0,0,0
2663,4,10.0,0,0,0,0,0,0,0,0,2,2,0,0,0,0,0
2664,4,10.0,0,0,0,0,0,0,0,0,2,2,0,0,0,0,0
2665,6,10.0,0,0,0,0,0,0,0,0,3,3,0,0,0,0,0
2666,5,25.8,0,0,0,0,0,0,0,0,3,2,0,0,0,0,0
2667,6,10.0,0,0,0,0,0,0,0,0,3,3,0,0,0,0,0
2668,4,10.0,0,0,0,0,0,0,0,0,2,2,0,0,0,0,0
2669,5,10.0,0,0,0,0,0,0,0,0,3,2,0,0,0,0,0
2670,5,10.0,0,0,0,0,0,0,0,0,2,3,0,0,0,0,0
2671,5,10.0,0,0,0,0,0,0,0,0,3,2,0,0,0,0,0
2672,5,10.0,0,0,0,0,0,0,0,0,2,3,0,0,0,0,0
2673,5,10.0,0,0,0,0,0,0,0,0,3,2,0,0,0,0,0
2674,4,10.0,0,0,0,0,0,0,0,0,2,2,0,0,0,0,0
2675,6,10.0,0,0,0,0,0,0,0,0,3,3,0,0,0,0,0
2676,4,10.0,0,0,0,0,0,0,0,0,2,2,0,0,0,0,0
2677,6,10.0,0,0,0,0,0,0,0,0,3,3,0,0,0,0,0
2678,5,25.8,0,0,0,0,0,0,0,0,3,2,0,0,0,0,0
2679,5,10.0,0,0,0,0,0,0,0,0,3,2,0,0,0,0,0
2680,5,10.0,0,0,0,0,0,0,0,0,2,3,0,0,0,0,0
2681,5,10.0,0,0,0,0,0,0,0,0,3,2,0,0,0,0,0
2682,5,10.0,0,0,0,0,0,0,0,0,2,3,0,0,0,0,0
2683,5,10.0,0,0,0,0,0,0,0,0,3,2,0,0,0,0,0
2684,4,10.0,0,0,0,0,0,0,0,0,2,2,0,0,0,0,0
2685,6,10.0,0,0,0,0,0,0,0,0,3,3,0,0,0,0,0
2686,4,10.0,0,0,0,0,0,0,0,0,2,2,0,0,0,0,0
2687,6,10.0,0,0,0,0,0,0,0,0,3,3,0,0,0,0,0
2688,4,10.0,0,0,0,0,0,0,0,0,2,2,0,0,0,0,0
2689,5,10.0,0,0,0,0,0,0,0,0,3,2,0,0,0,0,0
2690,6,23.17,0,0,0,0,0,0,0,0,3,3,0,0,0,0,0
2691,5,10.0,0,0,0,0,0,0,0,0,3,2,0,0,0,0,0
2692,5,10.0,0,0,0,0,0,0,0,0,2,3,0,0,0,0,0
2693,5,10.0,0,0,0,0,0,0,0,0,3,2,0,0,0,0,0
2694,4,21.0,0,0,0,0,0,0,0,0,2,2,0,1,1,0,0
2695,5,10.0,0,0,0,0,0,0,0,0,2,3,0,0,0,0,0
2696,5,10.0,0,0,0,0,0,0,0,0,3,2,0,0,0,0,0
2697,5,10.0,0,0,0,0,0,0,0,0,2,3,0,0,0,0,0
2698,5,13.2,0,0,0,0,0,0,0,0,3,2,1,1,0,0,0
2699,4,10.0,0,0,0,0,0,0,0,0,2,2,0,0,0,0,0
2700,6,10.0,0,0,0,0,0,0,0,0,3,3,0,0,0,0,0
2701,4,10.0,0,0,0,0,0,0,0,0,2,2,0,0,0,0,0
2702,7,21.29,0,0,0,0,0,0,0,0,4,3,0,0,0,0,0
2703,4,10.0,0,0,0,0,0,0,0,0,2,2,0,0,0,0,0
2704,5,10.0,0,0,0,0,0,0,0,0,3,2,0,0,0,0,0
2705,5,10.0,0,0,0,0,0,0,0,0,2,3,0,0,0,0,0
2706,5,10.0,0,0,0,0,0,0,0,0,3,2,0,0,0,0,0
2707,5,10.0,0,0,0,0,0,0,0,0,2,3,0,0,0,0,0
2708,5,10.0,0,0,0,0,0,0,0,0,3,2,0,0,0,0,0
2709,4,10.0,0,0,0,0,0,0,0,0,2,2,0,0,0,0,0
2710,6,10.0,0,0,0,0,0,0,0,0,3,3,0,0,0,0,0
2711,4,10.0,0,0,0,0,0,0,0,0,2,2,0,0,0,0,0
2712,6,10.0,0,0,0,0,0,0,0,0,3,3,0,0,0,0,0
2713,4,10.0,0,0,0,0,0,0,0,0,2,2,0,0,0,0,0
2714,6,23.17,0,0,0,0,0,0,0,0,4,2,0,0,0,0,0
2715,5,10.0,0,0,0,0,0,0,0,0,2,3,0,0,0,0,0
2716,5,10.0,0,0,0,0,0,0,0,0,3,2,0,0,0,0,0
2717,5,10.0,0,0,0,0,0,0,0,0,2,3,0,0,0,0,0
2718,5,10.0,0,0,0,0,0,0,0,0,3,2,0,0,0,0,0
2719,5,10.0,0,0,0,0,0,0,0,0,2,3,0,0,0,0,0
2720,5,10.0,0,0,0,0,0,0,0,0,3,2,0,0,0,0,0
2721,4,10.0,0,0,0,0,0,0,0,0,2,2,0,0,0,0,0
2722,6,10.0,0,0,0,0,0,0,0,0,3,3,0,0,0,0,0
2723,4,10.0,0,0,0,0,0,0,0,0,2,2,0,0,0,0,0
2724,6,10.0,0,0,0,0,0,0,0,0,3,3,0,0,0,0,0
2725,4,10.0,0,0,0,0,0,0,0,0,2,2,0,0,0,0,0
2726,5,25.8,0,0,0,0,0,0,0,0,3,2,0,0,0,0,0
2727,6,10.0,0,0,0,0,0,0,0,0,3,3,0,0,0,0,0
2728,4,10.0,0,0,0,0,0,0,0,0,2,2,0,0,0,0,0
2729,5,10.0,0,0,0,0,0,0,0,0,3,2,0,0,0,0,0
2730,5,10.0,0,0,0,0,0,0,0,0,2,3,0,0,0,0,0
2731,5,10.0,0,0,0,0,0,0,0,0,3,2,0,0,0,0,0
2732,5,10.0,0,0,0,0,0,0,0,0,2,3,0,0,0,0,0
2733,5,10.0,0,0,0,0,0,0,0,0,3,2,0,0,0,0,0
2734,4,10.0,0,0,0,0,0,0,0,0,2,2,0,0,0,0,0
2735,6,10.0,0,0,0,0,0,0,0,0,3,3,0,0,0,0,0
2736,4,10.0,0,0,0,0,0,0,0,0,2,2,0,0,0,0,0
2737,6,10.0,0,0,0,0,0,0,0,0,3,3,0,0,0,0,0
2738,5,25.8,0,0,0,0,0,0,0,0,3,2,0,0,0,0,0
2739,5,10.0,0,0,0,0,0,0,0,0,3,2,0,0,0,0,0
2740,5,10.0,0,0,0,0,0,0,0,0,2,3,0,0,0,0,0
2741,5,10.0,0,0,0,0,0,0,0,0,3,2,0,0,0,0,0
2742,5,10.0,0,0,0,0,0,0,0,0,2,3,0,0,0,0,0
2743,5,10.0,0,0,0,0,0,0,0,0,3,2,0,0,0,0,0
2744,4,10.0,0,0,0,0,0,0,0,0,2,2,0,0,0,0,0
2745,6,10.0,0,0,0,0,0,0,0,0,3,3,0,0,0,0,0
2746,4,10.0,0,0,0,0,0,0,0,0,2,2,0,0,0,0,0
2747,6,10.0,0,0,0,0,0,0,0,0,3,3,0,0,0,0,0
2748,4,22.0,0,0,0,0,0,0,0,0,2,2,1,1,1,0,0
2749,5,10.0,0,0,0,0,0,0,0,0,3,2,0,0,0,0,0
2750,6,23.17,0,0,0,0,0,0,0,0,3,3,0,0,0,0,0
2751,5,14.0,0,0,0,0,0,0,0,0,3,2,0,1,0,0,0
2752,5,10.0,0,0,0,0,0,0,0,0,2,3,0,0,0,0,0
2753,5,10.0,0,0,0,0,0,0,0,0,3,2,0,0,0,0,0
2754,4,10.0,0,0,0,0,0,0,0,0,2,2,0,0,0,0,0
2755,6,10.0,0,0,0,0,0,0,0,0,3,3,0,0,0,0,0
2756,4,10.0,0,0,0,0,0,0,0,0,2,2,0,0,0,0,0
2757,4,10.0,0,0,0,0,0,0,0,0,2,2,0,0,0,0,0
2758,6,10.0,0,0,0,0,0,0,0,0,3,3,0,0,0,0,0
2759,4,10.0,0,0,0,0,0,0,0,0,2,2,0,0,0,0,0
2760,6,10.0,0,0,0,0,0,0,0,0,3,3,0,0,0,0,0
2761,4,10.0,0,0,0,0,0,0,0,0,2,2,0,0,0,0,0
2762,6,23.17,0,0,0,0,0,0,0,0,4,2,0,0,0,0,0
2763,5,10.0,0,0,0,0,0,0,0,0,2,3,0,0,0,0,0
2764,5,10.0,0,0,0,0,0,0,0,0,3,2,0,0,0,0,0
2765,5,10.0,0,0,0,0,0,0,0,0,2,3,0,0,0,0,0
2766,5,10.0,0,0,0,0,0,0,0,0,3,2,0,0,0,0,0
2767,5,10.0,0,0,0,0,0,0,0,0,2,3,0,0,0,0,0
2768,5,10.0,0,0,0,0,0,0,0,0,3,2,0,0,0,0,0
2769,4,10.0,0,0,0,0,0,0,0,0,2,2,0,0,0,0,0
2770,6,10.0,0,0,0,0,0,0,0,0,3,3,0,0,0,0,0
2771,4,10.0,0,0,0,0,0,0,0,0,2,2,0,0,0,0,0
2772,6,10.0,0,0,0,0,0,0,0,0,3,3,0,0,0,0,0
2773,4,10.0,0,0,0,0,0,0,0,0,2,2,0,0,0,0,0
2774,6,23.17,0,0,0,0,0,0,0,0,4,2,0,0,0,0,0
2775,5,10.0,0,0,0,0,0,0,0,0,2,3,0,0,0,0,0
2776,5,10.0,0,0,0,0,0,0,0,0,3,2,0,0,0,0,0
2777,4,10.0,0,0,0,0,0,0,0,0,2,2,0,0,0,0,0
2778,6,10.0,0,0,0,0,0,0,0,0,3,3,0,0,0,0,0
2779,4,10.0,0,0,0,0,0,0,0,0,2,2,0,0,0,0,0
2780,6,10.0,0,0,0,0,0,0,0,0,3,3,0,0,0,0,0
2781,4,10.0,0,0,0,0,0,0,0,0,2,2,0,0,0,0,0
2782,5,10.0,0,0,0,0,0,0,0,0,3,2,0,0,0,0,0
2783,5,10.0,0,0,0,0,0,0,0,0,2,3,0,0,0,0,0
2784,5,10.0,0,0,0,0,0,0,0,0,3,2,0,0,0,0,0
2785,5,10.0,0,0,0,0,0,0,0,0,2,3,0,0,0,0,0
2786,6,23.17,0,0,0,0,0,0,0,0,4,2,0,0,0,0,0
2787,4,10.0,0,0,0,0,0,0,0,0,2,2,0,0,0,0,0
2788,5,10.0,0,0,0,0,0,0,0,0,2,3,0,0,0,0,0
2789,5,10.0,0,0,0,0,0,0,0,0,3,2,0,0,0,0,0
2790,5,10.0,0,0,0,0,0,0,0,0,2,3,0,0,0,0,0
2791,5,10.0,0,0,0,0,0,0,0,0,3,2,0,0,0,0,0
2792,4,10.0,0,0,0,0,0,0,0,0,2,2,0,0,0,0,0
2793,6,10.0,0,0,0,0,0,0,0,0,3,3,0,0,0,0,0
2794,4,10.0,0,0,0,0,0,0,0,0,2,2,0,0,0,0,0
2795,6,10.0,0,0,0,0,0,0,0,0,3,3,0,0,0,0,0
2796,4,10.0,0,0,0,0,0,0,0,0,2,2,0,0,0,0,0
2797,5,10.0,0,0,0,0,0,0,0,0,3,2,0,0,0,0,0
2798,6,23.17,0,0,0,0,0,0,0,0,3,3,0,0,0,0,0
2799,5,10.0,0,0,0,0,0,0,0,0,3,2,0,0,0,0,0
2800,5,10.0,0,0,0,0,0,0,0,0,2,3,0,0,0,0,0
2801,5,10.0,0,0,0,0,0,0,0,0,3,2,0,0,0,0,0
2802,4,10.0,0,0,0,0,0,0,0,0,2,2,0,0,0,0,0
2803,6,10.0,0,0,0,0,0,0,0,0,3,3,0,0,0,0,0
2804,4,10.0,0,0,0,0,0,0,0,0,2,2,0,0,0,0,0
2805,6,10.0,0,0,0,0,0,0,0,0,3,3,0,0,0,0,0
2806,4,10.0,0,0,0,0,0,0,0,0,2,2,0,0,0,0,0
2807,5,10.0,0,0,0,0,0,0,0,0,3,2,0,0,0,0,0
2808,5,10.0,0,0,0,0,0,0,0,0,2,3,0,0,0,0,0
2809,5,10.0,0,0,0,0,0,0,0,0,3,2,0,0,0,0,0
2810,6,23.17,0,0,0,0,0,0,0,0,3,3,0,0,0,0,0
2811,5,10.0,0,0,0,0,0,0,0,0,3,2,0,0,0,0,0
2812,4,10.0,0,0,0,0,0,0,0,0,2,2,0,0,0,0,0
2813,6,10.0,0,0,0,0,0,0,0,0,3,3,0,0,0,0,0
2814,4,10.0,0,0,0,0,0,0,0,0,2,2,0,0,0,0,0
