Window_Num,Num_Packets,Avg_DNP3_Length,IP_Port_Src,IP_Port_Dst,Function_Codes,IIN_Val_Change,IIN_Bits_Set,Data_Object_Change
9737,4,13.5,"['192.168.1.70:49127', '192.168.1.74:20000']","['192.168.1.70:49127', '192.168.1.74:20000']","[0, 2, 0, 0, 0, 0, 0, 0, 0, 0, 0, 0, 0, 0, 0, 0, 2, 0]",0,[],0
9738,4,13.5,"['192.168.1.70:49127', '192.168.1.74:20000']","['192.168.1.70:49127', '192.168.1.74:20000']","[0, 2, 0, 0, 0, 0, 0, 0, 0, 0, 0, 0, 0, 0, 0, 0, 2, 0]",0,[],0
9739,6,13.5,"['192.168.1.70:49127', '192.168.1.74:20000']","['192.168.1.70:49127', '192.168.1.74:20000']","[0, 3, 0, 0, 0, 0, 0, 0, 0, 0, 0, 0, 0, 0, 0, 0, 3, 0]",0,[],0
9740,4,13.5,"['192.168.1.70:49127', '192.168.1.74:20000']","['192.168.1.70:49127', '192.168.1.74:20000']","[0, 2, 0, 0, 0, 0, 0, 0, 0, 0, 0, 0, 0, 0, 0, 0, 2, 0]",0,[],0
9741,4,13.5,"['192.168.1.70:49127', '192.168.1.74:20000']","['192.168.1.70:49127', '192.168.1.74:20000']","[0, 2, 0, 0, 0, 0, 0, 0, 0, 0, 0, 0, 0, 0, 0, 0, 2, 0]",0,[],0
9742,6,13.5,"['192.168.1.70:49127', '192.168.1.74:20000']","['192.168.1.70:49127', '192.168.1.74:20000']","[0, 3, 0, 0, 0, 0, 0, 0, 0, 0, 0, 0, 0, 0, 0, 0, 3, 0]",0,[],0
9743,4,13.5,"['192.168.1.70:49127', '192.168.1.74:20000']","['192.168.1.70:49127', '192.168.1.74:20000']","[0, 2, 0, 0, 0, 0, 0, 0, 0, 0, 0, 0, 0, 0, 0, 0, 2, 0]",0,[],0
9744,4,13.5,"['192.168.1.70:49127', '192.168.1.74:20000']","['192.168.1.70:49127', '192.168.1.74:20000']","[0, 2, 0, 0, 0, 0, 0, 0, 0, 0, 0, 0, 0, 0, 0, 0, 2, 0]",0,[],0
9745,8,29.12,"['192.168.1.70:49127', '192.168.1.74:20000']","['192.168.1.70:49127', '192.168.1.74:20000']","[0, 4, 0, 0, 0, 0, 0, 0, 0, 0, 0, 0, 0, 0, 0, 0, 4, 0]",0,[],0
9746,4,13.5,"['192.168.1.70:49127', '192.168.1.74:20000']","['192.168.1.70:49127', '192.168.1.74:20000']","[0, 2, 0, 0, 0, 0, 0, 0, 0, 0, 0, 0, 0, 0, 0, 0, 2, 0]",0,[],0
9747,4,13.5,"['192.168.1.70:49127', '192.168.1.74:20000']","['192.168.1.70:49127', '192.168.1.74:20000']","[0, 2, 0, 0, 0, 0, 0, 0, 0, 0, 0, 0, 0, 0, 0, 0, 2, 0]",0,[],0
9748,6,13.5,"['192.168.1.70:49127', '192.168.1.74:20000']","['192.168.1.70:49127', '192.168.1.74:20000']","[0, 3, 0, 0, 0, 0, 0, 0, 0, 0, 0, 0, 0, 0, 0, 0, 3, 0]",0,[],0
9749,4,13.5,"['192.168.1.70:49127', '192.168.1.74:20000']","['192.168.1.70:49127', '192.168.1.74:20000']","[0, 2, 0, 0, 0, 0, 0, 0, 0, 0, 0, 0, 0, 0, 0, 0, 2, 0]",0,[],0
9750,4,13.5,"['192.168.1.70:49127', '192.168.1.74:20000']","['192.168.1.70:49127', '192.168.1.74:20000']","[0, 2, 0, 0, 0, 0, 0, 0, 0, 0, 0, 0, 0, 0, 0, 0, 2, 0]",0,[],0
9751,6,13.5,"['192.168.1.70:49127', '192.168.1.74:20000']","['192.168.1.70:49127', '192.168.1.74:20000']","[0, 3, 0, 0, 0, 0, 0, 0, 0, 0, 0, 0, 0, 0, 0, 0, 3, 0]",0,[],0
9752,4,13.5,"['192.168.1.70:49127', '192.168.1.74:20000']","['192.168.1.70:49127', '192.168.1.74:20000']","[0, 2, 0, 0, 0, 0, 0, 0, 0, 0, 0, 0, 0, 0, 0, 0, 2, 0]",0,[],0
9753,4,13.5,"['192.168.1.70:49127', '192.168.1.74:20000']","['192.168.1.70:49127', '192.168.1.74:20000']","[0, 2, 0, 0, 0, 0, 0, 0, 0, 0, 0, 0, 0, 0, 0, 0, 2, 0]",0,[],0
9754,6,13.5,"['192.168.1.70:49127', '192.168.1.74:20000']","['192.168.1.70:49127', '192.168.1.74:20000']","[0, 3, 0, 0, 0, 0, 0, 0, 0, 0, 0, 0, 0, 0, 0, 0, 3, 0]",0,[],0
9755,4,13.5,"['192.168.1.70:49127', '192.168.1.74:20000']","['192.168.1.70:49127', '192.168.1.74:20000']","[0, 2, 0, 0, 0, 0, 0, 0, 0, 0, 0, 0, 0, 0, 0, 0, 2, 0]",0,[],0
9756,4,13.5,"['192.168.1.70:49127', '192.168.1.74:20000']","['192.168.1.70:49127', '192.168.1.74:20000']","[0, 2, 0, 0, 0, 0, 0, 0, 0, 0, 0, 0, 0, 0, 0, 0, 2, 0]",0,[],0
9757,4,13.5,"['192.168.1.70:49127', '192.168.1.74:20000']","['192.168.1.70:49127', '192.168.1.74:20000']","[0, 2, 0, 0, 0, 0, 0, 0, 0, 0, 0, 0, 0, 0, 0, 0, 2, 0]",0,[],0
9758,8,29.12,"['192.168.1.70:49127', '192.168.1.74:20000']","['192.168.1.70:49127', '192.168.1.74:20000']","[0, 4, 0, 0, 0, 0, 0, 0, 0, 0, 0, 0, 0, 0, 0, 0, 4, 0]",0,[],0
9759,4,13.5,"['192.168.1.70:49127', '192.168.1.74:20000']","['192.168.1.70:49127', '192.168.1.74:20000']","[0, 2, 0, 0, 0, 0, 0, 0, 0, 0, 0, 0, 0, 0, 0, 0, 2, 0]",0,[],0
9760,4,13.5,"['192.168.1.70:49127', '192.168.1.74:20000']","['192.168.1.70:49127', '192.168.1.74:20000']","[0, 2, 0, 0, 0, 0, 0, 0, 0, 0, 0, 0, 0, 0, 0, 0, 2, 0]",0,[],0
9761,6,13.5,"['192.168.1.70:49127', '192.168.1.74:20000']","['192.168.1.70:49127', '192.168.1.74:20000']","[0, 3, 0, 0, 0, 0, 0, 0, 0, 0, 0, 0, 0, 0, 0, 0, 3, 0]",0,[],0
9762,4,13.5,"['192.168.1.70:49127', '192.168.1.74:20000']","['192.168.1.70:49127', '192.168.1.74:20000']","[0, 2, 0, 0, 0, 0, 0, 0, 0, 0, 0, 0, 0, 0, 0, 0, 2, 0]",0,[],0
9763,4,13.5,"['192.168.1.70:49127', '192.168.1.74:20000']","['192.168.1.70:49127', '192.168.1.74:20000']","[0, 2, 0, 0, 0, 0, 0, 0, 0, 0, 0, 0, 0, 0, 0, 0, 2, 0]",0,[],0
9764,6,13.5,"['192.168.1.70:49127', '192.168.1.74:20000']","['192.168.1.70:49127', '192.168.1.74:20000']","[0, 3, 0, 0, 0, 0, 0, 0, 0, 0, 0, 0, 0, 0, 0, 0, 3, 0]",0,[],0
9765,4,13.5,"['192.168.1.70:49127', '192.168.1.74:20000']","['192.168.1.70:49127', '192.168.1.74:20000']","[0, 2, 0, 0, 0, 0, 0, 0, 0, 0, 0, 0, 0, 0, 0, 0, 2, 0]",0,[],0
9766,4,13.5,"['192.168.1.70:49127', '192.168.1.74:20000']","['192.168.1.70:49127', '192.168.1.74:20000']","[0, 2, 0, 0, 0, 0, 0, 0, 0, 0, 0, 0, 0, 0, 0, 0, 2, 0]",0,[],0
9767,6,13.5,"['192.168.1.70:49127', '192.168.1.74:20000']","['192.168.1.70:49127', '192.168.1.74:20000']","[0, 3, 0, 0, 0, 0, 0, 0, 0, 0, 0, 0, 0, 0, 0, 0, 3, 0]",0,[],0
9768,4,13.5,"['192.168.1.70:49127', '192.168.1.74:20000']","['192.168.1.70:49127', '192.168.1.74:20000']","[0, 2, 0, 0, 0, 0, 0, 0, 0, 0, 0, 0, 0, 0, 0, 0, 2, 0]",0,[],0
9769,4,13.5,"['192.168.1.70:49127', '192.168.1.74:20000']","['192.168.1.70:49127', '192.168.1.74:20000']","[0, 2, 0, 0, 0, 0, 0, 0, 0, 0, 0, 0, 0, 0, 0, 0, 2, 0]",0,[],0
9770,6,13.5,"['192.168.1.70:49127', '192.168.1.74:20000']","['192.168.1.70:49127', '192.168.1.74:20000']","[0, 3, 0, 0, 0, 0, 0, 0, 0, 0, 0, 0, 0, 0, 0, 0, 3, 0]",0,[],0
9771,6,34.33,"['192.168.1.70:49127', '192.168.1.74:20000']","['192.168.1.70:49127', '192.168.1.74:20000']","[0, 3, 0, 0, 0, 0, 0, 0, 0, 0, 0, 0, 0, 0, 0, 0, 3, 0]",0,[],0
9772,4,13.5,"['192.168.1.70:49127', '192.168.1.74:20000']","['192.168.1.70:49127', '192.168.1.74:20000']","[0, 2, 0, 0, 0, 0, 0, 0, 0, 0, 0, 0, 0, 0, 0, 0, 2, 0]",0,[],0
9773,6,13.5,"['192.168.1.70:49127', '192.168.1.74:20000']","['192.168.1.70:49127', '192.168.1.74:20000']","[0, 3, 0, 0, 0, 0, 0, 0, 0, 0, 0, 0, 0, 0, 0, 0, 3, 0]",0,[],0
9774,4,13.5,"['192.168.1.70:49127', '192.168.1.74:20000']","['192.168.1.70:49127', '192.168.1.74:20000']","[0, 2, 0, 0, 0, 0, 0, 0, 0, 0, 0, 0, 0, 0, 0, 0, 2, 0]",0,[],0
9775,4,13.5,"['192.168.1.70:49127', '192.168.1.74:20000']","['192.168.1.70:49127', '192.168.1.74:20000']","[0, 2, 0, 0, 0, 0, 0, 0, 0, 0, 0, 0, 0, 0, 0, 0, 2, 0]",0,[],0
9776,6,13.5,"['192.168.1.70:49127', '192.168.1.74:20000']","['192.168.1.70:49127', '192.168.1.74:20000']","[0, 3, 0, 0, 0, 0, 0, 0, 0, 0, 0, 0, 0, 0, 0, 0, 3, 0]",0,[],0
9777,4,13.5,"['192.168.1.70:49127', '192.168.1.74:20000']","['192.168.1.70:49127', '192.168.1.74:20000']","[0, 2, 0, 0, 0, 0, 0, 0, 0, 0, 0, 0, 0, 0, 0, 0, 2, 0]",0,[],0
9778,4,13.5,"['192.168.1.70:49127', '192.168.1.74:20000']","['192.168.1.70:49127', '192.168.1.74:20000']","[0, 2, 0, 0, 0, 0, 0, 0, 0, 0, 0, 0, 0, 0, 0, 0, 2, 0]",0,[],0
9779,6,13.5,"['192.168.1.70:49127', '192.168.1.74:20000']","['192.168.1.70:49127', '192.168.1.74:20000']","[0, 3, 0, 0, 0, 0, 0, 0, 0, 0, 0, 0, 0, 0, 0, 0, 3, 0]",0,[],0
9780,4,13.5,"['192.168.1.70:49127', '192.168.1.74:20000']","['192.168.1.70:49127', '192.168.1.74:20000']","[0, 2, 0, 0, 0, 0, 0, 0, 0, 0, 0, 0, 0, 0, 0, 0, 2, 0]",0,[],0
9781,4,13.5,"['192.168.1.70:49127', '192.168.1.74:20000']","['192.168.1.70:49127', '192.168.1.74:20000']","[0, 2, 0, 0, 0, 0, 0, 0, 0, 0, 0, 0, 0, 0, 0, 0, 2, 0]",0,[],0
9782,6,13.5,"['192.168.1.70:49127', '192.168.1.74:20000']","['192.168.1.70:49127', '192.168.1.74:20000']","[0, 3, 0, 0, 0, 0, 0, 0, 0, 0, 0, 0, 0, 0, 0, 0, 3, 0]",0,[],0
9783,4,13.5,"['192.168.1.70:49127', '192.168.1.74:20000']","['192.168.1.70:49127', '192.168.1.74:20000']","[0, 2, 0, 0, 0, 0, 0, 0, 0, 0, 0, 0, 0, 0, 0, 0, 2, 0]",0,[],0
9784,6,34.33,"['192.168.1.70:49127', '192.168.1.74:20000']","['192.168.1.70:49127', '192.168.1.74:20000']","[0, 3, 0, 0, 0, 0, 0, 0, 0, 0, 0, 0, 0, 0, 0, 0, 3, 0]",0,[],0
9785,6,13.5,"['192.168.1.70:49127', '192.168.1.74:20000']","['192.168.1.70:49127', '192.168.1.74:20000']","[0, 3, 0, 0, 0, 0, 0, 0, 0, 0, 0, 0, 0, 0, 0, 0, 3, 0]",0,[],0
9786,4,13.5,"['192.168.1.70:49127', '192.168.1.74:20000']","['192.168.1.70:49127', '192.168.1.74:20000']","[0, 2, 0, 0, 0, 0, 0, 0, 0, 0, 0, 0, 0, 0, 0, 0, 2, 0]",0,[],0
9787,4,13.5,"['192.168.1.70:49127', '192.168.1.74:20000']","['192.168.1.70:49127', '192.168.1.74:20000']","[0, 2, 0, 0, 0, 0, 0, 0, 0, 0, 0, 0, 0, 0, 0, 0, 2, 0]",0,[],0
9788,6,13.5,"['192.168.1.70:49127', '192.168.1.74:20000']","['192.168.1.70:49127', '192.168.1.74:20000']","[0, 3, 0, 0, 0, 0, 0, 0, 0, 0, 0, 0, 0, 0, 0, 0, 3, 0]",0,[],0
9789,4,13.5,"['192.168.1.70:49127', '192.168.1.74:20000']","['192.168.1.70:49127', '192.168.1.74:20000']","[0, 2, 0, 0, 0, 0, 0, 0, 0, 0, 0, 0, 0, 0, 0, 0, 2, 0]",0,[],0
9790,4,13.5,"['192.168.1.70:49127', '192.168.1.74:20000']","['192.168.1.70:49127', '192.168.1.74:20000']","[0, 2, 0, 0, 0, 0, 0, 0, 0, 0, 0, 0, 0, 0, 0, 0, 2, 0]",0,[],0
9791,6,13.5,"['192.168.1.70:49127', '192.168.1.74:20000']","['192.168.1.70:49127', '192.168.1.74:20000']","[0, 3, 0, 0, 0, 0, 0, 0, 0, 0, 0, 0, 0, 0, 0, 0, 3, 0]",0,[],0
9792,4,13.5,"['192.168.1.70:49127', '192.168.1.74:20000']","['192.168.1.70:49127', '192.168.1.74:20000']","[0, 2, 0, 0, 0, 0, 0, 0, 0, 0, 0, 0, 0, 0, 0, 0, 2, 0]",0,[],0
9793,4,13.5,"['192.168.1.70:49127', '192.168.1.74:20000']","['192.168.1.70:49127', '192.168.1.74:20000']","[0, 2, 0, 0, 0, 0, 0, 0, 0, 0, 0, 0, 0, 0, 0, 0, 2, 0]",0,[],0
9794,6,13.5,"['192.168.1.70:49127', '192.168.1.74:20000']","['192.168.1.70:49127', '192.168.1.74:20000']","[0, 3, 0, 0, 0, 0, 0, 0, 0, 0, 0, 0, 0, 0, 0, 0, 3, 0]",0,[],0
9795,4,13.5,"['192.168.1.70:49127', '192.168.1.74:20000']","['192.168.1.70:49127', '192.168.1.74:20000']","[0, 2, 0, 0, 0, 0, 0, 0, 0, 0, 0, 0, 0, 0, 0, 0, 2, 0]",0,[],0
9796,4,13.5,"['192.168.1.70:49127', '192.168.1.74:20000']","['192.168.1.70:49127', '192.168.1.74:20000']","[0, 2, 0, 0, 0, 0, 0, 0, 0, 0, 0, 0, 0, 0, 0, 0, 2, 0]",0,[],0
9797,8,29.12,"['192.168.1.70:49127', '192.168.1.74:20000']","['192.168.1.70:49127', '192.168.1.74:20000']","[0, 4, 0, 0, 0, 0, 0, 0, 0, 0, 0, 0, 0, 0, 0, 0, 4, 0]",0,[],0
9798,4,13.5,"['192.168.1.70:49127', '192.168.1.74:20000']","['192.168.1.70:49127', '192.168.1.74:20000']","[0, 2, 0, 0, 0, 0, 0, 0, 0, 0, 0, 0, 0, 0, 0, 0, 2, 0]",0,[],0
9799,4,13.5,"['192.168.1.70:49127', '192.168.1.74:20000']","['192.168.1.70:49127', '192.168.1.74:20000']","[0, 2, 0, 0, 0, 0, 0, 0, 0, 0, 0, 0, 0, 0, 0, 0, 2, 0]",0,[],0
9800,6,13.5,"['192.168.1.70:49127', '192.168.1.74:20000']","['192.168.1.70:49127', '192.168.1.74:20000']","[0, 3, 0, 0, 0, 0, 0, 0, 0, 0, 0, 0, 0, 0, 0, 0, 3, 0]",0,[],0
9801,4,13.5,"['192.168.1.70:49127', '192.168.1.74:20000']","['192.168.1.70:49127', '192.168.1.74:20000']","[0, 2, 0, 0, 0, 0, 0, 0, 0, 0, 0, 0, 0, 0, 0, 0, 2, 0]",0,[],0
9802,4,13.5,"['192.168.1.70:49127', '192.168.1.74:20000']","['192.168.1.70:49127', '192.168.1.74:20000']","[0, 2, 0, 0, 0, 0, 0, 0, 0, 0, 0, 0, 0, 0, 0, 0, 2, 0]",0,[],0
9803,6,13.5,"['192.168.1.70:49127', '192.168.1.74:20000']","['192.168.1.70:49127', '192.168.1.74:20000']","[0, 3, 0, 0, 0, 0, 0, 0, 0, 0, 0, 0, 0, 0, 0, 0, 3, 0]",0,[],0
9804,4,13.5,"['192.168.1.70:49127', '192.168.1.74:20000']","['192.168.1.70:49127', '192.168.1.74:20000']","[0, 2, 0, 0, 0, 0, 0, 0, 0, 0, 0, 0, 0, 0, 0, 0, 2, 0]",0,[],0
9805,4,13.5,"['192.168.1.70:49127', '192.168.1.74:20000']","['192.168.1.70:49127', '192.168.1.74:20000']","[0, 2, 0, 0, 0, 0, 0, 0, 0, 0, 0, 0, 0, 0, 0, 0, 2, 0]",0,[],0
9806,6,13.5,"['192.168.1.70:49127', '192.168.1.74:20000']","['192.168.1.70:49127', '192.168.1.74:20000']","[0, 3, 0, 0, 0, 0, 0, 0, 0, 0, 0, 0, 0, 0, 0, 0, 3, 0]",0,[],0
9807,4,13.5,"['192.168.1.70:49127', '192.168.1.74:20000']","['192.168.1.70:49127', '192.168.1.74:20000']","[0, 2, 0, 0, 0, 0, 0, 0, 0, 0, 0, 0, 0, 0, 0, 0, 2, 0]",0,[],0
9808,4,13.5,"['192.168.1.70:49127', '192.168.1.74:20000']","['192.168.1.70:49127', '192.168.1.74:20000']","[0, 2, 0, 0, 0, 0, 0, 0, 0, 0, 0, 0, 0, 0, 0, 0, 2, 0]",0,[],0
9809,6,13.5,"['192.168.1.70:49127', '192.168.1.74:20000']","['192.168.1.70:49127', '192.168.1.74:20000']","[0, 3, 0, 0, 0, 0, 0, 0, 0, 0, 0, 0, 0, 0, 0, 0, 3, 0]",0,[],0
9810,6,34.33,"['192.168.1.70:49127', '192.168.1.74:20000']","['192.168.1.70:49127', '192.168.1.74:20000']","[0, 3, 0, 0, 0, 0, 0, 0, 0, 0, 0, 0, 0, 0, 0, 0, 3, 0]",0,[],0
9811,4,13.5,"['192.168.1.70:49127', '192.168.1.74:20000']","['192.168.1.70:49127', '192.168.1.74:20000']","[0, 2, 0, 0, 0, 0, 0, 0, 0, 0, 0, 0, 0, 0, 0, 0, 2, 0]",0,[],0
9812,6,13.5,"['192.168.1.70:49127', '192.168.1.74:20000']","['192.168.1.70:49127', '192.168.1.74:20000']","[0, 3, 0, 0, 0, 0, 0, 0, 0, 0, 0, 0, 0, 0, 0, 0, 3, 0]",0,[],0
9813,4,13.5,"['192.168.1.70:49127', '192.168.1.74:20000']","['192.168.1.70:49127', '192.168.1.74:20000']","[0, 2, 0, 0, 0, 0, 0, 0, 0, 0, 0, 0, 0, 0, 0, 0, 2, 0]",0,[],0
9814,4,13.5,"['192.168.1.70:49127', '192.168.1.74:20000']","['192.168.1.70:49127', '192.168.1.74:20000']","[0, 2, 0, 0, 0, 0, 0, 0, 0, 0, 0, 0, 0, 0, 0, 0, 2, 0]",0,[],0
9815,6,13.5,"['192.168.1.70:49127', '192.168.1.74:20000']","['192.168.1.70:49127', '192.168.1.74:20000']","[0, 3, 0, 0, 0, 0, 0, 0, 0, 0, 0, 0, 0, 0, 0, 0, 3, 0]",0,[],0
9816,4,13.5,"['192.168.1.70:49127', '192.168.1.74:20000']","['192.168.1.70:49127', '192.168.1.74:20000']","[0, 2, 0, 0, 0, 0, 0, 0, 0, 0, 0, 0, 0, 0, 0, 0, 2, 0]",0,[],0
9817,4,13.5,"['192.168.1.70:49127', '192.168.1.74:20000']","['192.168.1.70:49127', '192.168.1.74:20000']","[0, 2, 0, 0, 0, 0, 0, 0, 0, 0, 0, 0, 0, 0, 0, 0, 2, 0]",0,[],0
9818,6,13.5,"['192.168.1.70:49127', '192.168.1.74:20000']","['192.168.1.70:49127', '192.168.1.74:20000']","[0, 3, 0, 0, 0, 0, 0, 0, 0, 0, 0, 0, 0, 0, 0, 0, 3, 0]",0,[],0
9819,4,13.5,"['192.168.1.70:49127', '192.168.1.74:20000']","['192.168.1.70:49127', '192.168.1.74:20000']","[0, 2, 0, 0, 0, 0, 0, 0, 0, 0, 0, 0, 0, 0, 0, 0, 2, 0]",0,[],0
9820,4,13.5,"['192.168.1.70:49127', '192.168.1.74:20000']","['192.168.1.70:49127', '192.168.1.74:20000']","[0, 2, 0, 0, 0, 0, 0, 0, 0, 0, 0, 0, 0, 0, 0, 0, 2, 0]",0,[],0
9821,6,13.5,"['192.168.1.70:49127', '192.168.1.74:20000']","['192.168.1.70:49127', '192.168.1.74:20000']","[0, 3, 0, 0, 0, 0, 0, 0, 0, 0, 0, 0, 0, 0, 0, 0, 3, 0]",0,[],0
9822,6,34.33,"['192.168.1.70:49127', '192.168.1.74:20000']","['192.168.1.70:49127', '192.168.1.74:20000']","[0, 3, 0, 0, 0, 0, 0, 0, 0, 0, 0, 0, 0, 0, 0, 0, 3, 0]",0,[],0
9823,4,13.5,"['192.168.1.70:49127', '192.168.1.74:20000']","['192.168.1.70:49127', '192.168.1.74:20000']","[0, 2, 0, 0, 0, 0, 0, 0, 0, 0, 0, 0, 0, 0, 0, 0, 2, 0]",0,[],0
9824,6,13.5,"['192.168.1.70:49127', '192.168.1.74:20000']","['192.168.1.70:49127', '192.168.1.74:20000']","[0, 3, 0, 0, 0, 0, 0, 0, 0, 0, 0, 0, 0, 0, 0, 0, 3, 0]",0,[],0
9825,4,13.5,"['192.168.1.70:49127', '192.168.1.74:20000']","['192.168.1.70:49127', '192.168.1.74:20000']","[0, 2, 0, 0, 0, 0, 0, 0, 0, 0, 0, 0, 0, 0, 0, 0, 2, 0]",0,[],0
9826,4,13.5,"['192.168.1.70:49127', '192.168.1.74:20000']","['192.168.1.70:49127', '192.168.1.74:20000']","[0, 2, 0, 0, 0, 0, 0, 0, 0, 0, 0, 0, 0, 0, 0, 0, 2, 0]",0,[],0
9827,6,13.5,"['192.168.1.70:49127', '192.168.1.74:20000']","['192.168.1.70:49127', '192.168.1.74:20000']","[0, 3, 0, 0, 0, 0, 0, 0, 0, 0, 0, 0, 0, 0, 0, 0, 3, 0]",0,[],0
9828,4,13.5,"['192.168.1.70:49127', '192.168.1.74:20000']","['192.168.1.70:49127', '192.168.1.74:20000']","[0, 2, 0, 0, 0, 0, 0, 0, 0, 0, 0, 0, 0, 0, 0, 0, 2, 0]",0,[],0
9829,4,13.5,"['192.168.1.70:49127', '192.168.1.74:20000']","['192.168.1.70:49127', '192.168.1.74:20000']","[0, 2, 0, 0, 0, 0, 0, 0, 0, 0, 0, 0, 0, 0, 0, 0, 2, 0]",0,[],0
9830,6,13.5,"['192.168.1.70:49127', '192.168.1.74:20000']","['192.168.1.70:49127', '192.168.1.74:20000']","[0, 3, 0, 0, 0, 0, 0, 0, 0, 0, 0, 0, 0, 0, 0, 0, 3, 0]",0,[],0
9831,4,13.5,"['192.168.1.70:49127', '192.168.1.74:20000']","['192.168.1.70:49127', '192.168.1.74:20000']","[0, 2, 0, 0, 0, 0, 0, 0, 0, 0, 0, 0, 0, 0, 0, 0, 2, 0]",0,[],0
9832,4,13.5,"['192.168.1.70:49127', '192.168.1.74:20000']","['192.168.1.70:49127', '192.168.1.74:20000']","[0, 2, 0, 0, 0, 0, 0, 0, 0, 0, 0, 0, 0, 0, 0, 0, 2, 0]",0,[],0
9833,6,13.5,"['192.168.1.70:49127', '192.168.1.74:20000']","['192.168.1.70:49127', '192.168.1.74:20000']","[0, 3, 0, 0, 0, 0, 0, 0, 0, 0, 0, 0, 0, 0, 0, 0, 3, 0]",0,[],0
9834,4,13.5,"['192.168.1.70:49127', '192.168.1.74:20000']","['192.168.1.70:49127', '192.168.1.74:20000']","[0, 2, 0, 0, 0, 0, 0, 0, 0, 0, 0, 0, 0, 0, 0, 0, 2, 0]",0,[],0
9835,6,34.33,"['192.168.1.70:49127', '192.168.1.74:20000']","['192.168.1.70:49127', '192.168.1.74:20000']","[0, 3, 0, 0, 0, 0, 0, 0, 0, 0, 0, 0, 0, 0, 0, 0, 3, 0]",0,[],0
9836,6,13.5,"['192.168.1.70:49127', '192.168.1.74:20000']","['192.168.1.70:49127', '192.168.1.74:20000']","[0, 3, 0, 0, 0, 0, 0, 0, 0, 0, 0, 0, 0, 0, 0, 0, 3, 0]",0,[],0
9837,4,13.5,"['192.168.1.70:49127', '192.168.1.74:20000']","['192.168.1.70:49127', '192.168.1.74:20000']","[0, 2, 0, 0, 0, 0, 0, 0, 0, 0, 0, 0, 0, 0, 0, 0, 2, 0]",0,[],0
9838,4,13.5,"['192.168.1.70:49127', '192.168.1.74:20000']","['192.168.1.70:49127', '192.168.1.74:20000']","[0, 2, 0, 0, 0, 0, 0, 0, 0, 0, 0, 0, 0, 0, 0, 0, 2, 0]",0,[],0
9839,6,13.5,"['192.168.1.70:49127', '192.168.1.74:20000']","['192.168.1.70:49127', '192.168.1.74:20000']","[0, 3, 0, 0, 0, 0, 0, 0, 0, 0, 0, 0, 0, 0, 0, 0, 3, 0]",0,[],0
9840,4,13.5,"['192.168.1.70:49127', '192.168.1.74:20000']","['192.168.1.70:49127', '192.168.1.74:20000']","[0, 2, 0, 0, 0, 0, 0, 0, 0, 0, 0, 0, 0, 0, 0, 0, 2, 0]",0,[],0
9841,4,13.5,"['192.168.1.70:49127', '192.168.1.74:20000']","['192.168.1.70:49127', '192.168.1.74:20000']","[0, 2, 0, 0, 0, 0, 0, 0, 0, 0, 0, 0, 0, 0, 0, 0, 2, 0]",0,[],0
9842,4,13.5,"['192.168.1.70:49127', '192.168.1.74:20000']","['192.168.1.70:49127', '192.168.1.74:20000']","[0, 2, 0, 0, 0, 0, 0, 0, 0, 0, 0, 0, 0, 0, 0, 0, 2, 0]",0,[],0
9843,6,13.5,"['192.168.1.70:49127', '192.168.1.74:20000']","['192.168.1.70:49127', '192.168.1.74:20000']","[0, 3, 0, 0, 0, 0, 0, 0, 0, 0, 0, 0, 0, 0, 0, 0, 3, 0]",0,[],0
9844,4,13.5,"['192.168.1.70:49127', '192.168.1.74:20000']","['192.168.1.70:49127', '192.168.1.74:20000']","[0, 2, 0, 0, 0, 0, 0, 0, 0, 0, 0, 0, 0, 0, 0, 0, 2, 0]",0,[],0
9845,4,13.5,"['192.168.1.70:49127', '192.168.1.74:20000']","['192.168.1.70:49127', '192.168.1.74:20000']","[0, 2, 0, 0, 0, 0, 0, 0, 0, 0, 0, 0, 0, 0, 0, 0, 2, 0]",0,[],0
9846,6,13.5,"['192.168.1.70:49127', '192.168.1.74:20000']","['192.168.1.70:49127', '192.168.1.74:20000']","[0, 3, 0, 0, 0, 0, 0, 0, 0, 0, 0, 0, 0, 0, 0, 0, 3, 0]",0,[],0
9847,4,13.5,"['192.168.1.70:49127', '192.168.1.74:20000']","['192.168.1.70:49127', '192.168.1.74:20000']","[0, 2, 0, 0, 0, 0, 0, 0, 0, 0, 0, 0, 0, 0, 0, 0, 2, 0]",0,[],0
9848,6,34.33,"['192.168.1.70:49127', '192.168.1.74:20000']","['192.168.1.70:49127', '192.168.1.74:20000']","[0, 3, 0, 0, 0, 0, 0, 0, 0, 0, 0, 0, 0, 0, 0, 0, 3, 0]",0,[],0
9849,6,13.5,"['192.168.1.70:49127', '192.168.1.74:20000']","['192.168.1.70:49127', '192.168.1.74:20000']","[0, 3, 0, 0, 0, 0, 0, 0, 0, 0, 0, 0, 0, 0, 0, 0, 3, 0]",0,[],0
9850,4,13.5,"['192.168.1.70:49127', '192.168.1.74:20000']","['192.168.1.70:49127', '192.168.1.74:20000']","[0, 2, 0, 0, 0, 0, 0, 0, 0, 0, 0, 0, 0, 0, 0, 0, 2, 0]",0,[],0
9851,4,13.5,"['192.168.1.70:49127', '192.168.1.74:20000']","['192.168.1.70:49127', '192.168.1.74:20000']","[0, 2, 0, 0, 0, 0, 0, 0, 0, 0, 0, 0, 0, 0, 0, 0, 2, 0]",0,[],0
9852,6,13.5,"['192.168.1.70:49127', '192.168.1.74:20000']","['192.168.1.70:49127', '192.168.1.74:20000']","[0, 3, 0, 0, 0, 0, 0, 0, 0, 0, 0, 0, 0, 0, 0, 0, 3, 0]",0,[],0
9853,4,13.5,"['192.168.1.70:49127', '192.168.1.74:20000']","['192.168.1.70:49127', '192.168.1.74:20000']","[0, 2, 0, 0, 0, 0, 0, 0, 0, 0, 0, 0, 0, 0, 0, 0, 2, 0]",0,[],0
9854,4,13.5,"['192.168.1.70:49127', '192.168.1.74:20000']","['192.168.1.70:49127', '192.168.1.74:20000']","[0, 2, 0, 0, 0, 0, 0, 0, 0, 0, 0, 0, 0, 0, 0, 0, 2, 0]",0,[],0
9855,6,13.5,"['192.168.1.70:49127', '192.168.1.74:20000']","['192.168.1.70:49127', '192.168.1.74:20000']","[0, 3, 0, 0, 0, 0, 0, 0, 0, 0, 0, 0, 0, 0, 0, 0, 3, 0]",0,[],0
9856,4,13.5,"['192.168.1.70:49127', '192.168.1.74:20000']","['192.168.1.70:49127', '192.168.1.74:20000']","[0, 2, 0, 0, 0, 0, 0, 0, 0, 0, 0, 0, 0, 0, 0, 0, 2, 0]",0,[],0
9857,4,13.5,"['192.168.1.70:49127', '192.168.1.74:20000']","['192.168.1.70:49127', '192.168.1.74:20000']","[0, 2, 0, 0, 0, 0, 0, 0, 0, 0, 0, 0, 0, 0, 0, 0, 2, 0]",0,[],0
9858,6,13.5,"['192.168.1.70:49127', '192.168.1.74:20000']","['192.168.1.70:49127', '192.168.1.74:20000']","[0, 3, 0, 0, 0, 0, 0, 0, 0, 0, 0, 0, 0, 0, 0, 0, 3, 0]",0,[],0
9859,4,13.5,"['192.168.1.70:49127', '192.168.1.74:20000']","['192.168.1.70:49127', '192.168.1.74:20000']","[0, 2, 0, 0, 0, 0, 0, 0, 0, 0, 0, 0, 0, 0, 0, 0, 2, 0]",0,[],0
9860,4,13.5,"['192.168.1.70:49127', '192.168.1.74:20000']","['192.168.1.70:49127', '192.168.1.74:20000']","[0, 2, 0, 0, 0, 0, 0, 0, 0, 0, 0, 0, 0, 0, 0, 0, 2, 0]",0,[],0
9861,8,29.12,"['192.168.1.70:49127', '192.168.1.74:20000']","['192.168.1.70:49127', '192.168.1.74:20000']","[0, 4, 0, 0, 0, 0, 0, 0, 0, 0, 0, 0, 0, 0, 0, 0, 4, 0]",0,[],0
9862,4,13.5,"['192.168.1.70:49127', '192.168.1.74:20000']","['192.168.1.70:49127', '192.168.1.74:20000']","[0, 2, 0, 0, 0, 0, 0, 0, 0, 0, 0, 0, 0, 0, 0, 0, 2, 0]",0,[],0
9863,4,13.5,"['192.168.1.70:49127', '192.168.1.74:20000']","['192.168.1.70:49127', '192.168.1.74:20000']","[0, 2, 0, 0, 0, 0, 0, 0, 0, 0, 0, 0, 0, 0, 0, 0, 2, 0]",0,[],0
9864,6,13.5,"['192.168.1.70:49127', '192.168.1.74:20000']","['192.168.1.70:49127', '192.168.1.74:20000']","[0, 3, 0, 0, 0, 0, 0, 0, 0, 0, 0, 0, 0, 0, 0, 0, 3, 0]",0,[],0
9865,4,13.5,"['192.168.1.70:49127', '192.168.1.74:20000']","['192.168.1.70:49127', '192.168.1.74:20000']","[0, 2, 0, 0, 0, 0, 0, 0, 0, 0, 0, 0, 0, 0, 0, 0, 2, 0]",0,[],0
9866,4,13.5,"['192.168.1.70:49127', '192.168.1.74:20000']","['192.168.1.70:49127', '192.168.1.74:20000']","[0, 2, 0, 0, 0, 0, 0, 0, 0, 0, 0, 0, 0, 0, 0, 0, 2, 0]",0,[],0
9867,6,13.5,"['192.168.1.70:49127', '192.168.1.74:20000']","['192.168.1.70:49127', '192.168.1.74:20000']","[0, 3, 0, 0, 0, 0, 0, 0, 0, 0, 0, 0, 0, 0, 0, 0, 3, 0]",0,[],0
9868,4,13.5,"['192.168.1.70:49127', '192.168.1.74:20000']","['192.168.1.70:49127', '192.168.1.74:20000']","[0, 2, 0, 0, 0, 0, 0, 0, 0, 0, 0, 0, 0, 0, 0, 0, 2, 0]",0,[],0
9869,4,13.5,"['192.168.1.70:49127', '192.168.1.74:20000']","['192.168.1.70:49127', '192.168.1.74:20000']","[0, 2, 0, 0, 0, 0, 0, 0, 0, 0, 0, 0, 0, 0, 0, 0, 2, 0]",0,[],0
9870,6,13.5,"['192.168.1.70:49127', '192.168.1.74:20000']","['192.168.1.70:49127', '192.168.1.74:20000']","[0, 3, 0, 0, 0, 0, 0, 0, 0, 0, 0, 0, 0, 0, 0, 0, 3, 0]",0,[],0
9871,4,13.5,"['192.168.1.70:49127', '192.168.1.74:20000']","['192.168.1.70:49127', '192.168.1.74:20000']","[0, 2, 0, 0, 0, 0, 0, 0, 0, 0, 0, 0, 0, 0, 0, 0, 2, 0]",0,[],0
9872,4,13.5,"['192.168.1.70:49127', '192.168.1.74:20000']","['192.168.1.70:49127', '192.168.1.74:20000']","[0, 2, 0, 0, 0, 0, 0, 0, 0, 0, 0, 0, 0, 0, 0, 0, 2, 0]",0,[],0
9873,6,13.5,"['192.168.1.70:49127', '192.168.1.74:20000']","['192.168.1.70:49127', '192.168.1.74:20000']","[0, 3, 0, 0, 0, 0, 0, 0, 0, 0, 0, 0, 0, 0, 0, 0, 3, 0]",0,[],0
9874,6,34.33,"['192.168.1.70:49127', '192.168.1.74:20000']","['192.168.1.70:49127', '192.168.1.74:20000']","[0, 3, 0, 0, 0, 0, 0, 0, 0, 0, 0, 0, 0, 0, 0, 0, 3, 0]",0,[],0
9875,4,13.5,"['192.168.1.70:49127', '192.168.1.74:20000']","['192.168.1.70:49127', '192.168.1.74:20000']","[0, 2, 0, 0, 0, 0, 0, 0, 0, 0, 0, 0, 0, 0, 0, 0, 2, 0]",0,[],0
9876,6,13.5,"['192.168.1.70:49127', '192.168.1.74:20000']","['192.168.1.70:49127', '192.168.1.74:20000']","[0, 3, 0, 0, 0, 0, 0, 0, 0, 0, 0, 0, 0, 0, 0, 0, 3, 0]",0,[],0
9877,4,13.5,"['192.168.1.70:49127', '192.168.1.74:20000']","['192.168.1.70:49127', '192.168.1.74:20000']","[0, 2, 0, 0, 0, 0, 0, 0, 0, 0, 0, 0, 0, 0, 0, 0, 2, 0]",0,[],0
9878,4,13.5,"['192.168.1.70:49127', '192.168.1.74:20000']","['192.168.1.70:49127', '192.168.1.74:20000']","[0, 2, 0, 0, 0, 0, 0, 0, 0, 0, 0, 0, 0, 0, 0, 0, 2, 0]",0,[],0
9879,6,13.5,"['192.168.1.70:49127', '192.168.1.74:20000']","['192.168.1.70:49127', '192.168.1.74:20000']","[0, 3, 0, 0, 0, 0, 0, 0, 0, 0, 0, 0, 0, 0, 0, 0, 3, 0]",0,[],0
9880,4,13.5,"['192.168.1.70:49127', '192.168.1.74:20000']","['192.168.1.70:49127', '192.168.1.74:20000']","[0, 2, 0, 0, 0, 0, 0, 0, 0, 0, 0, 0, 0, 0, 0, 0, 2, 0]",0,[],0
9881,4,13.5,"['192.168.1.70:49127', '192.168.1.74:20000']","['192.168.1.70:49127', '192.168.1.74:20000']","[0, 2, 0, 0, 0, 0, 0, 0, 0, 0, 0, 0, 0, 0, 0, 0, 2, 0]",0,[],0
9882,6,13.5,"['192.168.1.70:49127', '192.168.1.74:20000']","['192.168.1.70:49127', '192.168.1.74:20000']","[0, 3, 0, 0, 0, 0, 0, 0, 0, 0, 0, 0, 0, 0, 0, 0, 3, 0]",0,[],0
9883,4,13.5,"['192.168.1.70:49127', '192.168.1.74:20000']","['192.168.1.70:49127', '192.168.1.74:20000']","[0, 2, 0, 0, 0, 0, 0, 0, 0, 0, 0, 0, 0, 0, 0, 0, 2, 0]",0,[],0
9884,4,13.5,"['192.168.1.70:49127', '192.168.1.74:20000']","['192.168.1.70:49127', '192.168.1.74:20000']","[0, 2, 0, 0, 0, 0, 0, 0, 0, 0, 0, 0, 0, 0, 0, 0, 2, 0]",0,[],0
9885,6,13.5,"['192.168.1.70:49127', '192.168.1.74:20000']","['192.168.1.70:49127', '192.168.1.74:20000']","[0, 3, 0, 0, 0, 0, 0, 0, 0, 0, 0, 0, 0, 0, 0, 0, 3, 0]",0,[],0
9886,4,13.5,"['192.168.1.70:49127', '192.168.1.74:20000']","['192.168.1.70:49127', '192.168.1.74:20000']","[0, 2, 0, 0, 0, 0, 0, 0, 0, 0, 0, 0, 0, 0, 0, 0, 2, 0]",0,[],0
9887,6,34.33,"['192.168.1.70:49127', '192.168.1.74:20000']","['192.168.1.70:49127', '192.168.1.74:20000']","[0, 3, 0, 0, 0, 0, 0, 0, 0, 0, 0, 0, 0, 0, 0, 0, 3, 0]",0,[],0
9888,6,13.5,"['192.168.1.70:49127', '192.168.1.74:20000']","['192.168.1.70:49127', '192.168.1.74:20000']","[0, 3, 0, 0, 0, 0, 0, 0, 0, 0, 0, 0, 0, 0, 0, 0, 3, 0]",0,[],0
9889,4,13.5,"['192.168.1.70:49127', '192.168.1.74:20000']","['192.168.1.70:49127', '192.168.1.74:20000']","[0, 2, 0, 0, 0, 0, 0, 0, 0, 0, 0, 0, 0, 0, 0, 0, 2, 0]",0,[],0
9890,4,13.5,"['192.168.1.70:49127', '192.168.1.74:20000']","['192.168.1.70:49127', '192.168.1.74:20000']","[0, 2, 0, 0, 0, 0, 0, 0, 0, 0, 0, 0, 0, 0, 0, 0, 2, 0]",0,[],0
9891,6,13.5,"['192.168.1.70:49127', '192.168.1.74:20000']","['192.168.1.70:49127', '192.168.1.74:20000']","[0, 3, 0, 0, 0, 0, 0, 0, 0, 0, 0, 0, 0, 0, 0, 0, 3, 0]",0,[],0
9892,4,13.5,"['192.168.1.70:49127', '192.168.1.74:20000']","['192.168.1.70:49127', '192.168.1.74:20000']","[0, 2, 0, 0, 0, 0, 0, 0, 0, 0, 0, 0, 0, 0, 0, 0, 2, 0]",0,[],0
9893,4,13.5,"['192.168.1.70:49127', '192.168.1.74:20000']","['192.168.1.70:49127', '192.168.1.74:20000']","[0, 2, 0, 0, 0, 0, 0, 0, 0, 0, 0, 0, 0, 0, 0, 0, 2, 0]",0,[],0
9894,6,13.5,"['192.168.1.70:49127', '192.168.1.74:20000']","['192.168.1.70:49127', '192.168.1.74:20000']","[0, 3, 0, 0, 0, 0, 0, 0, 0, 0, 0, 0, 0, 0, 0, 0, 3, 0]",0,[],0
9895,4,13.5,"['192.168.1.70:49127', '192.168.1.74:20000']","['192.168.1.70:49127', '192.168.1.74:20000']","[0, 2, 0, 0, 0, 0, 0, 0, 0, 0, 0, 0, 0, 0, 0, 0, 2, 0]",0,[],0
9896,4,13.5,"['192.168.1.70:49127', '192.168.1.74:20000']","['192.168.1.70:49127', '192.168.1.74:20000']","[0, 2, 0, 0, 0, 0, 0, 0, 0, 0, 0, 0, 0, 0, 0, 0, 2, 0]",0,[],0
9897,4,13.5,"['192.168.1.70:49127', '192.168.1.74:20000']","['192.168.1.70:49127', '192.168.1.74:20000']","[0, 2, 0, 0, 0, 0, 0, 0, 0, 0, 0, 0, 0, 0, 0, 0, 2, 0]",0,[],0
9898,6,13.5,"['192.168.1.70:49127', '192.168.1.74:20000']","['192.168.1.70:49127', '192.168.1.74:20000']","[0, 3, 0, 0, 0, 0, 0, 0, 0, 0, 0, 0, 0, 0, 0, 0, 3, 0]",0,[],0
9899,6,34.33,"['192.168.1.70:49127', '192.168.1.74:20000']","['192.168.1.70:49127', '192.168.1.74:20000']","[0, 3, 0, 0, 0, 0, 0, 0, 0, 0, 0, 0, 0, 0, 0, 0, 3, 0]",0,[],0
9900,4,13.5,"['192.168.1.70:49127', '192.168.1.74:20000']","['192.168.1.70:49127', '192.168.1.74:20000']","[0, 2, 0, 0, 0, 0, 0, 0, 0, 0, 0, 0, 0, 0, 0, 0, 2, 0]",0,[],0
9901,6,13.5,"['192.168.1.70:49127', '192.168.1.74:20000']","['192.168.1.70:49127', '192.168.1.74:20000']","[0, 3, 0, 0, 0, 0, 0, 0, 0, 0, 0, 0, 0, 0, 0, 0, 3, 0]",0,[],0
9902,4,13.5,"['192.168.1.70:49127', '192.168.1.74:20000']","['192.168.1.70:49127', '192.168.1.74:20000']","[0, 2, 0, 0, 0, 0, 0, 0, 0, 0, 0, 0, 0, 0, 0, 0, 2, 0]",0,[],0
9903,4,13.5,"['192.168.1.70:49127', '192.168.1.74:20000']","['192.168.1.70:49127', '192.168.1.74:20000']","[0, 2, 0, 0, 0, 0, 0, 0, 0, 0, 0, 0, 0, 0, 0, 0, 2, 0]",0,[],0
9904,6,13.5,"['192.168.1.70:49127', '192.168.1.74:20000']","['192.168.1.70:49127', '192.168.1.74:20000']","[0, 3, 0, 0, 0, 0, 0, 0, 0, 0, 0, 0, 0, 0, 0, 0, 3, 0]",0,[],0
9905,4,13.5,"['192.168.1.70:49127', '192.168.1.74:20000']","['192.168.1.70:49127', '192.168.1.74:20000']","[0, 2, 0, 0, 0, 0, 0, 0, 0, 0, 0, 0, 0, 0, 0, 0, 2, 0]",0,[],0
9906,6,13.5,"['192.168.1.70:49127', '192.168.1.74:20000']","['192.168.1.70:49127', '192.168.1.74:20000']","[0, 3, 0, 0, 0, 0, 0, 0, 0, 0, 0, 0, 0, 0, 0, 0, 3, 0]",0,[],0
9907,4,13.5,"['192.168.1.70:49127', '192.168.1.74:20000']","['192.168.1.70:49127', '192.168.1.74:20000']","[0, 2, 0, 0, 0, 0, 0, 0, 0, 0, 0, 0, 0, 0, 0, 0, 2, 0]",0,[],0
9908,4,13.5,"['192.168.1.70:49127', '192.168.1.74:20000']","['192.168.1.70:49127', '192.168.1.74:20000']","[0, 2, 0, 0, 0, 0, 0, 0, 0, 0, 0, 0, 0, 0, 0, 0, 2, 0]",0,[],0
9909,4,13.5,"['192.168.1.70:49127', '192.168.1.74:20000']","['192.168.1.70:49127', '192.168.1.74:20000']","[0, 2, 0, 0, 0, 0, 0, 0, 0, 0, 0, 0, 0, 0, 0, 0, 2, 0]",0,[],0
9910,6,13.5,"['192.168.1.70:49127', '192.168.1.74:20000']","['192.168.1.70:49127', '192.168.1.74:20000']","[0, 3, 0, 0, 0, 0, 0, 0, 0, 0, 0, 0, 0, 0, 0, 0, 3, 0]",0,[],0
9911,4,13.5,"['192.168.1.70:49127', '192.168.1.74:20000']","['192.168.1.70:49127', '192.168.1.74:20000']","[0, 2, 0, 0, 0, 0, 0, 0, 0, 0, 0, 0, 0, 0, 0, 0, 2, 0]",0,[],0
9912,6,34.33,"['192.168.1.70:49127', '192.168.1.74:20000']","['192.168.1.70:49127', '192.168.1.74:20000']","[0, 3, 0, 0, 0, 0, 0, 0, 0, 0, 0, 0, 0, 0, 0, 0, 3, 0]",0,[],0
9913,6,13.5,"['192.168.1.70:49127', '192.168.1.74:20000']","['192.168.1.70:49127', '192.168.1.74:20000']","[0, 3, 0, 0, 0, 0, 0, 0, 0, 0, 0, 0, 0, 0, 0, 0, 3, 0]",0,[],0
9914,4,13.5,"['192.168.1.70:49127', '192.168.1.74:20000']","['192.168.1.70:49127', '192.168.1.74:20000']","[0, 2, 0, 0, 0, 0, 0, 0, 0, 0, 0, 0, 0, 0, 0, 0, 2, 0]",0,[],0
9915,4,13.5,"['192.168.1.70:49127', '192.168.1.74:20000']","['192.168.1.70:49127', '192.168.1.74:20000']","[0, 2, 0, 0, 0, 0, 0, 0, 0, 0, 0, 0, 0, 0, 0, 0, 2, 0]",0,[],0
9916,6,13.5,"['192.168.1.70:49127', '192.168.1.74:20000']","['192.168.1.70:49127', '192.168.1.74:20000']","[0, 3, 0, 0, 0, 0, 0, 0, 0, 0, 0, 0, 0, 0, 0, 0, 3, 0]",0,[],0
9917,4,13.5,"['192.168.1.70:49127', '192.168.1.74:20000']","['192.168.1.70:49127', '192.168.1.74:20000']","[0, 2, 0, 0, 0, 0, 0, 0, 0, 0, 0, 0, 0, 0, 0, 0, 2, 0]",0,[],0
9918,4,13.5,"['192.168.1.70:49127', '192.168.1.74:20000']","['192.168.1.70:49127', '192.168.1.74:20000']","[0, 2, 0, 0, 0, 0, 0, 0, 0, 0, 0, 0, 0, 0, 0, 0, 2, 0]",0,[],0
9919,6,13.5,"['192.168.1.70:49127', '192.168.1.74:20000']","['192.168.1.70:49127', '192.168.1.74:20000']","[0, 3, 0, 0, 0, 0, 0, 0, 0, 0, 0, 0, 0, 0, 0, 0, 3, 0]",0,[],0
9920,4,13.5,"['192.168.1.70:49127', '192.168.1.74:20000']","['192.168.1.70:49127', '192.168.1.74:20000']","[0, 2, 0, 0, 0, 0, 0, 0, 0, 0, 0, 0, 0, 0, 0, 0, 2, 0]",0,[],0
9921,4,13.5,"['192.168.1.70:49127', '192.168.1.74:20000']","['192.168.1.70:49127', '192.168.1.74:20000']","[0, 2, 0, 0, 0, 0, 0, 0, 0, 0, 0, 0, 0, 0, 0, 0, 2, 0]",0,[],0
9922,6,13.5,"['192.168.1.70:49127', '192.168.1.74:20000']","['192.168.1.70:49127', '192.168.1.74:20000']","[0, 3, 0, 0, 0, 0, 0, 0, 0, 0, 0, 0, 0, 0, 0, 0, 3, 0]",0,[],0
9923,4,13.5,"['192.168.1.70:49127', '192.168.1.74:20000']","['192.168.1.70:49127', '192.168.1.74:20000']","[0, 2, 0, 0, 0, 0, 0, 0, 0, 0, 0, 0, 0, 0, 0, 0, 2, 0]",0,[],0
9924,4,13.5,"['192.168.1.70:49127', '192.168.1.74:20000']","['192.168.1.70:49127', '192.168.1.74:20000']","[0, 2, 0, 0, 0, 0, 0, 0, 0, 0, 0, 0, 0, 0, 0, 0, 2, 0]",0,[],0
9925,8,29.12,"['192.168.1.70:49127', '192.168.1.74:20000']","['192.168.1.70:49127', '192.168.1.74:20000']","[0, 4, 0, 0, 0, 0, 0, 0, 0, 0, 0, 0, 0, 0, 0, 0, 4, 0]",0,[],0
9926,4,13.5,"['192.168.1.70:49127', '192.168.1.74:20000']","['192.168.1.70:49127', '192.168.1.74:20000']","[0, 2, 0, 0, 0, 0, 0, 0, 0, 0, 0, 0, 0, 0, 0, 0, 2, 0]",0,[],0
9927,6,13.5,"['192.168.1.70:49127', '192.168.1.74:20000']","['192.168.1.70:49127', '192.168.1.74:20000']","[0, 3, 0, 0, 0, 0, 0, 0, 0, 0, 0, 0, 0, 0, 0, 0, 3, 0]",0,[],0
9928,4,13.5,"['192.168.1.70:49127', '192.168.1.74:20000']","['192.168.1.70:49127', '192.168.1.74:20000']","[0, 2, 0, 0, 0, 0, 0, 0, 0, 0, 0, 0, 0, 0, 0, 0, 2, 0]",0,[],0
9929,4,13.5,"['192.168.1.70:49127', '192.168.1.74:20000']","['192.168.1.70:49127', '192.168.1.74:20000']","[0, 2, 0, 0, 0, 0, 0, 0, 0, 0, 0, 0, 0, 0, 0, 0, 2, 0]",0,[],0
9930,6,13.5,"['192.168.1.70:49127', '192.168.1.74:20000']","['192.168.1.70:49127', '192.168.1.74:20000']","[0, 3, 0, 0, 0, 0, 0, 0, 0, 0, 0, 0, 0, 0, 0, 0, 3, 0]",0,[],0
9931,4,13.5,"['192.168.1.70:49127', '192.168.1.74:20000']","['192.168.1.70:49127', '192.168.1.74:20000']","[0, 2, 0, 0, 0, 0, 0, 0, 0, 0, 0, 0, 0, 0, 0, 0, 2, 0]",0,[],0
9932,4,13.5,"['192.168.1.70:49127', '192.168.1.74:20000']","['192.168.1.70:49127', '192.168.1.74:20000']","[0, 2, 0, 0, 0, 0, 0, 0, 0, 0, 0, 0, 0, 0, 0, 0, 2, 0]",0,[],0
9933,4,13.5,"['192.168.1.70:49127', '192.168.1.74:20000']","['192.168.1.70:49127', '192.168.1.74:20000']","[0, 2, 0, 0, 0, 0, 0, 0, 0, 0, 0, 0, 0, 0, 0, 0, 2, 0]",0,[],0
9934,6,13.5,"['192.168.1.70:49127', '192.168.1.74:20000']","['192.168.1.70:49127', '192.168.1.74:20000']","[0, 3, 0, 0, 0, 0, 0, 0, 0, 0, 0, 0, 0, 0, 0, 0, 3, 0]",0,[],0
9935,4,13.5,"['192.168.1.70:49127', '192.168.1.74:20000']","['192.168.1.70:49127', '192.168.1.74:20000']","[0, 2, 0, 0, 0, 0, 0, 0, 0, 0, 0, 0, 0, 0, 0, 0, 2, 0]",0,[],0
9936,4,13.5,"['192.168.1.70:49127', '192.168.1.74:20000']","['192.168.1.70:49127', '192.168.1.74:20000']","[0, 2, 0, 0, 0, 0, 0, 0, 0, 0, 0, 0, 0, 0, 0, 0, 2, 0]",0,[],0
9937,6,13.5,"['192.168.1.70:49127', '192.168.1.74:20000']","['192.168.1.70:49127', '192.168.1.74:20000']","[0, 3, 0, 0, 0, 0, 0, 0, 0, 0, 0, 0, 0, 0, 0, 0, 3, 0]",0,[],0
9938,6,34.33,"['192.168.1.70:49127', '192.168.1.74:20000']","['192.168.1.70:49127', '192.168.1.74:20000']","[0, 3, 0, 0, 0, 0, 0, 0, 0, 0, 0, 0, 0, 0, 0, 0, 3, 0]",0,[],0
9939,4,13.5,"['192.168.1.70:49127', '192.168.1.74:20000']","['192.168.1.70:49127', '192.168.1.74:20000']","[0, 2, 0, 0, 0, 0, 0, 0, 0, 0, 0, 0, 0, 0, 0, 0, 2, 0]",0,[],0
9940,6,13.5,"['192.168.1.70:49127', '192.168.1.74:20000']","['192.168.1.70:49127', '192.168.1.74:20000']","[0, 3, 0, 0, 0, 0, 0, 0, 0, 0, 0, 0, 0, 0, 0, 0, 3, 0]",0,[],0
9941,4,13.5,"['192.168.1.70:49127', '192.168.1.74:20000']","['192.168.1.70:49127', '192.168.1.74:20000']","[0, 2, 0, 0, 0, 0, 0, 0, 0, 0, 0, 0, 0, 0, 0, 0, 2, 0]",0,[],0
9942,4,13.5,"['192.168.1.70:49127', '192.168.1.74:20000']","['192.168.1.70:49127', '192.168.1.74:20000']","[0, 2, 0, 0, 0, 0, 0, 0, 0, 0, 0, 0, 0, 0, 0, 0, 2, 0]",0,[],0
9943,6,13.5,"['192.168.1.70:49127', '192.168.1.74:20000']","['192.168.1.70:49127', '192.168.1.74:20000']","[0, 3, 0, 0, 0, 0, 0, 0, 0, 0, 0, 0, 0, 0, 0, 0, 3, 0]",0,[],0
9944,4,13.5,"['192.168.1.70:49127', '192.168.1.74:20000']","['192.168.1.70:49127', '192.168.1.74:20000']","[0, 2, 0, 0, 0, 0, 0, 0, 0, 0, 0, 0, 0, 0, 0, 0, 2, 0]",0,[],0
9945,4,13.5,"['192.168.1.70:49127', '192.168.1.74:20000']","['192.168.1.70:49127', '192.168.1.74:20000']","[0, 2, 0, 0, 0, 0, 0, 0, 0, 0, 0, 0, 0, 0, 0, 0, 2, 0]",0,[],0
9946,6,13.5,"['192.168.1.70:49127', '192.168.1.74:20000']","['192.168.1.70:49127', '192.168.1.74:20000']","[0, 3, 0, 0, 0, 0, 0, 0, 0, 0, 0, 0, 0, 0, 0, 0, 3, 0]",0,[],0
9947,4,13.5,"['192.168.1.70:49127', '192.168.1.74:20000']","['192.168.1.70:49127', '192.168.1.74:20000']","[0, 2, 0, 0, 0, 0, 0, 0, 0, 0, 0, 0, 0, 0, 0, 0, 2, 0]",0,[],0
9948,4,13.5,"['192.168.1.70:49127', '192.168.1.74:20000']","['192.168.1.70:49127', '192.168.1.74:20000']","[0, 2, 0, 0, 0, 0, 0, 0, 0, 0, 0, 0, 0, 0, 0, 0, 2, 0]",0,[],0
9949,6,13.5,"['192.168.1.70:49127', '192.168.1.74:20000']","['192.168.1.70:49127', '192.168.1.74:20000']","[0, 3, 0, 0, 0, 0, 0, 0, 0, 0, 0, 0, 0, 0, 0, 0, 3, 0]",0,[],0
9950,4,13.5,"['192.168.1.70:49127', '192.168.1.74:20000']","['192.168.1.70:49127', '192.168.1.74:20000']","[0, 2, 0, 0, 0, 0, 0, 0, 0, 0, 0, 0, 0, 0, 0, 0, 2, 0]",0,[],0
9951,6,34.33,"['192.168.1.70:49127', '192.168.1.74:20000']","['192.168.1.70:49127', '192.168.1.74:20000']","[0, 3, 0, 0, 0, 0, 0, 0, 0, 0, 0, 0, 0, 0, 0, 0, 3, 0]",0,[],0
9952,6,13.5,"['192.168.1.70:49127', '192.168.1.74:20000']","['192.168.1.70:49127', '192.168.1.74:20000']","[0, 3, 0, 0, 0, 0, 0, 0, 0, 0, 0, 0, 0, 0, 0, 0, 3, 0]",0,[],0
9953,4,13.5,"['192.168.1.70:49127', '192.168.1.74:20000']","['192.168.1.70:49127', '192.168.1.74:20000']","[0, 2, 0, 0, 0, 0, 0, 0, 0, 0, 0, 0, 0, 0, 0, 0, 2, 0]",0,[],0
9954,4,13.5,"['192.168.1.70:49127', '192.168.1.74:20000']","['192.168.1.70:49127', '192.168.1.74:20000']","[0, 2, 0, 0, 0, 0, 0, 0, 0, 0, 0, 0, 0, 0, 0, 0, 2, 0]",0,[],0
9955,6,13.5,"['192.168.1.70:49127', '192.168.1.74:20000']","['192.168.1.70:49127', '192.168.1.74:20000']","[0, 3, 0, 0, 0, 0, 0, 0, 0, 0, 0, 0, 0, 0, 0, 0, 3, 0]",0,[],0
9956,2,13.5,"['192.168.1.70:49127', '192.168.1.74:20000']","['192.168.1.70:49127', '192.168.1.74:20000']","[0, 1, 0, 0, 0, 0, 0, 0, 0, 0, 0, 0, 0, 0, 0, 0, 1, 0]",0,[],0
