Window_Num,Num_Packets,Avg_Length,stNum_Change,sqNum_Reset,ConfRev_Change,Boolean_Data_Change,Num_Events,Label
1,5,283.0,0,0,0,0,0,
2,5,283.0,0,0,0,0,0,
3,5,283.0,0,0,0,0,0,
4,5,283.0,0,0,0,0,0,
5,5,283.0,0,0,0,0,0,
6,5,283.0,0,0,0,0,0,
7,5,283.0,0,0,0,0,0,
8,5,283.0,0,0,0,0,0,
9,5,283.0,0,0,0,0,0,
10,5,283.0,0,0,0,0,0,
11,5,283.0,0,0,0,0,0,
12,5,283.0,0,0,0,0,0,
13,5,283.0,0,0,0,0,0,
14,5,283.0,0,0,0,0,0,
15,5,283.0,0,0,0,0,0,
16,5,283.0,0,0,0,0,0,
17,5,283.0,0,0,0,0,0,
18,5,283.0,0,0,0,0,0,
19,5,283.0,0,0,0,0,0,
20,5,283.0,0,0,0,0,0,
21,5,283.0,0,0,0,0,0,
22,5,283.0,0,0,0,0,0,
23,5,283.0,0,0,0,0,0,
24,4,283.0,0,0,0,0,0,
25,5,283.0,0,0,0,0,0,
26,5,283.0,0,0,0,0,0,
27,5,283.0,0,0,0,0,0,
28,5,283.0,0,0,0,0,0,
29,5,283.0,0,0,0,0,0,
30,5,283.0,0,0,0,0,0,
31,5,283.0,0,0,0,0,0,
32,5,283.0,0,0,0,0,0,
33,5,283.0,0,0,0,0,0,
34,5,283.0,0,0,0,0,0,
35,5,283.0,0,0,0,0,0,
36,5,283.0,0,0,0,0,0,
37,5,283.0,0,0,0,0,0,
38,5,283.0,0,0,0,0,0,
39,5,283.0,0,0,0,0,0,
40,5,283.0,0,0,0,0,0,
41,5,283.0,0,0,0,0,0,
42,5,283.0,0,0,0,0,0,
43,5,283.0,0,0,0,0,0,
44,5,283.0,0,0,0,0,0,
45,5,283.0,0,0,0,0,0,
46,5,283.0,0,0,0,0,0,
47,5,283.0,0,0,0,0,0,
48,5,283.0,0,0,0,0,0,
49,5,283.0,0,0,0,0,0,
50,5,283.0,0,0,0,0,0,
51,5,283.0,0,0,0,0,0,
52,5,283.0,0,0,0,0,0,
53,5,283.0,0,0,0,0,0,
54,5,283.0,0,0,0,0,0,
55,5,283.0,0,0,0,0,0,
56,5,283.0,0,0,0,0,0,
57,5,283.0,0,0,0,0,0,
58,5,283.0,0,0,0,0,0,
59,5,283.0,0,0,0,0,0,
60,5,283.0,0,0,0,0,0,
61,5,283.0,0,0,0,0,0,
62,5,283.0,0,0,0,0,0,
63,5,283.0,0,0,0,0,0,
64,5,283.0,0,0,0,0,0,
65,5,283.0,0,0,0,0,0,
66,5,283.0,0,0,0,0,0,
67,5,283.0,0,0,0,0,0,
68,5,283.0,0,0,0,0,0,
69,5,283.0,0,0,0,0,0,
70,5,283.0,0,0,0,0,0,
71,5,283.0,0,0,0,0,0,
72,5,283.0,0,0,0,0,0,
73,5,283.0,0,0,0,0,0,
74,5,283.0,0,0,0,0,0,
75,5,283.0,0,0,0,0,0,
76,5,283.0,0,0,0,0,0,
77,5,283.0,0,0,0,0,0,
78,5,283.0,0,0,0,0,0,
79,5,283.0,0,0,0,0,0,
80,5,283.0,0,0,0,0,0,
81,5,283.0,0,0,0,0,0,
82,5,283.0,0,0,0,0,0,
83,5,283.0,0,0,0,0,0,
84,5,283.0,0,0,0,0,0,
85,5,283.0,0,0,0,0,0,
86,5,283.0,0,0,0,0,0,
87,5,283.0,0,0,0,0,0,
88,5,283.0,0,0,0,0,0,
89,5,283.0,0,0,0,0,0,
90,5,283.0,0,0,0,0,0,
91,5,283.0,0,0,0,0,0,
92,5,283.0,0,0,0,0,0,
93,5,283.0,0,0,0,0,0,
94,5,283.0,0,0,0,0,0,
95,5,283.0,0,0,0,0,0,
96,5,283.0,0,0,0,0,0,
97,5,283.0,0,0,0,0,0,
98,5,283.0,0,0,0,0,0,
99,5,283.0,0,0,0,0,0,
100,5,283.0,0,0,0,0,0,
101,5,283.0,0,0,0,0,0,
102,5,283.0,0,0,0,0,0,
103,5,283.0,0,0,0,0,0,
104,5,283.0,0,0,0,0,0,
105,5,283.0,0,0,0,0,0,
106,5,283.0,0,0,0,0,0,
107,5,283.0,0,0,0,0,0,
108,5,283.0,0,0,0,0,0,
109,5,283.0,0,0,0,0,0,
110,5,283.0,0,0,0,0,0,
111,5,283.0,0,0,0,0,0,
112,5,283.0,0,0,0,0,0,
113,5,283.0,0,0,0,0,0,
114,5,283.0,0,0,0,0,0,
115,5,283.0,0,0,0,0,0,
116,5,283.0,0,0,0,0,0,
117,5,283.0,0,0,0,0,0,
118,5,283.0,0,0,0,0,0,
119,5,283.0,0,0,0,0,0,
120,5,283.0,0,0,0,0,0,
121,5,283.0,0,0,0,0,0,
122,5,283.0,0,0,0,0,0,
123,5,283.0,0,0,0,0,0,
124,5,283.0,0,0,0,0,0,
125,5,283.0,0,0,0,0,0,
126,5,283.0,0,0,0,0,0,
127,5,283.0,0,0,0,0,0,
128,5,283.0,0,0,0,0,0,
129,5,283.0,0,0,0,0,0,
130,5,283.0,0,0,0,0,0,
131,5,283.0,0,0,0,0,0,
132,5,283.0,0,0,0,0,0,
133,5,283.0,0,0,0,0,0,
134,5,283.0,0,0,0,0,0,
135,5,283.0,0,0,0,0,0,
136,5,283.0,0,0,0,0,0,
137,5,283.0,0,0,0,0,0,
138,5,283.0,0,0,0,0,0,
139,5,283.0,0,0,0,0,0,
140,5,283.0,0,0,0,0,0,
141,5,283.0,0,0,0,0,0,
142,5,283.0,0,0,0,0,0,
143,5,283.0,0,0,0,0,0,
144,5,283.0,0,0,0,0,0,
145,5,283.0,0,0,0,0,0,
146,5,283.0,0,0,0,0,0,
147,5,283.0,0,0,0,0,0,
148,5,283.0,0,0,0,0,0,
149,5,283.0,0,0,0,0,0,
150,5,283.0,0,0,0,0,0,
151,5,283.0,0,0,0,0,0,
152,5,283.0,0,0,0,0,0,
153,5,283.0,0,0,0,0,0,
154,5,283.0,0,0,0,0,0,
155,5,283.0,0,0,0,0,0,
156,5,283.0,0,0,0,0,0,
157,5,283.0,0,0,0,0,0,
158,5,283.0,0,0,0,0,0,
159,5,283.0,0,0,0,0,0,
160,5,283.0,0,0,0,0,0,
161,5,283.0,0,0,0,0,0,
162,5,283.0,0,0,0,0,0,
163,5,283.0,0,0,0,0,0,
164,5,283.0,0,0,0,0,0,
165,5,283.0,0,0,0,0,0,
166,5,283.0,0,0,0,0,0,
167,5,283.0,0,0,0,0,0,
168,5,283.0,0,0,0,0,0,
169,5,283.0,0,0,0,0,0,
170,5,283.0,0,0,0,0,0,
171,5,283.0,0,0,0,0,0,
172,5,283.0,0,0,0,0,0,
173,5,283.0,0,0,0,0,0,
174,5,283.0,0,0,0,0,0,
175,5,283.0,0,0,0,0,0,
176,5,283.0,0,0,0,0,0,
177,9,279.67,1,1,0,1,2,
178,5,280.0,0,0,0,0,0,
179,5,280.0,0,0,0,0,0,
180,5,280.0,0,0,0,0,0,
181,5,280.0,0,0,0,0,0,
182,5,280.0,0,0,0,0,0,
183,5,280.0,0,0,0,0,0,
184,5,280.0,0,0,0,0,0,
185,5,280.0,0,0,0,0,0,
186,5,280.0,0,0,0,0,0,
187,5,280.0,0,0,0,0,0,
188,5,280.0,0,0,0,0,0,
189,5,280.0,0,0,0,0,0,
190,5,280.0,0,0,0,0,0,
191,5,280.0,0,0,0,0,0,
192,5,280.0,0,0,0,0,0,
193,5,280.0,0,0,0,0,0,
194,5,280.0,0,0,0,0,0,
195,5,280.0,0,0,0,0,0,
196,5,280.0,0,0,0,0,0,
197,5,280.0,0,0,0,0,0,
198,5,280.0,0,0,0,0,0,
199,5,280.0,0,0,0,0,0,
200,5,280.0,0,0,0,0,0,
201,5,280.0,0,0,0,0,0,
202,5,282.0,0,0,0,0,0,
203,5,282.0,0,0,0,0,0,
204,5,282.0,0,0,0,0,0,
205,5,282.0,0,0,0,0,0,
206,5,282.0,0,0,0,0,0,
207,5,282.0,0,0,0,0,0,
208,5,282.0,0,0,0,0,0,
209,5,282.0,0,0,0,0,0,
210,5,282.0,0,0,0,0,0,
211,5,282.0,0,0,0,0,0,
212,5,282.0,0,0,0,0,0,
213,5,282.0,0,0,0,0,0,
214,5,282.0,0,0,0,0,0,
215,5,282.0,0,0,0,0,0,
216,5,282.0,0,0,0,0,0,
217,5,282.0,0,0,0,0,0,
218,8,279.75,1,1,0,1,1,
219,5,280.0,0,0,0,0,0,
220,5,280.0,0,0,0,0,0,
221,5,280.0,0,0,0,0,0,
222,5,280.0,0,0,0,0,0,
223,5,280.0,0,0,0,0,0,
224,5,280.0,0,0,0,0,0,
225,5,280.0,0,0,0,0,0,
226,5,280.0,0,0,0,0,0,
227,5,280.0,0,0,0,0,0,
228,5,280.0,0,0,0,0,0,
229,5,280.0,0,0,0,0,0,
230,5,280.0,0,0,0,0,0,
231,5,280.0,0,0,0,0,0,
232,5,280.0,0,0,0,0,0,
233,5,280.0,0,0,0,0,0,
234,5,280.0,0,0,0,0,0,
235,5,280.0,0,0,0,0,0,
236,5,280.0,0,0,0,0,0,
237,5,280.0,0,0,0,0,0,
238,5,280.0,0,0,0,0,0,
239,5,280.0,0,0,0,0,0,
240,5,280.0,0,0,0,0,0,
241,5,280.0,0,0,0,0,0,
242,5,280.0,0,0,0,0,0,
243,5,282.0,0,0,0,0,0,
244,5,282.0,0,0,0,0,0,
245,5,282.0,0,0,0,0,0,
246,5,282.0,0,0,0,0,0,
247,5,282.0,0,0,0,0,0,
248,5,282.0,0,0,0,0,0,
249,5,282.0,0,0,0,0,0,
250,5,282.0,0,0,0,0,0,
251,5,282.0,0,0,0,0,0,
252,5,282.0,0,0,0,0,0,
253,5,282.0,0,0,0,0,0,
254,5,282.0,0,0,0,0,0,
255,5,282.0,0,0,0,0,0,
256,5,282.0,0,0,0,0,0,
257,5,282.0,0,0,0,0,0,
258,5,282.0,0,0,0,0,0,
259,5,282.0,0,0,0,0,0,
260,5,282.0,0,0,0,0,0,
261,5,282.0,0,0,0,0,0,
262,5,282.0,0,0,0,0,0,
263,5,282.0,0,0,0,0,0,
264,5,282.0,0,0,0,0,0,
265,5,282.0,0,0,0,0,0,
266,5,282.0,0,0,0,0,0,
267,5,282.0,0,0,0,0,0,
268,5,282.0,0,0,0,0,0,
269,5,282.0,0,0,0,0,0,
270,5,282.0,0,0,0,0,0,
271,5,282.0,0,0,0,0,0,
272,5,282.0,0,0,0,0,0,
273,5,282.0,0,0,0,0,0,
274,5,282.0,0,0,0,0,0,
275,5,282.0,0,0,0,0,0,
276,5,282.0,0,0,0,0,0,
277,5,282.0,0,0,0,0,0,
278,5,282.0,0,0,0,0,0,
279,5,282.0,0,0,0,0,0,
280,5,282.0,0,0,0,0,0,
281,5,282.0,0,0,0,0,0,
282,5,282.0,0,0,0,0,0,
283,5,282.0,0,0,0,0,0,
284,5,282.0,0,0,0,0,0,
285,5,282.0,0,0,0,0,0,
286,5,282.0,0,0,0,0,0,
287,5,282.0,0,0,0,0,0,
288,5,282.0,0,0,0,0,0,
289,5,282.0,0,0,0,0,0,
290,5,282.0,0,0,0,0,0,
291,5,282.0,0,0,0,0,0,
292,5,282.0,0,0,0,0,0,
293,5,282.0,0,0,0,0,0,
294,5,282.0,0,0,0,0,0,
295,5,282.0,0,0,0,0,0,
296,5,282.0,0,0,0,0,0,
297,5,282.0,0,0,0,0,0,
298,5,282.0,0,0,0,0,0,
299,5,282.0,0,0,0,0,0,
300,5,282.0,0,0,0,0,0,
301,5,282.0,0,0,0,0,0,
302,5,282.0,0,0,0,0,0,
303,5,282.0,0,0,0,0,0,
304,5,282.0,0,0,0,0,0,
305,5,282.0,0,0,0,0,0,
306,5,282.0,0,0,0,0,0,
307,5,282.0,0,0,0,0,0,
308,5,282.0,0,0,0,0,0,
309,5,282.0,0,0,0,0,0,
310,5,282.0,0,0,0,0,0,
311,5,282.0,0,0,0,0,0,
312,5,282.0,0,0,0,0,0,
313,5,282.0,0,0,0,0,0,
314,5,282.0,0,0,0,0,0,
315,5,282.0,0,0,0,0,0,
316,5,282.0,0,0,0,0,0,
317,5,282.0,0,0,0,0,0,
318,5,282.0,0,0,0,0,0,
319,5,282.0,0,0,0,0,0,
320,4,282.0,0,0,0,0,0,
321,5,282.0,0,0,0,0,0,
322,5,282.0,0,0,0,0,0,
323,5,282.0,0,0,0,0,0,
324,5,282.0,0,0,0,0,0,
325,5,282.0,0,0,0,0,0,
326,5,282.0,0,0,0,0,0,
327,5,282.0,0,0,0,0,0,
328,5,282.0,0,0,0,0,0,
329,5,282.0,0,0,0,0,0,
330,5,282.0,0,0,0,0,0,
331,5,282.0,0,0,0,0,0,
332,5,282.0,0,0,0,0,0,
333,5,282.0,0,0,0,0,0,
334,5,282.0,0,0,0,0,0,
335,5,282.0,0,0,0,0,0,
336,5,282.0,0,0,0,0,0,
337,5,282.0,0,0,0,0,0,
338,5,282.0,0,0,0,0,0,
339,5,282.0,0,0,0,0,0,
340,5,282.0,0,0,0,0,0,
341,5,282.0,0,0,0,0,0,
342,5,282.0,0,0,0,0,0,
343,5,282.0,0,0,0,0,0,
344,5,282.0,0,0,0,0,0,
345,5,282.0,0,0,0,0,0,
346,5,282.0,0,0,0,0,0,
347,5,282.0,0,0,0,0,0,
348,5,282.0,0,0,0,0,0,
349,5,282.0,0,0,0,0,0,
350,5,282.0,0,0,0,0,0,
351,5,282.0,0,0,0,0,0,
352,5,282.0,0,0,0,0,0,
353,5,282.0,0,0,0,0,0,
354,5,282.0,0,0,0,0,0,
355,5,282.0,0,0,0,0,0,
356,5,282.0,0,0,0,0,0,
357,5,282.0,0,0,0,0,0,
358,5,282.0,0,0,0,0,0,
359,5,282.0,0,0,0,0,0,
360,5,282.0,0,0,0,0,0,
361,5,282.0,0,0,0,0,0,
362,5,282.0,0,0,0,0,0,
363,5,282.0,0,0,0,0,0,
364,5,282.0,0,0,0,0,0,
365,5,282.0,0,0,0,0,0,
366,5,282.0,0,0,0,0,0,
367,5,282.0,0,0,0,0,0,
368,5,282.0,0,0,0,0,0,
369,5,282.0,0,0,0,0,0,
370,5,282.0,0,0,0,0,0,
371,5,282.0,0,0,0,0,0,
372,5,282.0,0,0,0,0,0,
373,5,282.0,0,0,0,0,0,
374,5,282.0,0,0,0,0,0,
375,5,282.0,0,0,0,0,0,
376,5,282.0,0,0,0,0,0,
377,5,282.0,0,0,0,0,0,
378,5,282.0,0,0,0,0,0,
379,5,282.0,0,0,0,0,0,
380,5,282.0,0,0,0,0,0,
381,5,282.0,0,0,0,0,0,
382,5,282.0,0,0,0,0,0,
383,5,282.0,0,0,0,0,0,
384,5,282.0,0,0,0,0,0,
385,5,282.0,0,0,0,0,0,
386,5,282.0,0,0,0,0,0,
387,5,282.0,0,0,0,0,0,
388,5,282.0,0,0,0,0,0,
389,5,282.0,0,0,0,0,0,
390,5,282.0,0,0,0,0,0,
391,5,282.0,0,0,0,0,0,
392,5,282.0,0,0,0,0,0,
393,5,282.0,0,0,0,0,0,
394,5,282.0,0,0,0,0,0,
395,5,282.0,0,0,0,0,0,
396,5,282.0,0,0,0,0,0,
397,5,282.0,0,0,0,0,0,
398,5,282.0,0,0,0,0,0,
399,5,282.0,0,0,0,0,0,
400,5,282.0,0,0,0,0,0,
401,5,282.0,0,0,0,0,0,
402,5,282.0,0,0,0,0,0,
403,5,282.0,0,0,0,0,0,
404,5,282.0,0,0,0,0,0,
405,5,282.0,0,0,0,0,0,
406,5,282.0,0,0,0,0,0,
407,5,282.0,0,0,0,0,0,
408,5,282.0,0,0,0,0,0,
409,5,282.0,0,0,0,0,0,
410,5,282.0,0,0,0,0,0,
411,5,282.0,0,0,0,0,0,
412,5,282.0,0,0,0,0,0,
413,5,282.0,0,0,0,0,0,
414,5,282.0,0,0,0,0,0,
415,5,282.0,0,0,0,0,0,
416,5,282.0,0,0,0,0,0,
417,5,282.0,0,0,0,0,0,
418,5,282.0,0,0,0,0,0,
419,5,282.0,0,0,0,0,0,
420,5,282.0,0,0,0,0,0,
421,5,282.0,0,0,0,0,0,
422,5,282.0,0,0,0,0,0,
423,5,282.0,0,0,0,0,0,
424,5,282.0,0,0,0,0,0,
425,5,282.0,0,0,0,0,0,
426,5,282.0,0,0,0,0,0,
427,5,282.0,0,0,0,0,0,
428,5,282.0,0,0,0,0,0,
429,5,282.0,0,0,0,0,0,
430,5,282.0,0,0,0,0,0,
431,5,282.0,0,0,0,0,0,
432,5,282.0,0,0,0,0,0,
433,5,282.0,0,0,0,0,0,
434,5,282.0,0,0,0,0,0,
435,5,282.0,0,0,0,0,0,
436,5,282.0,0,0,0,0,0,
437,5,282.0,0,0,0,0,0,
438,5,282.0,0,0,0,0,0,
439,5,282.0,0,0,0,0,0,
440,5,282.0,0,0,0,0,0,
441,5,282.0,0,0,0,0,0,
442,5,282.0,0,0,0,0,0,
443,5,282.0,0,0,0,0,0,
444,5,282.0,0,0,0,0,0,
445,5,282.0,0,0,0,0,0,
446,5,282.0,0,0,0,0,0,
447,5,282.0,0,0,0,0,0,
448,5,282.0,0,0,0,0,0,
449,5,282.0,0,0,0,0,0,
450,5,282.0,0,0,0,0,0,
451,5,282.0,0,0,0,0,0,
452,5,282.0,0,0,0,0,0,
453,5,282.0,0,0,0,0,0,
454,5,282.0,0,0,0,0,0,
455,5,282.0,0,0,0,0,0,
456,5,282.0,0,0,0,0,0,
457,5,282.0,0,0,0,0,0,
458,5,282.0,0,0,0,0,0,
459,5,282.0,0,0,0,0,0,
460,5,282.0,0,0,0,0,0,
461,5,282.0,0,0,0,0,0,
462,5,282.0,0,0,0,0,0,
463,5,282.0,0,0,0,0,0,
464,5,282.0,0,0,0,0,0,
465,5,282.0,0,0,0,0,0,
466,5,282.0,0,0,0,0,0,
467,5,282.0,0,0,0,0,0,
468,5,282.0,0,0,0,0,0,
469,5,282.0,0,0,0,0,0,
470,5,282.0,0,0,0,0,0,
471,5,282.0,0,0,0,0,0,
472,5,282.0,0,0,0,0,0,
473,5,282.0,0,0,0,0,0,
474,5,282.0,0,0,0,0,0,
475,5,282.0,0,0,0,0,0,
476,5,282.0,0,0,0,0,0,
477,5,282.0,0,0,0,0,0,
478,5,282.0,0,0,0,0,0,
479,5,282.0,0,0,0,0,0,
480,5,282.0,0,0,0,0,0,
481,5,282.0,0,0,0,0,0,
482,5,282.0,0,0,0,0,0,
483,5,282.0,0,0,0,0,0,
484,5,282.0,0,0,0,0,0,
485,5,282.0,0,0,0,0,0,
486,5,282.0,0,0,0,0,0,
487,5,282.0,0,0,0,0,0,
488,5,282.0,0,0,0,0,0,
489,5,282.0,0,0,0,0,0,
490,5,282.0,0,0,0,0,0,
491,5,282.0,0,0,0,0,0,
492,5,282.0,0,0,0,0,0,
493,5,282.0,0,0,0,0,0,
494,5,282.0,0,0,0,0,0,
495,5,282.0,0,0,0,0,0,
496,5,282.0,0,0,0,0,0,
497,5,282.0,0,0,0,0,0,
498,5,282.0,0,0,0,0,0,
499,5,282.0,0,0,0,0,0,
500,5,282.0,0,0,0,0,0,
501,5,282.0,0,0,0,0,0,
502,5,282.0,0,0,0,0,0,
503,5,282.0,0,0,0,0,0,
504,5,282.0,0,0,0,0,0,
505,5,282.0,0,0,0,0,0,
506,5,282.0,0,0,0,0,0,
507,5,282.0,0,0,0,0,0,
508,5,282.0,0,0,0,0,0,
509,5,282.0,0,0,0,0,0,
510,5,282.0,0,0,0,0,0,
511,5,282.0,0,0,0,0,0,
512,5,282.0,0,0,0,0,0,
513,5,282.0,0,0,0,0,0,
514,5,282.0,0,0,0,0,0,
515,5,282.0,0,0,0,0,0,
516,5,282.0,0,0,0,0,0,
517,5,282.0,0,0,0,0,0,
518,5,282.0,0,0,0,0,0,
519,5,282.0,0,0,0,0,0,
520,5,282.0,0,0,0,0,0,
521,5,282.0,0,0,0,0,0,
522,5,282.0,0,0,0,0,0,
523,5,282.0,0,0,0,0,0,
524,5,282.0,0,0,0,0,0,
525,5,282.0,0,0,0,0,0,
526,5,282.0,0,0,0,0,0,
527,5,282.0,0,0,0,0,0,
528,5,282.0,0,0,0,0,0,
529,5,282.0,0,0,0,0,0,
530,5,282.0,0,0,0,0,0,
531,5,282.0,0,0,0,0,0,
532,5,282.0,0,0,0,0,0,
533,5,282.0,0,0,0,0,0,
534,5,282.0,0,0,0,0,0,
535,5,282.0,0,0,0,0,0,
536,5,282.0,0,0,0,0,0,
537,4,282.0,0,0,0,0,0,
538,5,282.0,0,0,0,0,0,
539,5,282.0,0,0,0,0,0,
540,5,282.0,0,0,0,0,0,
541,5,282.0,0,0,0,0,0,
542,5,282.0,0,0,0,0,0,
543,5,282.0,0,0,0,0,0,
544,5,282.0,0,0,0,0,0,
545,5,282.0,0,0,0,0,0,
546,5,282.0,0,0,0,0,0,
547,5,282.0,0,0,0,0,0,
548,5,282.0,0,0,0,0,0,
549,5,282.0,0,0,0,0,0,
550,5,282.0,0,0,0,0,0,
551,5,282.0,0,0,0,0,0,
552,5,282.0,0,0,0,0,0,
553,5,282.0,0,0,0,0,0,
554,5,282.0,0,0,0,0,0,
555,5,282.0,0,0,0,0,0,
556,5,282.0,0,0,0,0,0,
557,5,282.0,0,0,0,0,0,
558,5,282.0,0,0,0,0,0,
559,5,282.0,0,0,0,0,0,
560,5,282.0,0,0,0,0,0,
561,5,282.0,0,0,0,0,0,
562,5,282.0,0,0,0,0,0,
563,5,282.0,0,0,0,0,0,
564,5,282.0,0,0,0,0,0,
565,5,282.0,0,0,0,0,0,
566,5,282.0,0,0,0,0,0,
567,5,282.0,0,0,0,0,0,
568,5,282.0,0,0,0,0,0,
569,5,282.0,0,0,0,0,0,
570,5,282.0,0,0,0,0,0,
571,5,282.0,0,0,0,0,0,
572,5,282.0,0,0,0,0,0,
573,5,282.0,0,0,0,0,0,
574,5,282.0,0,0,0,0,0,
575,5,282.0,0,0,0,0,0,
576,5,282.0,0,0,0,0,0,
577,5,282.0,0,0,0,0,0,
578,5,282.0,0,0,0,0,0,
579,5,282.0,0,0,0,0,0,
580,5,282.0,0,0,0,0,0,
581,5,282.0,0,0,0,0,0,
582,5,282.0,0,0,0,0,0,
583,5,282.0,0,0,0,0,0,
584,5,282.0,0,0,0,0,0,
585,5,282.0,0,0,0,0,0,
586,5,282.0,0,0,0,0,0,
587,5,282.0,0,0,0,0,0,
588,5,282.0,0,0,0,0,0,
589,5,282.0,0,0,0,0,0,
590,5,282.0,0,0,0,0,0,
591,5,282.0,0,0,0,0,0,
592,5,282.0,0,0,0,0,0,
593,5,282.0,0,0,0,0,0,
594,5,282.0,0,0,0,0,0,
595,5,282.0,0,0,0,0,0,
596,5,282.0,0,0,0,0,0,
597,5,282.0,0,0,0,0,0,
598,5,282.0,0,0,0,0,0,
599,5,282.0,0,0,0,0,0,
600,5,282.0,0,0,0,0,0,
601,5,282.0,0,0,0,0,0,
602,5,282.0,0,0,0,0,0,
603,5,282.0,0,0,0,0,0,
604,5,282.0,0,0,0,0,0,
605,5,282.0,0,0,0,0,0,
606,5,282.0,0,0,0,0,0,
607,5,282.0,0,0,0,0,0,
608,5,282.0,0,0,0,0,0,
609,5,282.0,0,0,0,0,0,
610,5,282.0,0,0,0,0,0,
611,5,282.0,0,0,0,0,0,
612,5,282.0,0,0,0,0,0,
613,5,282.0,0,0,0,0,0,
614,5,282.0,0,0,0,0,0,
615,5,282.0,0,0,0,0,0,
616,5,282.0,0,0,0,0,0,
617,5,282.0,0,0,0,0,0,
618,5,282.0,0,0,0,0,0,
619,5,282.0,0,0,0,0,0,
620,5,282.0,0,0,0,0,0,
621,5,282.0,0,0,0,0,0,
622,5,282.0,0,0,0,0,0,
623,5,282.0,0,0,0,0,0,
624,5,282.0,0,0,0,0,0,
625,5,282.0,0,0,0,0,0,
626,5,282.0,0,0,0,0,0,
627,5,282.0,0,0,0,0,0,
628,5,282.0,0,0,0,0,0,
629,5,282.0,0,0,0,0,0,
630,5,282.0,0,0,0,0,0,
631,5,282.0,0,0,0,0,0,
632,5,282.0,0,0,0,0,0,
633,5,282.0,0,0,0,0,0,
634,5,282.0,0,0,0,0,0,
635,5,282.0,0,0,0,0,0,
636,5,282.0,0,0,0,0,0,
637,5,282.0,0,0,0,0,0,
638,5,282.0,0,0,0,0,0,
639,5,282.0,0,0,0,0,0,
640,5,282.0,0,0,0,0,0,
641,5,282.0,0,0,0,0,0,
642,5,282.0,0,0,0,0,0,
643,5,282.0,0,0,0,0,0,
644,5,282.0,0,0,0,0,0,
645,5,282.0,0,0,0,0,0,
646,5,282.0,0,0,0,0,0,
647,5,282.0,0,0,0,0,0,
648,5,282.0,0,0,0,0,0,
649,5,282.0,0,0,0,0,0,
650,5,282.0,0,0,0,0,0,
651,5,282.0,0,0,0,0,0,
652,5,282.0,0,0,0,0,0,
653,5,282.0,0,0,0,0,0,
654,5,282.0,0,0,0,0,0,
655,5,282.0,0,0,0,0,0,
656,5,282.0,0,0,0,0,0,
657,5,282.0,0,0,0,0,0,
658,5,282.0,0,0,0,0,0,
659,5,282.0,0,0,0,0,0,
660,5,282.0,0,0,0,0,0,
661,5,282.0,0,0,0,0,0,
662,5,282.0,0,0,0,0,0,
663,5,282.0,0,0,0,0,0,
664,5,282.0,0,0,0,0,0,
665,5,282.0,0,0,0,0,0,
666,5,282.0,0,0,0,0,0,
667,5,282.0,0,0,0,0,0,
668,5,282.0,0,0,0,0,0,
669,5,282.0,0,0,0,0,0,
670,5,282.0,0,0,0,0,0,
671,5,282.0,0,0,0,0,0,
672,5,282.0,0,0,0,0,0,
673,5,282.0,0,0,0,0,0,
674,5,282.0,0,0,0,0,0,
675,5,282.0,0,0,0,0,0,
676,5,282.0,0,0,0,0,0,
677,5,282.0,0,0,0,0,0,
678,5,282.0,0,0,0,0,0,
679,5,282.0,0,0,0,0,0,
680,5,282.0,0,0,0,0,0,
681,5,282.0,0,0,0,0,0,
682,5,282.0,0,0,0,0,0,
683,5,282.0,0,0,0,0,0,
684,5,282.0,0,0,0,0,0,
685,5,282.0,0,0,0,0,0,
686,5,282.0,0,0,0,0,0,
687,5,282.0,0,0,0,0,0,
688,5,282.0,0,0,0,0,0,
689,5,282.0,0,0,0,0,0,
690,5,282.0,0,0,0,0,0,
691,5,282.0,0,0,0,0,0,
692,5,282.0,0,0,0,0,0,
693,5,282.0,0,0,0,0,0,
694,5,282.0,0,0,0,0,0,
695,5,282.0,0,0,0,0,0,
696,5,282.0,0,0,0,0,0,
697,5,282.0,0,0,0,0,0,
698,5,282.0,0,0,0,0,0,
699,5,282.0,0,0,0,0,0,
700,5,282.0,0,0,0,0,0,
701,5,282.0,0,0,0,0,0,
702,5,282.0,0,0,0,0,0,
703,5,282.0,0,0,0,0,0,
704,5,282.0,0,0,0,0,0,
705,5,282.0,0,0,0,0,0,
706,5,282.0,0,0,0,0,0,
707,5,282.0,0,0,0,0,0,
708,5,282.0,0,0,0,0,0,
709,5,282.0,0,0,0,0,0,
710,5,282.0,0,0,0,0,0,
711,5,282.0,0,0,0,0,0,
712,5,282.0,0,0,0,0,0,
713,5,282.0,0,0,0,0,0,
714,5,282.0,0,0,0,0,0,
715,5,282.0,0,0,0,0,0,
716,5,282.0,0,0,0,0,0,
717,5,282.0,0,0,0,0,0,
718,5,282.0,0,0,0,0,0,
719,5,282.0,0,0,0,0,0,
720,5,282.0,0,0,0,0,0,
721,5,282.0,0,0,0,0,0,
722,5,282.0,0,0,0,0,0,
723,5,282.0,0,0,0,0,0,
724,5,282.0,0,0,0,0,0,
725,5,282.0,0,0,0,0,0,
726,5,282.0,0,0,0,0,0,
727,5,282.0,0,0,0,0,0,
728,5,282.0,0,0,0,0,0,
729,5,282.0,0,0,0,0,0,
730,5,282.0,0,0,0,0,0,
731,5,282.0,0,0,0,0,0,
732,5,282.0,0,0,0,0,0,
733,5,282.0,0,0,0,0,0,
734,5,282.0,0,0,0,0,0,
735,5,282.0,0,0,0,0,0,
736,5,282.0,0,0,0,0,0,
737,5,282.0,0,0,0,0,0,
738,5,282.0,0,0,0,0,0,
739,5,282.0,0,0,0,0,0,
740,5,282.0,0,0,0,0,0,
741,5,282.0,0,0,0,0,0,
742,5,282.0,0,0,0,0,0,
743,5,282.0,0,0,0,0,0,
744,5,282.0,0,0,0,0,0,
745,5,282.0,0,0,0,0,0,
746,5,282.0,0,0,0,0,0,
747,5,282.0,0,0,0,0,0,
748,5,282.0,0,0,0,0,0,
749,5,282.0,0,0,0,0,0,
750,5,282.0,0,0,0,0,0,
751,5,282.0,0,0,0,0,0,
752,5,282.0,0,0,0,0,0,
753,5,282.0,0,0,0,0,0,
754,4,282.0,0,0,0,0,0,
755,5,282.0,0,0,0,0,0,
756,5,282.0,0,0,0,0,0,
757,5,282.0,0,0,0,0,0,
758,5,282.0,0,0,0,0,0,
759,5,282.0,0,0,0,0,0,
760,5,282.0,0,0,0,0,0,
761,5,282.0,0,0,0,0,0,
762,5,282.0,0,0,0,0,0,
763,5,282.0,0,0,0,0,0,
764,5,282.0,0,0,0,0,0,
765,5,282.0,0,0,0,0,0,
766,5,282.0,0,0,0,0,0,
767,5,282.0,0,0,0,0,0,
768,5,282.0,0,0,0,0,0,
769,5,282.0,0,0,0,0,0,
770,5,282.0,0,0,0,0,0,
771,5,282.0,0,0,0,0,0,
772,5,282.0,0,0,0,0,0,
773,5,282.0,0,0,0,0,0,
774,5,282.0,0,0,0,0,0,
775,5,282.0,0,0,0,0,0,
776,5,282.0,0,0,0,0,0,
777,5,282.0,0,0,0,0,0,
778,5,282.0,0,0,0,0,0,
779,5,282.0,0,0,0,0,0,
780,5,282.0,0,0,0,0,0,
781,5,282.0,0,0,0,0,0,
782,5,282.0,0,0,0,0,0,
783,5,282.0,0,0,0,0,0,
784,5,282.0,0,0,0,0,0,
785,5,282.0,0,0,0,0,0,
786,5,282.0,0,0,0,0,0,
787,5,282.0,0,0,0,0,0,
788,5,282.0,0,0,0,0,0,
789,5,282.0,0,0,0,0,0,
790,5,282.0,0,0,0,0,0,
791,5,282.0,0,0,0,0,0,
792,5,282.0,0,0,0,0,0,
793,5,282.0,0,0,0,0,0,
794,5,282.0,0,0,0,0,0,
795,5,282.0,0,0,0,0,0,
796,5,282.0,0,0,0,0,0,
797,5,282.0,0,0,0,0,0,
798,5,282.0,0,0,0,0,0,
799,5,282.0,0,0,0,0,0,
800,5,282.0,0,0,0,0,0,
801,5,282.0,0,0,0,0,0,
802,5,282.0,0,0,0,0,0,
803,5,282.0,0,0,0,0,0,
804,5,282.0,0,0,0,0,0,
805,5,282.0,0,0,0,0,0,
806,5,282.0,0,0,0,0,0,
807,5,282.0,0,0,0,0,0,
808,5,282.0,0,0,0,0,0,
809,5,282.0,0,0,0,0,0,
810,5,282.0,0,0,0,0,0,
811,5,282.0,0,0,0,0,0,
812,5,282.0,0,0,0,0,0,
813,5,282.0,0,0,0,0,0,
814,5,282.0,0,0,0,0,0,
815,5,282.0,0,0,0,0,0,
816,5,282.0,0,0,0,0,0,
817,5,282.0,0,0,0,0,0,
818,5,282.0,0,0,0,0,0,
819,5,282.0,0,0,0,0,0,
820,5,282.0,0,0,0,0,0,
821,5,282.0,0,0,0,0,0,
822,5,282.0,0,0,0,0,0,
823,5,282.0,0,0,0,0,0,
824,5,282.0,0,0,0,0,0,
825,5,282.0,0,0,0,0,0,
826,5,282.0,0,0,0,0,0,
827,5,282.0,0,0,0,0,0,
828,5,282.0,0,0,0,0,0,
829,5,282.0,0,0,0,0,0,
830,5,282.0,0,0,0,0,0,
831,5,282.0,0,0,0,0,0,
832,5,282.0,0,0,0,0,0,
833,5,282.0,0,0,0,0,0,
834,5,282.0,0,0,0,0,0,
835,5,282.0,0,0,0,0,0,
836,5,282.0,0,0,0,0,0,
837,5,282.0,0,0,0,0,0,
838,5,282.0,0,0,0,0,0,
839,5,282.0,0,0,0,0,0,
840,5,282.0,0,0,0,0,0,
841,5,282.0,0,0,0,0,0,
842,5,282.0,0,0,0,0,0,
843,5,282.0,0,0,0,0,0,
844,5,282.0,0,0,0,0,0,
845,5,282.0,0,0,0,0,0,
846,5,282.0,0,0,0,0,0,
847,5,282.0,0,0,0,0,0,
848,5,282.0,0,0,0,0,0,
849,5,282.0,0,0,0,0,0,
850,4,282.0,0,0,0,0,0,
851,5,282.0,0,1,0,0,0,
852,5,282.0,0,0,0,0,0,
853,5,282.0,0,0,0,0,0,
854,5,282.0,0,0,0,0,0,
855,5,282.0,0,0,0,0,0,
856,5,282.0,0,0,0,0,0,
857,5,282.0,0,0,0,0,0,
858,5,282.0,0,0,0,0,0,
859,5,282.0,0,0,0,0,0,
860,5,282.0,0,0,0,0,0,
861,5,282.0,0,0,0,0,0,
862,5,282.0,0,0,0,0,0,
863,5,282.0,0,0,0,0,0,
864,5,282.0,0,0,0,0,0,
865,5,282.0,0,0,0,0,0,
866,5,282.0,0,0,0,0,0,
867,5,282.0,0,0,0,0,0,
868,5,282.0,0,0,0,0,0,
869,5,282.0,0,0,0,0,0,
870,5,282.0,0,0,0,0,0,
871,5,282.0,0,0,0,0,0,
872,5,282.0,0,0,0,0,0,
873,5,282.0,0,0,0,0,0,
874,5,282.0,0,0,0,0,0,
875,5,282.0,0,0,0,0,0,
876,5,282.0,0,0,0,0,0,
877,5,282.0,0,0,0,0,0,
878,5,282.0,0,0,0,0,0,
879,5,282.0,0,0,0,0,0,
880,5,282.0,0,0,0,0,0,
881,5,282.0,0,0,0,0,0,
882,5,282.0,0,0,0,0,0,
883,5,282.0,0,0,0,0,0,
884,5,282.0,0,0,0,0,0,
885,5,282.0,0,0,0,0,0,
886,5,282.0,0,0,0,0,0,
887,5,282.0,0,0,0,0,0,
888,5,282.0,0,0,0,0,0,
889,5,282.0,0,0,0,0,0,
890,5,282.0,0,0,0,0,0,
891,5,282.0,0,0,0,0,0,
892,5,282.0,0,0,0,0,0,
893,5,282.0,0,0,0,0,0,
894,5,282.0,0,0,0,0,0,
895,5,282.0,0,0,0,0,0,
896,5,282.0,0,0,0,0,0,
897,5,282.0,0,0,0,0,0,
898,5,282.0,0,0,0,0,0,
899,5,282.0,0,0,0,0,0,
900,5,282.0,0,0,0,0,0,
901,5,282.0,0,0,0,0,0,
902,5,282.0,0,0,0,0,0,
903,5,282.0,0,0,0,0,0,
904,5,282.0,0,0,0,0,0,
905,5,282.0,0,0,0,0,0,
906,5,282.0,0,0,0,0,0,
907,5,282.0,0,0,0,0,0,
908,5,282.0,0,0,0,0,0,
909,5,282.0,0,0,0,0,0,
910,5,282.0,0,0,0,0,0,
911,5,282.0,0,0,0,0,0,
912,5,282.0,0,0,0,0,0,
913,5,282.0,0,0,0,0,0,
914,5,282.0,0,0,0,0,0,
915,5,282.0,0,0,0,0,0,
916,5,282.0,0,0,0,0,0,
917,5,282.0,0,0,0,0,0,
918,5,282.0,0,0,0,0,0,
919,5,282.0,0,0,0,0,0,
920,5,282.0,0,0,0,0,0,
921,5,282.0,0,0,0,0,0,
922,5,282.0,0,0,0,0,0,
923,5,282.0,0,0,0,0,0,
924,5,282.0,0,0,0,0,0,
925,5,282.0,0,0,0,0,0,
926,5,282.0,0,0,0,0,0,
927,5,282.0,0,0,0,0,0,
928,5,282.0,0,0,0,0,0,
929,5,282.0,0,0,0,0,0,
930,5,282.0,0,0,0,0,0,
931,5,282.0,0,0,0,0,0,
932,5,282.0,0,0,0,0,0,
933,5,282.0,0,0,0,0,0,
934,5,282.0,0,0,0,0,0,
935,5,282.0,0,0,0,0,0,
936,5,282.0,0,0,0,0,0,
937,5,282.0,0,0,0,0,0,
938,5,282.0,0,0,0,0,0,
939,5,282.0,0,0,0,0,0,
940,5,282.0,0,0,0,0,0,
941,5,282.0,0,0,0,0,0,
942,5,282.0,0,0,0,0,0,
943,5,282.0,0,0,0,0,0,
944,5,282.0,0,0,0,0,0,
945,5,282.0,0,0,0,0,0,
946,5,282.0,0,0,0,0,0,
947,5,282.0,0,0,0,0,0,
948,5,282.0,0,0,0,0,0,
949,5,282.0,0,0,0,0,0,
950,5,282.0,0,0,0,0,0,
951,5,282.0,0,0,0,0,0,
952,5,282.0,0,0,0,0,0,
953,5,282.0,0,0,0,0,0,
954,5,282.0,0,0,0,0,0,
955,5,282.0,0,0,0,0,0,
956,5,282.0,0,0,0,0,0,
957,5,282.0,0,0,0,0,0,
958,5,282.0,0,0,0,0,0,
959,5,282.0,0,0,0,0,0,
960,5,282.0,0,0,0,0,0,
961,5,282.0,0,0,0,0,0,
962,5,282.0,0,0,0,0,0,
963,5,282.0,0,0,0,0,0,
964,5,282.0,0,0,0,0,0,
965,5,282.0,0,0,0,0,0,
966,5,282.0,0,0,0,0,0,
967,5,282.0,0,0,0,0,0,
968,5,282.0,0,0,0,0,0,
969,5,282.0,0,0,0,0,0,
970,4,282.0,0,0,0,0,0,
971,5,282.0,0,0,0,0,0,
972,5,282.0,0,0,0,0,0,
973,5,282.0,0,0,0,0,0,
974,5,282.0,0,0,0,0,0,
975,5,282.0,0,0,0,0,0,
976,5,282.0,0,0,0,0,0,
977,5,282.0,0,0,0,0,0,
978,5,282.0,0,0,0,0,0,
979,5,282.0,0,0,0,0,0,
980,5,282.0,0,0,0,0,0,
981,5,282.0,0,0,0,0,0,
982,5,282.0,0,0,0,0,0,
983,5,282.0,0,0,0,0,0,
984,5,282.0,0,0,0,0,0,
985,5,282.0,0,0,0,0,0,
986,5,282.0,0,0,0,0,0,
987,5,282.0,0,0,0,0,0,
988,5,282.0,0,0,0,0,0,
989,5,282.0,0,0,0,0,0,
990,5,282.0,0,0,0,0,0,
991,5,282.0,0,0,0,0,0,
992,5,282.0,0,0,0,0,0,
993,5,282.0,0,0,0,0,0,
994,5,282.0,0,0,0,0,0,
995,5,282.0,0,0,0,0,0,
996,5,282.0,0,0,0,0,0,
997,5,282.0,0,0,0,0,0,
998,5,282.0,0,0,0,0,0,
999,5,282.0,0,0,0,0,0,
1000,5,282.0,0,0,0,0,0,
1001,5,282.0,0,0,0,0,0,
1002,5,282.0,0,0,0,0,0,
1003,5,282.0,0,0,0,0,0,
1004,5,282.0,0,0,0,0,0,
1005,5,282.0,0,0,0,0,0,
1006,5,282.0,0,0,0,0,0,
1007,5,282.0,0,0,0,0,0,
1008,5,282.0,0,0,0,0,0,
1009,5,282.0,0,0,0,0,0,
1010,5,282.0,0,0,0,0,0,
1011,5,282.0,0,0,0,0,0,
1012,5,282.0,0,0,0,0,0,
1013,5,282.0,0,0,0,0,0,
1014,5,282.0,0,0,0,0,0,
