Window_Num,Num_Packets,Avg_Length,Flag_Ack,Flag_Retransmission,Flag_Reset,Flag_Syn,Flag_Fin,Src_Port_Changed,Dst_Port_Changed,Round_Trip_Time,Label
1,2,66,1,0,0,0,0,0,0,0.000928,
2,3,66,1,0,0,0,0,0,0,0.001171,
3,2,66,1,0,0,0,0,0,0,0.00084,
4,3,66,1,0,0,0,0,0,0,0.000759,
5,2,66,1,0,0,0,0,0,0,0.000819,
6,3,66,1,0,0,0,0,0,0,0.006491,
7,2,66,1,0,0,0,0,0,0,0.004371,
8,3,66,1,0,0,0,0,0,0,0.00198,
9,2,66,1,0,0,0,0,0,0,0.005221,
10,4,66,1,0,0,0,0,0,0,0.002103,
11,2,66,1,0,0,0,0,0,0,0.006414,
12,2,66,1,0,0,0,0,0,0,0.001997,
13,3,66,1,0,0,0,0,0,0,0.000851,
14,2,66,1,0,0,0,0,0,0,0.000858,
15,3,66,1,0,0,0,0,0,0,0.001129,
16,2,66,1,0,0,0,0,0,0,0.000757,
17,3,66,1,0,0,0,0,0,0,0.003685,
18,2,66,1,0,0,0,0,0,0,0.002059,
19,3,66,1,0,0,0,0,0,0,0.002058,
20,2,66,1,0,0,0,0,0,0,0.001616,
21,3,66,1,0,0,0,0,0,0,0.000852,
22,3,66,1,0,0,0,0,0,0,0.000877,
23,3,66,1,0,0,0,0,0,0,0.001161,
24,2,66,1,0,0,0,0,0,0,0.000848,
25,3,66,1,0,0,0,0,0,0,0.001055,
26,2,66,1,0,0,0,0,0,0,0.000868,
27,3,66,1,0,0,0,0,0,0,0.001155,
28,2,66,1,0,0,0,0,0,0,0.006367,
29,3,66,1,0,0,0,0,0,0,0.000765,
30,2,66,1,0,0,0,0,0,0,0.000889,
31,3,66,1,0,0,0,0,0,0,0.001177,
32,2,66,1,0,0,0,0,0,0,0.005469,
33,3,66,1,0,0,0,0,0,0,0.003055,
34,3,66,1,0,0,0,0,0,0,0.004115,
35,3,66,1,0,0,0,0,0,0,0.003705,
36,2,66,1,0,0,0,0,0,0,0.001325,
37,3,66,1,0,0,0,0,0,0,0.008916,
38,2,66,1,0,0,0,0,0,0,0.006024,
39,3,66,1,0,0,0,0,0,0,0.001653,
40,2,66,1,0,0,0,0,0,0,0.000816,
41,3,66,1,0,0,0,0,0,0,0.000964,
42,2,66,1,0,0,0,0,0,0,0.000761,
43,2,66,1,0,0,0,0,0,0,0.000903,
44,3,66,1,0,0,0,0,0,0,0.001185,
45,2,66,1,0,0,0,0,0,0,0.000881,
46,4,66,1,0,0,0,0,0,0,0.002617,
47,2,66,1,0,0,0,0,0,0,0.000877,
48,3,66,1,0,0,0,0,0,0,0.000855,
49,2,66,1,0,0,0,0,0,0,0.001219,
50,3,66,1,0,0,0,0,0,0,0.001615,
51,2,66,1,0,0,0,0,0,0,0.000871,
52,3,66,1,0,0,0,0,0,0,0.011414,
53,2,66,1,0,0,0,0,0,0,0.001104,
54,3,66,1,0,0,0,0,0,0,0.00378,
55,2,66,1,0,0,0,0,0,0,0.004265,
56,3,66,1,0,0,0,0,0,0,0.000776,
57,2,66,1,0,0,0,0,0,0,0.001161,
58,4,66,1,0,0,0,0,0,0,0.000808,
59,2,66,1,0,0,0,0,0,0,0.000879,
60,3,66,1,0,0,0,0,0,0,0.001334,
61,2,66,1,0,0,0,0,0,0,0.000846,
62,3,66,1,0,0,0,0,0,0,0.001909,
63,2,66,1,0,0,0,0,0,0,0.003726,
64,3,66,1,0,0,0,0,0,0,0.004615,
65,2,66,1,0,0,0,0,0,0,0.003654,
66,3,66,1,0,0,0,0,0,0,0.002456,
67,2,66,1,0,0,0,0,0,0,0.001138,
68,3,66,1,0,0,0,0,0,0,0.001388,
69,2,66,1,0,0,0,0,0,0,0.001099,
70,4,66,1,0,0,0,0,0,0,0.005712,
71,2,66,1,0,0,0,0,0,0,0.004192,
72,3,66,1,0,0,0,0,0,0,0.000832,
73,2,66,1,0,0,0,0,0,0,0.001348,
74,2,66,1,0,0,0,0,0,0,0.00086,
75,3,66,1,0,0,0,0,0,0,0.001276,
76,2,66,1,0,0,0,0,0,0,0.000861,
77,3,66,1,0,0,0,0,0,0,0.00099,
78,2,66,1,0,0,0,0,0,0,0.001278,
79,3,66,1,0,0,0,0,0,0,0.001074,
80,2,66,1,0,0,0,0,0,0,0.001116,
81,3,66,1,0,0,0,0,0,0,0.001253,
82,3,66,1,0,0,0,0,0,0,0.003665,
83,3,66,1,0,0,0,0,0,0,0.001741,
84,2,66,1,0,0,0,0,0,0,0.000895,
85,3,66,1,0,0,0,0,0,0,0.000822,
86,2,66,1,0,0,0,0,0,0,0.001702,
87,3,66,1,0,0,0,0,0,0,0.002356,
88,2,66,1,0,0,0,0,0,0,0.003242,
89,3,66,1,0,0,0,0,0,0,0.00225,
90,2,66,1,0,0,0,0,0,0,0.002992,
91,3,66,1,0,0,0,0,0,0,0.003187,
92,2,66,1,0,0,0,0,0,0,0.002276,
93,3,66,1,0,0,0,0,0,0,0.001134,
94,3,66,1,0,0,0,0,0,0,0.001233,
95,3,66,1,0,0,0,0,0,0,0.001121,
96,2,66,1,0,0,0,0,0,0,0.001044,
97,3,66,1,0,0,0,0,0,0,0.003404,
98,2,66,1,0,0,0,0,0,0,0.002802,
99,3,66,1,0,0,0,0,0,0,0.000984,
100,2,66,1,0,0,0,0,0,0,0.000983,
101,3,66,1,0,0,0,0,0,0,0.000851,
102,2,66,1,0,0,0,0,0,0,0.001153,
103,3,66,1,0,0,0,0,0,0,0.000834,
104,2,66,1,0,0,0,0,0,0,0.001114,
105,2,66,1,0,0,0,0,0,0,0.004785,
106,4,66,1,0,0,0,0,0,0,0.001443,
107,2,66,1,0,0,0,0,0,0,0.002329,
108,3,66,1,0,0,0,0,0,0,0.000757,
109,2,66,1,0,0,0,0,0,0,0.000989,
110,3,66,1,0,0,0,0,0,0,0.001239,
111,2,66,1,0,0,0,0,0,0,0.000807,
112,3,66,1,0,0,0,0,0,0,0.001065,
113,2,66,1,0,0,0,0,0,0,0.000848,
114,3,66,1,0,0,0,0,0,0,0.000784,
115,2,66,1,0,0,0,0,0,0,0.001168,
116,3,66,1,0,0,0,0,0,0,0.000911,
117,2,66,1,0,0,0,0,0,0,0.006083,
118,4,66,1,0,0,0,0,0,0,0.002869,
119,2,66,1,0,0,0,0,0,0,0.009659,
120,3,66,1,0,0,0,0,0,0,0.001732,
121,2,66,1,0,0,0,0,0,0,0.002735,
122,3,66,1,0,0,0,0,0,0,0.001059,
123,2,66,1,0,0,0,0,0,0,0.006443,
124,3,66,1,0,0,0,0,0,0,0.004516,
125,2,66,1,0,0,0,0,0,0,0.009348,
126,3,66,1,0,0,0,0,0,0,0.001697,
127,2,66,1,0,0,0,0,0,0,0.000854,
128,3,66,1,0,0,0,0,0,0,0.001094,
129,2,66,1,0,0,0,0,0,0,0.000924,
130,4,66,1,0,0,0,0,0,0,0.000865,
131,2,66,1,0,0,0,0,0,0,0.000756,
132,3,66,1,0,0,0,0,0,0,0.000911,
133,2,66,1,0,0,0,0,0,0,0.001153,
134,3,66,1,0,0,0,0,0,0,0.006253,
135,2,66,1,0,0,0,0,0,0,0.000755,
136,2,66,1,0,0,0,0,0,0,0.001077,
137,3,66,1,0,0,0,0,0,0,0.000766,
138,2,66,1,0,0,0,0,0,0,0.001029,
139,3,66,1,0,0,0,0,0,0,0.001397,
140,2,66,1,0,0,0,0,0,0,0.003064,
141,3,66,1,0,0,0,0,0,0,0.001193,
142,3,66,1,0,0,0,0,0,0,0.002268,
143,3,66,1,0,0,0,0,0,0,0.00088,
144,2,66,1,0,0,0,0,0,0,0.001335,
145,3,66,1,0,0,0,0,0,0,0.000779,
146,2,66,1,0,0,0,0,0,0,0.001522,
147,3,66,1,0,0,0,0,0,0,0.003736,
148,2,66,1,0,0,0,0,0,0,0.002793,
149,3,66,1,0,0,0,0,0,0,0.003418,
150,2,66,1,0,0,0,0,0,0,0.000864,
151,3,66,1,0,0,0,0,0,0,0.000877,
152,2,66,1,0,0,0,0,0,0,0.005464,
153,3,66,1,0,0,0,0,0,0,0.000878,
154,3,66,1,0,0,0,0,0,0,0.005313,
155,3,66,1,0,0,0,0,0,0,0.001243,
156,2,66,1,0,0,0,0,0,0,0.000899,
157,3,66,1,0,0,0,0,0,0,0.001121,
158,2,66,1,0,0,0,0,0,0,0.003021,
159,3,66,1,0,0,0,0,0,0,0.003811,
160,2,66,1,0,0,0,0,0,0,0.004231,
161,3,66,1,0,0,0,0,0,0,0.00403,
162,2,66,1,0,0,0,0,0,0,0.001152,
163,3,66,1,0,0,0,0,0,0,0.00144,
164,2,66,1,0,0,0,0,0,0,0.000891,
165,3,66,1,0,0,0,0,0,0,0.001268,
166,2,66,1,0,0,0,0,0,0,0.000781,
167,2,66,1,0,0,0,0,0,0,0.001053,
168,3,66,1,0,0,0,0,0,0,0.001161,
169,2,66,1,0,0,0,0,0,0,0.000841,
170,3,66,1,0,0,0,0,0,0,0.005737,
171,2,66,1,0,0,0,0,0,0,0.000819,
172,3,66,1,0,0,0,0,0,0,0.00091,
173,2,66,1,0,0,0,0,0,0,0.000756,
174,3,66,1,0,0,0,0,0,0,0.002267,
175,2,66,1,0,0,0,0,0,0,0.003195,
176,3,66,1,0,0,0,0,0,0,0.001623,
177,3,66,1,0,0,0,0,0,0,0.005871,
178,4,66,1,0,0,0,0,0,0,0.002024,
179,2,66,1,0,0,0,0,0,0,0.00243,
180,3,66,1,0,0,0,0,0,0,0.002365,
181,2,66,1,0,0,0,0,0,0,0.000886,
182,3,66,1,0,0,0,0,0,0,0.001032,
183,2,66,1,0,0,0,0,0,0,0.001152,
184,3,66,1,0,0,0,0,0,0,0.000777,
185,2,66,1,0,0,0,0,0,0,0.001368,
186,3,66,1,0,0,0,0,0,0,0.001328,
187,2,66,1,0,0,0,0,0,0,0.000772,
188,3,66,1,0,0,0,0,0,0,0.000715,
189,2,66,1,0,0,0,0,0,0,0.002135,
190,4,66,1,0,0,0,0,0,0,0.000754,
191,2,66,1,0,0,0,0,0,0,0.001529,
192,3,66,1,0,0,0,0,0,0,0.000839,
193,2,66,1,0,0,0,0,0,0,0.000938,
194,3,66,1,0,0,0,0,0,0,0.001961,
195,2,66,1,0,0,0,0,0,0,0.001449,
196,3,66,1,0,0,0,0,0,0,0.000906,
197,2,66,1,0,0,0,0,0,0,0.001346,
198,2,66,1,0,0,0,0,0,0,0.001018,
199,3,66,1,0,0,0,0,0,0,0.001255,
200,2,66,1,0,0,0,0,0,0,0.000797,
201,3,66,1,0,0,0,0,0,0,0.002941,
202,3,66,1,0,0,0,0,0,0,0.001939,
203,3,66,1,0,0,0,0,0,0,0.005166,
204,2,66,1,0,0,0,0,0,0,0.004457,
205,3,66,1,0,0,0,0,0,0,0.007841,
206,2,66,1,0,0,0,0,0,0,0.006856,
207,3,66,1,0,0,0,0,0,0,0.001247,
208,2,66,1,0,0,0,0,0,0,0.00106,
209,3,66,1,0,0,0,0,0,0,0.00096,
210,2,66,1,0,0,0,0,0,0,0.000921,
211,3,66,1,0,0,0,0,0,0,0.001488,
212,2,66,1,0,0,0,0,0,0,0.001747,
213,3,66,1,0,0,0,0,0,0,0.000782,
214,3,66,1,0,0,0,0,0,0,0.000763,
215,3,66,1,0,0,0,0,0,0,0.001184,
216,2,66,1,0,0,0,0,0,0,0.000833,
217,3,66,1,0,0,0,0,0,0,0.001062,
218,3,66,1,0,0,0,0,0,0,0.003036,
219,5,66,1,0,0,0,0,0,0,0.001993,
220,2,66,1,0,0,0,0,0,0,0.001201,
221,3,66,1,0,0,0,0,0,0,0.00081,
222,2,66,1,0,0,0,0,0,0,0.001014,
223,3,66,1,0,0,0,0,0,0,0.002031,
224,2,66,1,0,0,0,0,0,0,0.000779,
225,3,66,1,0,0,0,0,0,0,0.000791,
226,3,66,1,0,0,0,0,0,0,0.000797,
227,3,66,1,0,0,0,0,0,0,0.000767,
228,2,66,1,0,0,0,0,0,0,0.001031,
229,2,66,1,0,0,0,0,0,0,0.005794,
230,3,66,1,0,0,0,0,0,0,0.004713,
231,2,66,1,0,0,0,0,0,0,0.002079,
232,3,66,1,0,0,0,0,0,0,0.001448,
233,2,66,1,0,0,0,0,0,0,0.00148,
234,3,66,1,0,0,0,0,0,0,0.003813,
235,2,66,1,0,0,0,0,0,0,0.005144,
236,3,66,1,0,0,0,0,0,0,0.005351,
237,2,66,1,0,0,0,0,0,0,0.000774,
238,4,66,1,0,0,0,0,0,0,0.000978,
239,2,66,1,0,0,0,0,0,0,0.0007,
240,3,66,1,0,0,0,0,0,0,0.003007,
241,2,66,1,0,0,0,0,0,0,0.001139,
242,3,66,1,0,0,0,0,0,0,0.000869,
243,2,66,1,0,0,0,0,0,0,0.001065,
244,3,66,1,0,0,0,0,0,0,0.004215,
245,2,66,1,0,0,0,0,0,0,0.000849,
246,3,66,1,0,0,0,0,0,0,0.003923,
247,2,66,1,0,0,0,0,0,0,0.002106,
248,3,66,1,0,0,0,0,0,0,0.000866,
249,2,66,1,0,0,0,0,0,0,0.005824,
250,4,66,1,0,0,0,0,0,0,0.00079,
251,2,66,1,0,0,0,0,0,0,0.001177,
252,3,66,1,0,0,0,0,0,0,0.001301,
253,2,66,1,0,0,0,0,0,0,0.000744,
254,3,66,1,0,0,0,0,0,0,0.001152,
255,2,66,1,0,0,0,0,0,0,0.000851,
256,3,66,1,0,0,0,0,0,0,0.00089,
257,2,66,1,0,0,0,0,0,0,0.003857,
258,2,66,1,0,0,0,0,0,0,0.005044,
259,3,66,1,0,0,0,0,0,0,0.002853,
260,2,66,1,0,0,0,0,0,0,0.003251,
261,3,66,1,0,0,0,0,0,0,0.004586,
262,3,66,1,0,0,0,0,0,0,0.001058,
263,3,66,1,0,0,0,0,0,0,0.000761,
264,2,66,1,0,0,0,0,0,0,0.016415,
265,3,66,1,0,0,0,0,0,0,0.005738,
266,2,66,1,0,0,0,0,0,0,0.004709,
267,3,66,1,0,0,0,0,0,0,0.005796,
268,2,66,1,0,0,0,0,0,0,0.000859,
269,3,66,1,0,0,0,0,0,0,0.000909,
270,2,66,1,0,0,0,0,0,0,0.001157,
271,3,66,1,0,0,0,0,0,0,0.000847,
272,2,66,1,0,0,0,0,0,0,0.001099,
273,3,66,1,0,0,0,0,0,0,0.00121,
274,3,66,1,0,0,0,0,0,0,0.000921,
275,3,66,1,0,0,0,0,0,0,0.001104,
276,2,66,1,0,0,0,0,0,0,0.001807,
277,3,66,1,0,0,0,0,0,0,0.000768,
278,2,66,1,0,0,0,0,0,0,0.00121,
279,3,66,1,0,0,0,0,0,0,0.000893,
280,2,66,1,0,0,0,0,0,0,0.001517,
281,3,66,1,0,0,0,0,0,0,0.006286,
282,2,66,1,0,0,0,0,0,0,0.002556,
283,3,66,1,0,0,0,0,0,0,0.00336,
284,2,66,1,0,0,0,0,0,0,0.000781,
285,3,66,1,0,0,0,0,0,0,0.001023,
286,3,66,1,0,0,0,0,0,0,0.001197,
287,3,66,1,0,0,0,0,0,0,0.001039,
288,2,66,1,0,0,0,0,0,0,0.006935,
289,3,66,1,0,0,0,0,0,0,0.004834,
290,2,66,1,0,0,0,0,0,0,0.007288,
291,2,66,1,0,0,0,0,0,0,0.002595,
292,3,66,1,0,0,0,0,0,0,0.000862,
293,2,66,1,0,0,0,0,0,0,0.00123,
294,3,66,1,0,0,0,0,0,0,0.006291,
295,2,66,1,0,0,0,0,0,0,0.005546,
296,3,66,1,0,0,0,0,0,0,0.001251,
297,2,66,1,0,0,0,0,0,0,0.000833,
298,4,66,1,0,0,0,0,0,0,0.000928,
299,2,66,1,0,0,0,0,0,0,0.001262,
300,3,66,1,0,0,0,0,0,0,0.003258,
301,2,66,1,0,0,0,0,0,0,0.001576,
302,3,66,1,0,0,0,0,0,0,0.00623,
303,2,66,1,0,0,0,0,0,0,0.000895,
304,3,66,1,0,0,0,0,0,0,0.001255,
305,2,66,1,0,0,0,0,0,0,0.000866,
306,3,66,1,0,0,0,0,0,0,0.00082,
307,2,66,1,0,0,0,0,0,0,0.001334,
308,3,66,1,0,0,0,0,0,0,0.000846,
309,2,66,1,0,0,0,0,0,0,0.001266,
310,4,66,1,0,0,0,0,0,0,0.000794,
311,2,66,1,0,0,0,0,0,0,0.002344,
312,3,66,1,0,0,0,0,0,0,0.001112,
313,2,66,1,0,0,0,0,0,0,0.001139,
314,3,66,1,0,0,0,0,0,0,0.000772,
315,2,66,1,0,0,0,0,0,0,0.001794,
316,3,66,1,0,0,0,0,0,0,0.002729,
317,2,66,1,0,0,0,0,0,0,0.003411,
318,3,66,1,0,0,0,0,0,0,0.005521,
319,2,66,1,0,0,0,0,0,0,0.012013,
320,3,66,1,0,0,0,0,0,0,0.001202,
321,2,66,1,0,0,0,0,0,0,0.000816,
322,3,66,1,0,0,0,0,0,0,0.001009,
323,3,66,1,0,0,0,0,0,0,0.001164,
324,2,66,1,0,0,0,0,0,0,0.000918,
325,3,66,1,0,0,0,0,0,0,0.001072,
326,2,66,1,0,0,0,0,0,0,0.001069,
327,3,66,1,0,0,0,0,0,0,0.000847,
328,2,66,1,0,0,0,0,0,0,0.001269,
329,3,66,1,0,0,0,0,0,0,0.00288,
330,2,66,1,0,0,0,0,0,0,0.001334,
331,3,66,1,0,0,0,0,0,0,0.000735,
332,2,66,1,0,0,0,0,0,0,0.000775,
333,3,66,1,0,0,0,0,0,0,0.001016,
334,3,66,1,0,0,0,0,0,0,0.001683,
335,3,66,1,0,0,0,0,0,0,0.003561,
336,2,66,1,0,0,0,0,0,0,0.001784,
337,3,66,1,0,0,0,0,0,0,0.004381,
338,2,66,1,0,0,0,0,0,0,0.001162,
339,3,66,1,0,0,0,0,0,0,0.00116,
340,2,66,1,0,0,0,0,0,0,0.002525,
341,3,66,1,0,0,0,0,0,0,0.001658,
342,2,66,1,0,0,0,0,0,0,0.003045,
343,3,66,1,0,0,0,0,0,0,0.00255,
344,2,66,1,0,0,0,0,0,0,0.006388,
345,3,66,1,0,0,0,0,0,0,0.001406,
346,3,66,1,0,0,0,0,0,0,0.00096,
347,3,66,1,0,0,0,0,0,0,0.000855,
348,2,66,1,0,0,0,0,0,0,0.000872,
349,3,66,1,0,0,0,0,0,0,0.001152,
350,2,66,1,0,0,0,0,0,0,0.000859,
351,3,66,1,0,0,0,0,0,0,0.000893,
352,2,66,1,0,0,0,0,0,0,0.002153,
353,2,66,1,0,0,0,0,0,0,0.005774,
354,3,66,1,0,0,0,0,0,0,0.003937,
355,2,66,1,0,0,0,0,0,0,0.000767,
356,3,66,1,0,0,0,0,0,0,0.000745,
357,2,66,1,0,0,0,0,0,0,0.001829,
358,4,66,1,0,0,0,0,0,0,0.003281,
359,2,66,1,0,0,0,0,0,0,0.001058,
360,3,66,1,0,0,0,0,0,0,0.000839,
361,2,66,1,0,0,0,0,0,0,0.000817,
362,3,66,1,0,0,0,0,0,0,0.003703,
363,2,66,1,0,0,0,0,0,0,0.000804,
364,3,66,1,0,0,0,0,0,0,0.001236,
365,2,66,1,0,0,0,0,0,0,0.001192,
366,3,66,1,0,0,0,0,0,0,0.000853,
367,2,66,1,0,0,0,0,0,0,0.001154,
368,3,66,1,0,0,0,0,0,0,0.001767,
369,2,66,1,0,0,0,0,0,0,0.003257,
370,4,66,1,0,0,0,0,0,0,0.007288,
371,2,66,1,0,0,0,0,0,0,0.004212,
372,3,66,1,0,0,0,0,0,0,0.003818,
373,2,66,1,0,0,0,0,0,0,0.009872,
374,3,66,1,0,0,0,0,0,0,0.00277,
375,2,66,1,0,0,0,0,0,0,0.004032,
376,3,66,1,0,0,0,0,0,0,0.000974,
377,2,66,1,0,0,0,0,0,0,0.000895,
378,3,66,1,0,0,0,0,0,0,0.001153,
379,2,66,1,0,0,0,0,0,0,0.000904,
380,3,66,1,0,0,0,0,0,0,0.001018,
381,2,66,1,0,0,0,0,0,0,0.000864,
382,3,66,1,0,0,0,0,0,0,0.003245,
383,3,66,1,0,0,0,0,0,0,0.001604,
384,2,66,1,0,0,0,0,0,0,0.000712,
385,3,66,1,0,0,0,0,0,0,0.000816,
386,2,66,1,0,0,0,0,0,0,0.006393,
387,3,66,1,0,0,0,0,0,0,0.000838,
388,2,66,1,0,0,0,0,0,0,0.002081,
389,3,66,1,0,0,0,0,0,0,0.002071,
390,2,66,1,0,0,0,0,0,0,0.005328,
391,3,66,1,0,0,0,0,0,0,0.001154,
392,2,66,1,0,0,0,0,0,0,0.000852,
393,3,66,1,0,0,0,0,0,0,0.001008,
394,3,66,1,0,0,0,0,0,0,0.001527,
395,3,66,1,0,0,0,0,0,0,0.000739,
396,2,66,1,0,0,0,0,0,0,0.001217,
397,3,66,1,0,0,0,0,0,0,0.000816,
398,2,66,1,0,0,0,0,0,0,0.003589,
399,3,66,1,0,0,0,0,0,0,0.001805,
400,2,66,1,0,0,0,0,0,0,0.006643,
401,3,66,1,0,0,0,0,0,0,0.001747,
402,2,66,1,0,0,0,0,0,0,0.006502,
403,3,66,1,0,0,0,0,0,0,0.012444,
404,2,66,1,0,0,0,0,0,0,0.003345,
405,3,66,1,0,0,0,0,0,0,0.001316,
406,3,66,1,0,0,0,0,0,0,0.005478,
407,3,66,1,0,0,0,0,0,0,0.011999,
408,2,66,1,0,0,0,0,0,0,0.000718,
409,3,66,1,0,0,0,0,0,0,0.000903,
410,2,66,1,0,0,0,0,0,0,0.000848,
411,3,66,1,0,0,0,0,0,0,0.000779,
412,2,66,1,0,0,0,0,0,0,0.001365,
413,3,66,1,0,0,0,0,0,0,0.000854,
414,2,66,1,0,0,0,0,0,0,0.000982,
415,2,66,1,0,0,0,0,0,0,0.001461,
416,3,66,1,0,0,0,0,0,0,0.003134,
417,2,66,1,0,0,0,0,0,0,0.00398,
418,4,66,1,0,0,0,0,0,0,0.000872,
419,2,66,1,0,0,0,0,0,0,0.000935,
420,3,66,1,0,0,0,0,0,0,0.00138,
421,2,66,1,0,0,0,0,0,0,0.000868,
422,3,66,1,0,0,0,0,0,0,0.000777,
423,2,66,1,0,0,0,0,0,0,0.000815,
424,3,66,1,0,0,0,0,0,0,0.003506,
425,2,66,1,0,0,0,0,0,0,0.004413,
426,3,66,1,0,0,0,0,0,0,0.000851,
427,2,66,1,0,0,0,0,0,0,0.001047,
428,3,66,1,0,0,0,0,0,0,0.001741,
429,2,66,1,0,0,0,0,0,0,0.002448,
430,4,66,1,0,0,0,0,0,0,0.001285,
431,2,66,1,0,0,0,0,0,0,0.01225,
432,3,66,1,0,0,0,0,0,0,0.000773,
433,2,66,1,0,0,0,0,0,0,0.001285,
434,3,66,1,0,0,0,0,0,0,0.00078,
435,2,66,1,0,0,0,0,0,0,0.002012,
436,3,66,1,0,0,0,0,0,0,0.001309,
437,2,66,1,0,0,0,0,0,0,0.000747,
438,3,66,1,0,0,0,0,0,0,0.000965,
439,2,66,1,0,0,0,0,0,0,0.000793,
440,3,66,1,0,0,0,0,0,0,0.000855,
441,2,66,1,0,0,0,0,0,0,0.006265,
442,4,66,1,0,0,0,0,0,0,0.006554,
443,2,66,1,0,0,0,0,0,0,0.001296,
444,3,66,1,0,0,0,0,0,0,0.001873,
445,2,66,1,0,0,0,0,0,0,0.00083,
446,2,66,1,0,0,0,0,0,0,0.001186,
447,3,66,1,0,0,0,0,0,0,0.004591,
448,2,66,1,0,0,0,0,0,0,0.00086,
449,3,66,1,0,0,0,0,0,0,0.00116,
450,2,66,1,0,0,0,0,0,0,0.000768,
451,3,66,1,0,0,0,0,0,0,0.000984,
452,2,66,1,0,0,0,0,0,0,0.00188,
453,3,66,1,0,0,0,0,0,0,0.002226,
454,3,66,1,0,0,0,0,0,0,0.000867,
455,3,66,1,0,0,0,0,0,0,0.003074,
456,2,66,1,0,0,0,0,0,0,0.002715,
457,3,66,1,0,0,0,0,0,0,0.001909,
458,2,66,1,0,0,0,0,0,0,0.000883,
459,3,66,1,0,0,0,0,0,0,0.005519,
460,2,66,1,0,0,0,0,0,0,0.004602,
461,3,66,1,0,0,0,0,0,0,0.005696,
462,2,66,1,0,0,0,0,0,0,0.001202,
463,3,66,1,0,0,0,0,0,0,0.000851,
464,2,66,1,0,0,0,0,0,0,0.000941,
465,3,66,1,0,0,0,0,0,0,0.001187,
466,3,66,1,0,0,0,0,0,0,0.000896,
467,3,66,1,0,0,0,0,0,0,0.000985,
468,2,66,1,0,0,0,0,0,0,0.00085,
469,3,66,1,0,0,0,0,0,0,0.000796,
470,2,66,1,0,0,0,0,0,0,0.002402,
471,3,66,1,0,0,0,0,0,0,0.000896,
472,2,66,1,0,0,0,0,0,0,0.001051,
473,3,66,1,0,0,0,0,0,0,0.001571,
474,2,66,1,0,0,0,0,0,0,0.003227,
475,3,66,1,0,0,0,0,0,0,0.001021,
476,2,66,1,0,0,0,0,0,0,0.004749,
477,2,66,1,0,0,0,0,0,0,0.003715,
478,4,66,1,0,0,0,0,0,0,0.017896,
479,2,66,1,0,0,0,0,0,0,0.000825,
480,3,66,1,0,0,0,0,0,0,0.000941,
481,2,66,1,0,0,0,0,0,0,0.000877,
482,3,66,1,0,0,0,0,0,0,0.002762,
483,2,66,1,0,0,0,0,0,0,0.003108,
484,3,66,1,0,0,0,0,0,0,0.002603,
485,2,66,1,0,0,0,0,0,0,0.005824,
486,3,66,1,0,0,0,0,0,0,0.001239,
487,2,66,1,0,0,0,0,0,0,0.000785,
488,3,66,1,0,0,0,0,0,0,0.001269,
489,2,66,1,0,0,0,0,0,0,0.000778,
490,4,66,1,0,0,0,0,0,0,0.001357,
491,2,66,1,0,0,0,0,0,0,0.001161,
492,3,66,1,0,0,0,0,0,0,0.00161,
493,2,66,1,0,0,0,0,0,0,0.001006,
494,3,66,1,0,0,0,0,0,0,0.003363,
495,2,66,1,0,0,0,0,0,0,0.00231,
496,3,66,1,0,0,0,0,0,0,0.002089,
497,2,66,1,0,0,0,0,0,0,0.000896,
498,3,66,1,0,0,0,0,0,0,0.002974,
499,2,66,1,0,0,0,0,0,0,0.001164,
500,3,66,1,0,0,0,0,0,0,0.000738,
501,2,66,1,0,0,0,0,0,0,0.001056,
502,4,66,1,0,0,0,0,0,0,0.001171,
503,2,66,1,0,0,0,0,0,0,0.000785,
504,3,66,1,0,0,0,0,0,0,0.001403,
505,2,66,1,0,0,0,0,0,0,0.000808,
506,2,66,1,0,0,0,0,0,0,0.005908,
507,3,66,1,0,0,0,0,0,0,0.0025,
508,2,66,1,0,0,0,0,0,0,0.00329,
509,3,66,1,0,0,0,0,0,0,0.006104,
510,2,66,1,0,0,0,0,0,0,0.0047,
511,3,66,1,0,0,0,0,0,0,0.00135,
512,2,66,1,0,0,0,0,0,0,0.006068,
513,3,66,1,0,0,0,0,0,0,0.00919,
514,3,66,1,0,0,0,0,0,0,0.004339,
515,3,66,1,0,0,0,0,0,0,0.006478,
516,2,66,1,0,0,0,0,0,0,0.000815,
517,3,66,1,0,0,0,0,0,0,0.001229,
518,2,66,1,0,0,0,0,0,0,0.000895,
519,3,66,1,0,0,0,0,0,0,0.001202,
520,2,66,1,0,0,0,0,0,0,0.001146,
521,3,66,1,0,0,0,0,0,0,0.001012,
522,2,66,1,0,0,0,0,0,0,0.001137,
523,3,66,1,0,0,0,0,0,0,0.001343,
524,2,66,1,0,0,0,0,0,0,0.002164,
525,3,66,1,0,0,0,0,0,0,0.00119,
526,3,66,1,0,0,0,0,0,0,0.001656,
527,3,66,1,0,0,0,0,0,0,0.00353,
528,2,66,1,0,0,0,0,0,0,0.001167,
529,3,66,1,0,0,0,0,0,0,0.006614,
530,2,66,1,0,0,0,0,0,0,0.005359,
531,3,66,1,0,0,0,0,0,0,0.003694,
532,2,66,1,0,0,0,0,0,0,0.001423,
533,3,66,1,0,0,0,0,0,0,0.001044,
534,2,66,1,0,0,0,0,0,0,0.000981,
535,3,66,1,0,0,0,0,0,0,0.000899,
536,2,66,1,0,0,0,0,0,0,0.004128,
537,2,66,1,0,0,0,0,0,0,0.000854,
538,4,66,1,0,0,0,0,0,0,0.001241,
539,2,66,1,0,0,0,0,0,0,0.002266,
540,3,66,1,0,0,0,0,0,0,0.002779,
541,2,66,1,0,0,0,0,0,0,0.005888,
542,3,66,1,0,0,0,0,0,0,0.005866,
543,2,66,1,0,0,0,0,0,0,0.001369,
544,3,66,1,0,0,0,0,0,0,0.001127,
545,2,66,1,0,0,0,0,0,0,0.000847,
546,3,66,1,0,0,0,0,0,0,0.001062,
547,2,66,1,0,0,0,0,0,0,0.002544,
548,3,66,1,0,0,0,0,0,0,0.005268,
549,2,66,1,0,0,0,0,0,0,0.002539,
550,4,66,1,0,0,0,0,0,0,0.000932,
551,2,66,1,0,0,0,0,0,0,0.003352,
552,3,66,1,0,0,0,0,0,0,0.002624,
553,2,66,1,0,0,0,0,0,0,0.000777,
554,3,66,1,0,0,0,0,0,0,0.001181,
555,2,66,1,0,0,0,0,0,0,0.000816,
556,3,66,1,0,0,0,0,0,0,0.000809,
557,2,66,1,0,0,0,0,0,0,0.001156,
558,3,66,1,0,0,0,0,0,0,0.000833,
559,2,66,1,0,0,0,0,0,0,0.001067,
560,3,66,1,0,0,0,0,0,0,0.001148,
561,2,66,1,0,0,0,0,0,0,0.000856,
562,4,66,1,0,0,0,0,0,0,0.005293,
563,2,66,1,0,0,0,0,0,0,0.000843,
564,3,66,1,0,0,0,0,0,0,0.002679,
565,2,66,1,0,0,0,0,0,0,0.001739,
566,3,66,1,0,0,0,0,0,0,0.005455,
567,2,66,1,0,0,0,0,0,0,0.010411,
568,2,66,1,0,0,0,0,0,0,0.000805,
569,3,66,1,0,0,0,0,0,0,0.00279,
570,2,66,1,0,0,0,0,0,0,0.005601,
571,3,66,1,0,0,0,0,0,0,0.00185,
572,2,66,1,0,0,0,0,0,0,0.001556,
573,3,66,1,0,0,0,0,0,0,0.000849,
574,3,66,1,0,0,0,0,0,0,0.000842,
575,3,66,1,0,0,0,0,0,0,0.001497,
576,2,66,1,0,0,0,0,0,0,0.000868,
577,3,66,1,0,0,0,0,0,0,0.000864,
578,2,66,1,0,0,0,0,0,0,0.000757,
579,3,66,1,0,0,0,0,0,0,0.000776,
580,2,66,1,0,0,0,0,0,0,0.001132,
581,3,66,1,0,0,0,0,0,0,0.001214,
582,2,66,1,0,0,0,0,0,0,0.013778,
583,3,66,1,0,0,0,0,0,0,0.004181,
584,2,66,1,0,0,0,0,0,0,0.002902,
585,3,66,1,0,0,0,0,0,0,0.001009,
586,3,66,1,0,0,0,0,0,0,0.001099,
587,3,66,1,0,0,0,0,0,0,0.000863,
588,2,66,1,0,0,0,0,0,0,0.001092,
589,3,66,1,0,0,0,0,0,0,0.000861,
590,2,66,1,0,0,0,0,0,0,0.000952,
591,3,66,1,0,0,0,0,0,0,0.001143,
592,2,66,1,0,0,0,0,0,0,0.000777,
593,3,66,1,0,0,0,0,0,0,0.000766,
594,2,66,1,0,0,0,0,0,0,0.000711,
595,3,66,1,0,0,0,0,0,0,0.000745,
596,2,66,1,0,0,0,0,0,0,0.00239,
597,3,66,1,0,0,0,0,0,0,0.002299,
598,3,66,1,0,0,0,0,0,0,0.003291,
599,2,66,1,0,0,0,0,0,0,0.003937,
600,3,66,1,0,0,0,0,0,0,0.001191,
601,2,66,1,0,0,0,0,0,0,0.014384,
602,3,66,1,0,0,0,0,0,0,0.004038,
603,2,66,1,0,0,0,0,0,0,0.005189,
604,3,66,1,0,0,0,0,0,0,0.001142,
605,2,66,1,0,0,0,0,0,0,0.000763,
606,3,66,1,0,0,0,0,0,0,0.000734,
607,2,66,1,0,0,0,0,0,0,0.000792,
608,3,66,1,0,0,0,0,0,0,0.000798,
609,2,66,1,0,0,0,0,0,0,0.00108,
610,3,66,1,0,0,0,0,0,0,0.000799,
611,3,66,1,0,0,0,0,0,0,0.000862,
612,3,66,1,0,0,0,0,0,0,0.005699,
613,2,66,1,0,0,0,0,0,0,0.000831,
614,3,66,1,0,0,0,0,0,0,0.001751,
615,2,66,1,0,0,0,0,0,0,0.000868,
616,3,66,1,0,0,0,0,0,0,0.000906,
617,2,66,1,0,0,0,0,0,0,0.001139,
618,3,66,1,0,0,0,0,0,0,0.003434,
619,2,66,1,0,0,0,0,0,0,0.001295,
620,3,66,1,0,0,0,0,0,0,0.002199,
621,2,66,1,0,0,0,0,0,0,0.002963,
622,3,66,1,0,0,0,0,0,0,0.000921,
623,3,66,1,0,0,0,0,0,0,0.000871,
624,3,66,1,0,0,0,0,0,0,0.000917,
625,2,66,1,0,0,0,0,0,0,0.002133,
626,3,66,1,0,0,0,0,0,0,0.004309,
627,2,66,1,0,0,0,0,0,0,0.002958,
628,3,66,1,0,0,0,0,0,0,0.005396,
629,2,66,1,0,0,0,0,0,0,0.000827,
630,2,66,1,0,0,0,0,0,0,0.004923,
631,3,66,1,0,0,0,0,0,0,0.001275,
632,2,66,1,0,0,0,0,0,0,0.000806,
633,3,66,1,0,0,0,0,0,0,0.001144,
634,2,66,1,0,0,0,0,0,0,0.00079,
635,4,66,1,0,0,0,0,0,0,0.000929,
636,2,66,1,0,0,0,0,0,0,0.002348,
637,3,66,1,0,0,0,0,0,0,0.001451,
638,2,66,1,0,0,0,0,0,0,0.010264,
639,3,66,1,0,0,0,0,0,0,0.001345,
640,2,66,1,0,0,0,0,0,0,0.00123,
641,3,66,1,0,0,0,0,0,0,0.001254,
642,2,66,1,0,0,0,0,0,0,0.000883,
643,3,66,1,0,0,0,0,0,0,0.001423,
644,2,66,1,0,0,0,0,0,0,0.00208,
645,3,66,1,0,0,0,0,0,0,0.000779,
646,2,66,1,0,0,0,0,0,0,0.001275,
647,4,66,1,0,0,0,0,0,0,0.000807,
648,2,66,1,0,0,0,0,0,0,0.002989,
649,3,66,1,0,0,0,0,0,0,0.001101,
650,2,66,1,0,0,0,0,0,0,0.000979,
651,3,66,1,0,0,0,0,0,0,0.002979,
652,2,66,1,0,0,0,0,0,0,0.002577,
653,3,66,1,0,0,0,0,0,0,0.005338,
654,2,66,1,0,0,0,0,0,0,0.004332,
655,3,66,1,0,0,0,0,0,0,0.010345,
656,3,66,1,0,0,0,0,0,0,0.008532,
657,3,66,1,0,0,0,0,0,0,0.004236,
658,2,66,1,0,0,0,0,0,0,0.006605,
659,4,66,1,0,0,0,0,0,0,0.004222,
660,2,66,1,0,0,0,0,0,0,0.002334,
661,2,66,1,0,0,0,0,0,0,0.011003,
662,3,66,1,0,0,0,0,0,0,0.006533,
663,2,66,1,0,0,0,0,0,0,0.004946,
664,3,66,1,0,0,0,0,0,0,0.001322,
665,2,66,1,0,0,0,0,0,0,0.000985,
666,3,66,1,0,0,0,0,0,0,0.00082,
667,2,66,1,0,0,0,0,0,0,0.00598,
668,3,66,1,0,0,0,0,0,0,0.007539,
669,2,66,1,0,0,0,0,0,0,0.001349,
670,3,66,1,0,0,0,0,0,0,0.00071,
671,3,66,1,0,0,0,0,0,0,0.001034,
672,3,66,1,0,0,0,0,0,0,0.001698,
673,2,66,1,0,0,0,0,0,0,0.000794,
674,3,66,1,0,0,0,0,0,0,0.000991,
675,2,66,1,0,0,0,0,0,0,0.001763,
676,3,66,1,0,0,0,0,0,0,0.001072,
677,2,66,1,0,0,0,0,0,0,0.002543,
678,3,66,1,0,0,0,0,0,0,0.003312,
679,2,66,1,0,0,0,0,0,0,0.001161,
680,3,66,1,0,0,0,0,0,0,0.000807,
681,2,66,1,0,0,0,0,0,0,0.000877,
682,3,66,1,0,0,0,0,0,0,0.001183,
683,3,66,1,0,0,0,0,0,0,0.00081,
684,3,66,1,0,0,0,0,0,0,0.003252,
685,2,66,1,0,0,0,0,0,0,0.003096,
686,4,66,1,0,0,0,0,0,0,0.003348,
687,3,66,1,0,0,0,0,0,0,0.001276,
688,4,66,1,0,0,0,0,0,0,0.005272,
689,2,66,1,0,0,0,0,0,0,0.005447,
690,3,66,1,0,0,0,0,0,0,0.001174,
691,2,66,1,0,0,0,0,0,0,0.002197,
692,2,66,1,0,0,0,0,0,0,0.002723,
693,3,66,1,0,0,0,0,0,0,0.000834,
694,2,66,1,0,0,0,0,0,0,0.003468,
695,4,66,1,0,0,0,0,0,0,0.003547,
696,2,66,1,0,0,0,0,0,0,0.001046,
697,3,66,1,0,0,0,0,0,0,0.001139,
698,2,66,1,0,0,0,0,0,0,0.000708,
699,3,66,1,0,0,0,0,0,0,0.001427,
700,2,66,1,0,0,0,0,0,0,0.001065,
701,3,66,1,0,0,0,0,0,0,0.002348,
702,2,66,1,0,0,0,0,0,0,0.001337,
703,3,66,1,0,0,0,0,0,0,0.003544,
704,2,66,1,0,0,0,0,0,0,0.00088,
705,3,66,1,0,0,0,0,0,0,0.001426,
706,2,66,1,0,0,0,0,0,0,0.00088,
707,4,66,1,0,0,0,0,0,0,0.005672,
708,2,66,1,0,0,0,0,0,0,0.001437,
709,3,66,1,0,0,0,0,0,0,0.002038,
710,2,66,1,0,0,0,0,0,0,0.00109,
711,3,66,1,0,0,0,0,0,0,0.00123,
712,2,66,1,0,0,0,0,0,0,0.002728,
713,3,66,1,0,0,0,0,0,0,0.012554,
714,2,66,1,0,0,0,0,0,0,0.002652,
715,3,66,1,0,0,0,0,0,0,0.001742,
716,2,66,1,0,0,0,0,0,0,0.00416,
717,3,66,1,0,0,0,0,0,0,0.000873,
718,2,66,1,0,0,0,0,0,0,0.001249,
719,4,66,1,0,0,0,0,0,0,0.004274,
720,2,66,1,0,0,0,0,0,0,0.006453,
721,3,66,1,0,0,0,0,0,0,0.004285,
722,2,66,1,0,0,0,0,0,0,0.002069,
723,2,66,1,0,0,0,0,0,0,0.001127,
724,3,66,1,0,0,0,0,0,0,0.000756,
725,2,66,1,0,0,0,0,0,0,0.000738,
726,3,66,1,0,0,0,0,0,0,0.001101,
727,2,66,1,0,0,0,0,0,0,0.000924,
728,3,66,1,0,0,0,0,0,0,0.000834,
729,2,66,1,0,0,0,0,0,0,0.001296,
730,3,66,1,0,0,0,0,0,0,0.00086,
731,3,66,1,0,0,0,0,0,0,0.001703,
732,3,66,1,0,0,0,0,0,0,0.001225,
733,2,66,1,0,0,0,0,0,0,0.000843,
734,3,66,1,0,0,0,0,0,0,0.001132,
735,2,66,1,0,0,0,0,0,0,0.000876,
736,3,66,1,0,0,0,0,0,0,0.001597,
737,2,66,1,0,0,0,0,0,0,0.002438,
738,3,66,1,0,0,0,0,0,0,0.001906,
739,2,66,1,0,0,0,0,0,0,0.001386,
740,3,66,1,0,0,0,0,0,0,0.001799,
741,2,66,1,0,0,0,0,0,0,0.003431,
742,3,66,1,0,0,0,0,0,0,0.005561,
743,3,66,1,0,0,0,0,0,0,0.001745,
744,3,66,1,0,0,0,0,0,0,0.006461,
745,2,66,1,0,0,0,0,0,0,0.004497,
746,3,66,1,0,0,0,0,0,0,0.001075,
747,2,66,1,0,0,0,0,0,0,0.001186,
748,3,66,1,0,0,0,0,0,0,0.006122,
749,2,66,1,0,0,0,0,0,0,0.000909,
750,3,66,1,0,0,0,0,0,0,0.001249,
751,2,66,1,0,0,0,0,0,0,0.000807,
752,3,66,1,0,0,0,0,0,0,0.000776,
753,2,66,1,0,0,0,0,0,0,0.001456,
754,2,66,1,0,0,0,0,0,0,0.002981,
755,4,66,1,0,0,0,0,0,0,0.001782,
756,2,66,1,0,0,0,0,0,0,0.003902,
757,3,66,1,0,0,0,0,0,0,0.002705,
758,2,66,1,0,0,0,0,0,0,0.001188,
759,3,66,1,0,0,0,0,0,0,0.001024,
760,2,66,1,0,0,0,0,0,0,0.001584,
761,3,66,1,0,0,0,0,0,0,0.001315,
762,2,66,1,0,0,0,0,0,0,0.000967,
763,3,66,1,0,0,0,0,0,0,0.001279,
764,2,66,1,0,0,0,0,0,0,0.000775,
765,3,66,1,0,0,0,0,0,0,0.000742,
766,2,66,1,0,0,0,0,0,0,0.002225,
767,4,66,1,0,0,0,0,0,0,0.00077,
768,2,66,1,0,0,0,0,0,0,0.001475,
769,3,66,1,0,0,0,0,0,0,0.002216,
770,2,66,1,0,0,0,0,0,0,0.005217,
771,3,66,1,0,0,0,0,0,0,0.002171,
772,2,66,1,0,0,0,0,0,0,0.007894,
773,3,66,1,0,0,0,0,0,0,0.00302,
774,2,66,1,0,0,0,0,0,0,0.001852,
775,3,66,1,0,0,0,0,0,0,0.001036,
776,2,66,1,0,0,0,0,0,0,0.001293,
777,3,66,1,0,0,0,0,0,0,0.000758,
778,2,66,1,0,0,0,0,0,0,0.000822,
779,4,66,1,0,0,0,0,0,0,0.001127,
780,2,66,1,0,0,0,0,0,0,0.00077,
781,3,66,1,0,0,0,0,0,0,0.000831,
782,2,66,1,0,0,0,0,0,0,0.001148,
783,3,66,1,0,0,0,0,0,0,0.000861,
784,2,66,1,0,0,0,0,0,0,0.006099,
785,2,66,1,0,0,0,0,0,0,0.00093,
786,3,66,1,0,0,0,0,0,0,0.000806,
787,2,66,1,0,0,0,0,0,0,0.001388,
788,3,66,1,0,0,0,0,0,0,0.000868,
789,2,66,1,0,0,0,0,0,0,0.001185,
790,3,66,1,0,0,0,0,0,0,0.004418,
791,3,66,1,0,0,0,0,0,0,0.002891,
792,3,66,1,0,0,0,0,0,0,0.001256,
793,2,66,1,0,0,0,0,0,0,0.000806,
794,3,66,1,0,0,0,0,0,0,0.000874,
795,2,66,1,0,0,0,0,0,0,0.002496,
796,3,66,1,0,0,0,0,0,0,0.005191,
797,2,66,1,0,0,0,0,0,0,0.001208,
798,3,66,1,0,0,0,0,0,0,0.002875,
799,2,66,1,0,0,0,0,0,0,0.003608,
800,3,66,1,0,0,0,0,0,0,0.00118,
801,2,66,1,0,0,0,0,0,0,0.000766,
802,3,66,1,0,0,0,0,0,0,0.001241,
803,3,66,1,0,0,0,0,0,0,0.000789,
804,3,66,1,0,0,0,0,0,0,0.006541,
805,2,66,1,0,0,0,0,0,0,0.001069,
806,3,66,1,0,0,0,0,0,0,0.000876,
807,2,66,1,0,0,0,0,0,0,0.003245,
808,3,66,1,0,0,0,0,0,0,0.001209,
809,2,66,1,0,0,0,0,0,0,0.00239,
810,3,66,1,0,0,0,0,0,0,0.000856,
811,2,66,1,0,0,0,0,0,0,0.000861,
812,3,66,1,0,0,0,0,0,0,0.000832,
813,2,66,1,0,0,0,0,0,0,0.001136,
814,3,66,1,0,0,0,0,0,0,0.004694,
815,3,66,1,0,0,0,0,0,0,0.000739,
816,2,66,1,0,0,0,0,0,0,0.001894,
817,3,66,1,0,0,0,0,0,0,0.000727,
818,2,66,1,0,0,0,0,0,0,0.001084,
819,3,66,1,0,0,0,0,0,0,0.002712,
820,2,66,1,0,0,0,0,0,0,0.000802,
821,3,66,1,0,0,0,0,0,0,0.001072,
822,2,66,1,0,0,0,0,0,0,0.006571,
823,3,66,1,0,0,0,0,0,0,0.002909,
824,2,66,1,0,0,0,0,0,0,0.003773,
825,3,66,1,0,0,0,0,0,0,0.005229,
826,2,66,1,0,0,0,0,0,0,0.00613,
827,4,66,1,0,0,0,0,0,0,0.007536,
828,2,66,1,0,0,0,0,0,0,0.001474,
829,3,66,1,0,0,0,0,0,0,0.00129,
830,2,66,1,0,0,0,0,0,0,0.000832,
831,3,66,1,0,0,0,0,0,0,0.000783,
832,2,66,1,0,0,0,0,0,0,0.000843,
833,3,66,1,0,0,0,0,0,0,0.003465,
834,2,66,1,0,0,0,0,0,0,0.001133,
835,3,66,1,0,0,0,0,0,0,0.000747,
836,2,66,1,0,0,0,0,0,0,0.000866,
837,3,66,1,0,0,0,0,0,0,0.001706,
838,2,66,1,0,0,0,0,0,0,0.000853,
839,4,66,1,0,0,0,0,0,0,0.000874,
840,2,66,1,0,0,0,0,0,0,0.000893,
841,3,66,1,0,0,0,0,0,0,0.000784,
842,2,66,1,0,0,0,0,0,0,0.002845,
843,3,66,1,0,0,0,0,0,0,0.001797,
844,2,66,1,0,0,0,0,0,0,0.002855,
845,3,66,1,0,0,0,0,0,0,0.005919,
846,2,66,1,0,0,0,0,0,0,0.000817,
847,2,66,1,0,0,0,0,0,0,0.001118,
848,3,66,1,0,0,0,0,0,0,0.000849,
849,2,66,1,0,0,0,0,0,0,0.000825,
850,3,66,1,0,0,0,0,0,0,0.001143,
851,3,66,1,0,0,0,0,0,0,0.000806,
852,3,66,1,0,0,0,0,0,0,0.005252,
853,2,66,1,0,0,0,0,0,0,0.002198,
854,3,66,1,0,0,0,0,0,0,0.006159,
855,2,66,1,0,0,0,0,0,0,0.003202,
856,3,66,1,0,0,0,0,0,0,0.001938,
857,2,66,1,0,0,0,0,0,0,0.00105,
858,3,66,1,0,0,0,0,0,0,0.001364,
859,2,66,1,0,0,0,0,0,0,0.000752,
860,3,66,1,0,0,0,0,0,0,0.002898,
861,2,66,1,0,0,0,0,0,0,0.009149,
862,3,66,1,0,0,0,0,0,0,0.005455,
863,3,66,1,0,0,0,0,0,0,0.003056,
864,3,66,1,0,0,0,0,0,0,0.001345,
865,2,66,1,0,0,0,0,0,0,0.0009,
866,3,66,1,0,0,0,0,0,0,0.001265,
867,2,66,1,0,0,0,0,0,0,0.000756,
868,3,66,1,0,0,0,0,0,0,0.000876,
869,2,66,1,0,0,0,0,0,0,0.000776,
870,3,66,1,0,0,0,0,0,0,0.000768,
871,2,66,1,0,0,0,0,0,0,0.001298,
872,3,66,1,0,0,0,0,0,0,0.002189,
873,2,66,1,0,0,0,0,0,0,0.001,
874,3,66,1,0,0,0,0,0,0,0.002099,
875,3,66,1,0,0,0,0,0,0,0.000991,
876,3,66,1,0,0,0,0,0,0,0.000841,
877,2,66,1,0,0,0,0,0,0,0.00138,
878,2,66,1,0,0,0,0,0,0,0.005165,
879,3,66,1,0,0,0,0,0,0,0.001862,
880,2,66,1,0,0,0,0,0,0,0.000862,
881,3,66,1,0,0,0,0,0,0,0.000763,
882,2,66,1,0,0,0,0,0,0,0.000779,
883,3,66,1,0,0,0,0,0,0,0.002586,
884,4,66,1,0,0,0,0,0,0,0.003059,
885,3,66,1,0,0,0,0,0,0,0.002229,
886,2,66,1,0,0,0,0,0,0,0.001148,
887,4,66,1,0,0,0,0,0,0,0.001101,
888,2,66,1,0,0,0,0,0,0,0.000935,
889,3,66,1,0,0,0,0,0,0,0.000816,
890,2,66,1,0,0,0,0,0,0,0.004677,
891,3,66,1,0,0,0,0,0,0,0.000809,
892,2,66,1,0,0,0,0,0,0,0.001856,
893,3,66,1,0,0,0,0,0,0,0.00079,
894,2,66,1,0,0,0,0,0,0,0.006822,
895,3,66,1,0,0,0,0,0,0,0.001155,
896,2,66,1,0,0,0,0,0,0,0.00238,
897,3,66,1,0,0,0,0,0,0,0.00311,
898,2,66,1,0,0,0,0,0,0,0.002004,
899,3,66,1,0,0,0,0,0,0,0.000812,
900,4,66,1,0,0,0,0,0,0,0.002031,
901,3,66,1,0,0,0,0,0,0,0.003033,
902,2,66,1,0,0,0,0,0,0,0.003837,
903,3,66,1,0,0,0,0,0,0,0.004583,
904,2,66,1,0,0,0,0,0,0,0.004493,
905,3,66,1,0,0,0,0,0,0,0.001067,
906,2,66,1,0,0,0,0,0,0,0.000789,
907,3,66,1,0,0,0,0,0,0,0.000765,
908,2,66,1,0,0,0,0,0,0,0.003679,
909,2,66,1,0,0,0,0,0,0,0.000735,
910,3,66,1,0,0,0,0,0,0,0.003313,
911,3,66,1,0,0,0,0,0,0,0.009398,
912,3,66,1,0,0,0,0,0,0,0.000764,
913,2,66,1,0,0,0,0,0,0,0.001133,
914,3,66,1,0,0,0,0,0,0,0.000863,
915,2,66,1,0,0,0,0,0,0,0.000808,
916,3,66,1,0,0,0,0,0,0,0.001183,
917,2,66,1,0,0,0,0,0,0,0.000841,
918,3,66,1,0,0,0,0,0,0,0.006828,
919,2,66,1,0,0,0,0,0,0,0.002211,
920,3,66,1,0,0,0,0,0,0,0.004692,
921,2,66,1,0,0,0,0,0,0,0.001363,
922,3,66,1,0,0,0,0,0,0,0.000759,
923,3,66,1,0,0,0,0,0,0,0.001139,
924,3,66,1,0,0,0,0,0,0,0.001124,
925,3,66,1,0,0,0,0,0,0,0.001313,
926,3,66,1,0,0,0,0,0,0,0.005938,
927,2,66,1,0,0,0,0,0,0,0.002809,
928,4,66,1,0,0,0,0,0,0,0.008923,
929,2,66,1,0,0,0,0,0,0,0.004182,
930,3,66,1,0,0,0,0,0,0,0.000812,
931,2,66,1,0,0,0,0,0,0,0.000994,
932,3,66,1,0,0,0,0,0,0,0.001218,
933,2,66,1,0,0,0,0,0,0,0.000777,
934,3,66,1,0,0,0,0,0,0,0.001329,
935,3,66,1,0,0,0,0,0,0,0.000821,
936,3,66,1,0,0,0,0,0,0,0.00084,
937,2,66,1,0,0,0,0,0,0,0.002112,
938,3,66,1,0,0,0,0,0,0,0.003252,
939,2,66,1,0,0,0,0,0,0,0.001025,
940,2,66,1,0,0,0,0,0,0,0.002,
941,3,66,1,0,0,0,0,0,0,0.001042,
942,2,66,1,0,0,0,0,0,0,0.004748,
943,3,66,1,0,0,0,0,0,0,0.000805,
944,2,66,1,0,0,0,0,0,0,0.001722,
945,3,66,1,0,0,0,0,0,0,0.002405,
946,2,66,1,0,0,0,0,0,0,0.002137,
947,4,66,1,0,0,0,0,0,0,0.002913,
948,2,66,1,0,0,0,0,0,0,0.006793,
949,3,66,1,0,0,0,0,0,0,0.005597,
950,2,66,1,0,0,0,0,0,0,0.002652,
951,3,66,1,0,0,0,0,0,0,0.000836,
952,2,66,1,0,0,0,0,0,0,0.001199,
953,3,66,1,0,0,0,0,0,0,0.001137,
954,2,66,1,0,0,0,0,0,0,0.003254,
955,3,66,1,0,0,0,0,0,0,0.001229,
956,2,66,1,0,0,0,0,0,0,0.002117,
957,3,66,1,0,0,0,0,0,0,0.000912,
958,2,66,1,0,0,0,0,0,0,0.001195,
959,4,66,1,0,0,0,0,0,0,0.000686,
960,2,66,1,0,0,0,0,0,0,0.001525,
961,3,66,1,0,0,0,0,0,0,0.001233,
962,2,66,1,0,0,0,0,0,0,0.005678,
963,3,66,1,0,0,0,0,0,0,0.001859,
964,2,66,1,0,0,0,0,0,0,0.000787,
965,3,66,1,0,0,0,0,0,0,0.001013,
966,2,66,1,0,0,0,0,0,0,0.001147,
967,3,66,1,0,0,0,0,0,0,0.001009,
968,2,66,1,0,0,0,0,0,0,0.001131,
969,3,66,1,0,0,0,0,0,0,0.002168,
970,2,66,1,0,0,0,0,0,0,0.003537,
971,3,66,1,0,0,0,0,0,0,0.001603,
972,3,66,1,0,0,0,0,0,0,0.000729,
973,2,66,1,0,0,0,0,0,0,0.001512,
974,3,66,1,0,0,0,0,0,0,0.001525,
975,2,66,1,0,0,0,0,0,0,0.003226,
976,3,66,1,0,0,0,0,0,0,0.00556,
977,3,66,1,0,0,0,0,0,0,0.00652,
978,3,66,1,0,0,0,0,0,0,0.001803,
979,2,66,1,0,0,0,0,0,0,0.001178,
980,3,66,1,0,0,0,0,0,0,0.006624,
981,2,66,1,0,0,0,0,0,0,0.005658,
982,3,66,1,0,0,0,0,0,0,0.001322,
983,4,66,1,0,0,0,0,0,0,0.001674,
984,3,66,1,0,0,0,0,0,0,0.003228,
985,2,66,1,0,0,0,0,0,0,0.000851,
986,3,66,1,0,0,0,0,0,0,0.000781,
987,2,66,1,0,0,0,0,0,0,0.001263,
988,3,66,1,0,0,0,0,0,0,0.000779,
989,2,66,1,0,0,0,0,0,0,0.001035,
990,3,66,1,0,0,0,0,0,0,0.001544,
991,2,66,1,0,0,0,0,0,0,0.00187,
992,3,66,1,0,0,0,0,0,0,0.00107,
993,2,66,1,0,0,0,0,0,0,0.001025,
994,3,66,1,0,0,0,0,0,0,0.000834,
995,3,66,1,0,0,0,0,0,0,0.001307,
996,3,66,1,0,0,0,0,0,0,0.00084,
997,2,66,1,0,0,0,0,0,0,0.001474,
998,3,66,1,0,0,0,0,0,0,0.002434,
999,2,66,1,0,0,0,0,0,0,0.000757,
1000,3,66,1,0,0,0,0,0,0,0.006262,
1001,2,66,1,0,0,0,0,0,0,0.000765,
1002,2,66,1,0,0,0,0,0,0,0.001131,
1003,3,66,1,0,0,0,0,0,0,0.004322,
1004,2,66,1,0,0,0,0,0,0,0.00691,
1005,3,66,1,0,0,0,0,0,0,0.001137,
1006,2,66,1,0,0,0,0,0,0,0.002792,
1007,4,66,1,0,0,0,0,0,0,0.000904,
1008,2,66,1,0,0,0,0,0,0,0.001342,
1009,3,66,1,0,0,0,0,0,0,0.001922,
1010,2,66,1,0,0,0,0,0,0,0.001325,
1011,3,66,1,0,0,0,0,0,0,0.001642,
1012,2,66,1,0,0,0,0,0,0,0.000717,
1013,3,66,1,0,0,0,0,0,0,0.001169,
1014,2,66,1,0,0,0,0,0,0,0.002459,
