Window_Num,Num_Packets,Avg_DNP3_Length,F0_Confirm,F1_Read,F2_Write,F4_Operate,F5_DirectOperate,F6_DirectOperate_NoResp,F13_ColdRestart,F14_WarmRestart,F129_Response,F130_UnsolicitedResponse,IIN_Val_Change,Analog_Input_Change,Binary_Input_Change,Src_Port_Changed,Dst_Port_Changed,Label
1,4,10.0,0,0,0,0,0,0,0,0,2,2,0,0,0,0,0,
2,5,10.0,0,0,0,0,0,0,0,0,3,2,0,0,0,0,0,
3,5,10.0,0,0,0,0,0,0,0,0,2,3,0,0,0,0,0,
4,5,10.0,0,0,0,0,0,0,0,0,3,2,0,0,0,0,0,
5,4,10.0,0,0,0,0,0,0,0,0,2,2,0,0,0,0,0,
6,6,10.0,0,0,0,0,0,0,0,0,3,3,0,0,0,0,0,
7,4,10.0,0,0,0,0,0,0,0,0,2,2,0,0,0,0,0,
8,6,10.0,0,0,0,0,0,0,0,0,3,3,0,0,0,0,0,
9,4,10.0,0,0,0,0,0,0,0,0,2,2,0,0,0,0,0,
10,6,23.17,0,0,0,0,0,0,0,0,4,2,0,0,0,0,0,
11,5,10.0,0,0,0,0,0,0,0,0,2,3,0,0,0,0,0,
12,4,10.0,0,0,0,0,0,0,0,0,2,2,0,0,0,0,0,
13,6,10.0,0,0,0,0,0,0,0,0,3,3,0,0,0,0,0,
14,4,10.0,0,0,0,0,0,0,0,0,2,2,0,0,0,0,0,
15,5,10.0,0,0,0,0,0,0,0,0,3,2,0,0,0,0,0,
16,5,10.0,0,0,0,0,0,0,0,0,2,3,0,0,0,0,0,
17,5,10.0,0,0,0,0,0,0,0,0,3,2,0,0,0,0,0,
18,5,10.0,0,0,0,0,0,0,0,0,2,3,0,0,0,0,0,
19,5,10.0,0,0,0,0,0,0,0,0,3,2,0,0,0,0,0,
20,4,10.0,0,0,0,0,0,0,0,0,2,2,0,0,0,0,0,
21,6,10.0,0,0,0,0,0,0,0,0,3,3,0,0,0,0,0,
22,5,25.8,0,0,0,0,0,0,0,0,3,2,0,0,0,0,0,
23,6,10.0,0,0,0,0,0,0,0,0,3,3,0,0,0,0,0,
24,4,10.0,0,0,0,0,0,0,0,0,2,2,0,0,0,0,0,
25,5,10.0,0,0,0,0,0,0,0,0,3,2,0,0,0,0,0,
26,5,10.0,0,0,0,0,0,0,0,0,2,3,0,0,0,0,0,
27,5,10.0,0,0,0,0,0,0,0,0,3,2,0,0,0,0,0,
28,5,10.0,0,0,0,0,0,0,0,0,2,3,0,0,0,0,0,
29,5,10.0,0,0,0,0,0,0,0,0,3,2,0,0,0,0,0,
30,4,10.0,0,0,0,0,0,0,0,0,2,2,0,0,0,0,0,
31,6,10.0,0,0,0,0,0,0,0,0,3,3,0,0,0,0,0,
32,4,10.0,0,0,0,0,0,0,0,0,2,2,0,0,0,0,0,
33,6,10.0,0,0,0,0,0,0,0,0,3,3,0,0,0,0,0,
34,5,25.8,0,0,0,0,0,0,0,0,3,2,0,0,0,0,0,
35,5,10.0,0,0,0,0,0,0,0,0,3,2,0,0,0,0,0,
36,5,10.0,0,0,0,0,0,0,0,0,2,3,0,0,0,0,0,
37,5,10.0,0,0,0,0,0,0,0,0,3,2,0,0,0,0,0,
38,5,10.0,0,0,0,0,0,0,0,0,2,3,0,0,0,0,0,
39,5,10.0,0,0,0,0,0,0,0,0,3,2,0,0,0,0,0,
40,4,10.0,0,0,0,0,0,0,0,0,2,2,0,0,0,0,0,
41,6,10.0,0,0,0,0,0,0,0,0,3,3,0,0,0,0,0,
42,4,10.0,0,0,0,0,0,0,0,0,2,2,0,0,0,0,0,
43,5,10.0,0,0,0,0,0,0,0,0,2,3,0,0,0,0,0,
44,5,10.0,0,0,0,0,0,0,0,0,3,2,0,0,0,0,0,
45,4,10.0,0,0,0,0,0,0,0,0,2,2,0,0,0,0,0,
46,7,21.29,0,0,0,0,0,0,0,0,4,3,0,0,0,0,0,
47,4,10.0,0,0,0,0,0,0,0,0,2,2,0,0,0,0,0,
48,6,10.0,0,0,0,0,0,0,0,0,3,3,0,0,0,0,0,
49,4,10.0,0,0,0,0,0,0,0,0,2,2,0,0,0,0,0,
50,5,10.0,0,0,0,0,0,0,0,0,3,2,0,0,0,0,0,
51,5,10.0,0,0,0,0,0,0,0,0,2,3,0,0,0,0,0,
52,5,10.0,0,0,0,0,0,0,0,0,3,2,0,0,0,0,0,
53,5,10.0,0,0,0,0,0,0,0,0,2,3,0,0,0,0,0,
54,5,10.0,0,0,0,0,0,0,0,0,3,2,0,0,0,0,0,
55,4,10.0,0,0,0,0,0,0,0,0,2,2,0,0,0,0,0,
56,6,10.0,0,0,0,0,0,0,0,0,3,3,0,0,0,0,0,
57,4,10.0,0,0,0,0,0,0,0,0,2,2,0,0,0,0,0,
58,7,21.29,0,0,0,0,0,0,0,0,4,3,0,0,0,0,0,
59,4,10.0,0,0,0,0,0,0,0,0,2,2,0,0,0,0,0,
60,5,10.0,0,0,0,0,0,0,0,0,3,2,0,0,0,0,0,
61,5,10.0,0,0,0,0,0,0,0,0,2,3,0,0,0,0,0,
62,5,10.0,0,0,0,0,0,0,0,0,3,2,0,0,0,0,0,
63,5,10.0,0,0,0,0,0,0,0,0,2,3,0,0,0,0,0,
64,5,10.0,0,0,0,0,0,0,0,0,3,2,0,0,0,0,0,
65,4,10.0,0,0,0,0,0,0,0,0,2,2,0,0,0,0,0,
66,6,10.0,0,0,0,0,0,0,0,0,3,3,0,0,0,0,0,
67,4,10.0,0,0,0,0,0,0,0,0,2,2,0,0,0,0,0,
68,6,10.0,0,0,0,0,0,0,0,0,3,3,0,0,0,0,0,
69,4,10.0,0,0,0,0,0,0,0,0,2,2,0,0,0,0,0,
70,6,23.17,0,0,0,0,0,0,0,0,4,2,0,0,0,0,0,
71,5,10.0,0,0,0,0,0,0,0,0,2,3,0,0,0,0,0,
72,5,10.0,0,0,0,0,0,0,0,0,3,2,0,0,0,0,0,
73,5,10.0,0,0,0,0,0,0,0,0,2,3,0,0,0,0,0,
74,4,10.0,0,0,0,0,0,0,0,0,2,2,0,0,0,0,0,
75,5,10.0,0,0,0,0,0,0,0,0,3,2,0,0,0,0,0,
76,5,10.0,0,0,0,0,0,0,0,0,2,3,0,0,0,0,0,
77,5,10.0,0,0,0,0,0,0,0,0,3,2,0,0,0,0,0,
78,5,10.0,0,0,0,0,0,0,0,0,2,3,0,0,0,0,0,
79,5,10.0,0,0,0,0,0,0,0,0,3,2,0,0,0,0,0,
80,4,10.0,0,0,0,0,0,0,0,0,2,2,0,0,0,0,0,
81,6,10.0,0,0,0,0,0,0,0,0,3,3,0,0,0,0,0,
82,5,25.8,0,0,0,0,0,0,0,0,3,2,0,0,0,0,0,
83,5,10.0,0,0,0,0,0,0,0,0,3,2,0,0,0,0,0,
84,5,10.0,0,0,0,0,0,0,0,0,2,3,0,0,0,0,0,
85,5,10.0,0,0,0,0,0,0,0,0,3,2,0,0,0,0,0,
86,5,10.0,0,0,0,0,0,0,0,0,2,3,0,0,0,0,0,
87,5,10.0,0,0,0,0,0,0,0,0,3,2,0,0,0,0,0,
88,5,10.0,0,0,0,0,0,0,0,0,2,3,0,0,0,0,0,
89,5,10.0,0,0,0,0,0,0,0,0,3,2,0,0,0,0,0,
90,4,10.0,0,0,0,0,0,0,0,0,2,2,0,0,0,0,0,
91,6,10.0,0,0,0,0,0,0,0,0,3,3,0,0,0,0,0,
92,4,10.0,0,0,0,0,0,0,0,0,2,2,0,0,0,0,0,
93,5,10.0,0,0,0,0,0,0,0,0,3,2,0,0,0,0,0,
94,6,23.17,0,0,0,0,0,0,0,0,3,3,0,0,0,0,0,
95,5,10.0,0,0,0,0,0,0,0,0,3,2,0,0,0,0,0,
96,5,10.0,0,0,0,0,0,0,0,0,2,3,0,0,0,0,0,
97,5,10.0,0,0,0,0,0,0,0,0,3,2,0,0,0,0,0,
98,4,10.0,0,0,0,0,0,0,0,0,2,2,0,0,0,0,0,
99,6,10.0,0,0,0,0,0,0,0,0,3,3,0,0,0,0,0,
100,4,10.0,0,0,0,0,0,0,0,0,2,2,0,0,0,0,0,
101,6,10.0,0,0,0,0,0,0,0,0,3,3,0,0,0,0,0,
102,4,10.0,0,0,0,0,0,0,0,0,2,2,0,0,0,0,0,
103,5,10.0,0,0,0,0,0,0,0,0,3,2,0,0,0,0,0,
104,5,10.0,0,0,0,0,0,0,0,0,2,3,0,0,0,0,0,
105,4,10.0,0,0,0,0,0,0,0,0,2,2,0,0,0,0,0,
106,7,21.29,0,0,0,0,0,0,0,0,4,3,0,0,0,0,0,
107,4,10.0,0,0,0,0,0,0,0,0,2,2,0,0,0,0,0,
108,5,10.0,0,0,0,0,0,0,0,0,3,2,0,0,0,0,0,
109,5,10.0,0,0,0,0,0,0,0,0,2,3,0,0,0,0,0,
110,5,10.0,0,0,0,0,0,0,0,0,3,2,0,0,0,0,0,
111,5,10.0,0,0,0,0,0,0,0,0,2,3,0,0,0,0,0,
112,5,10.0,0,0,0,0,0,0,0,0,3,2,0,0,0,0,0,
113,4,10.0,0,0,0,0,0,0,0,0,2,2,0,0,0,0,0,
114,6,10.0,0,0,0,0,0,0,0,0,3,3,0,0,0,0,0,
115,4,10.0,0,0,0,0,0,0,0,0,2,2,0,0,0,0,0,
116,6,10.0,0,0,0,0,0,0,0,0,3,3,0,0,0,0,0,
117,4,10.0,0,0,0,0,0,0,0,0,2,2,0,0,0,0,0,
118,6,23.17,0,0,0,0,0,0,0,0,4,2,0,0,0,0,0,
119,5,10.0,0,0,0,0,0,0,0,0,2,3,0,0,0,0,0,
120,5,10.0,0,0,0,0,0,0,0,0,3,2,0,0,0,0,0,
121,5,10.0,0,0,0,0,0,0,0,0,2,3,0,0,0,0,0,
122,5,10.0,0,0,0,0,0,0,0,0,3,2,0,0,0,0,0,
123,4,10.0,0,0,0,0,0,0,0,0,2,2,0,0,0,0,0,
124,6,10.0,0,0,0,0,0,0,0,0,3,3,0,0,0,0,0,
125,4,10.0,0,0,0,0,0,0,0,0,2,2,0,0,0,0,0,
126,6,10.0,0,0,0,0,0,0,0,0,3,3,0,0,0,0,0,
127,4,10.0,0,0,0,0,0,0,0,0,2,2,0,0,0,0,0,
128,5,10.0,0,0,0,0,0,0,0,0,3,2,0,0,0,0,0,
129,5,10.0,0,0,0,0,0,0,0,0,2,3,0,0,0,0,0,
130,6,23.17,0,0,0,0,0,0,0,0,4,2,0,0,0,0,0,
131,5,10.0,0,0,0,0,0,0,0,0,2,3,0,0,0,0,0,
132,5,10.0,0,0,0,0,0,0,0,0,3,2,0,0,0,0,0,
133,4,10.0,0,0,0,0,0,0,0,0,2,2,0,0,0,0,0,
134,6,10.0,0,0,0,0,0,0,0,0,3,3,0,0,0,0,0,
135,4,10.0,0,0,0,0,0,0,0,0,2,2,0,0,0,0,0,
136,5,10.0,0,0,0,0,0,0,0,0,2,3,0,0,0,0,0,
137,5,10.0,0,0,0,0,0,0,0,0,3,2,0,0,0,0,0,
138,4,10.0,0,0,0,0,0,0,0,0,2,2,0,0,0,0,0,
139,6,10.0,0,0,0,0,0,0,0,0,3,3,0,0,0,0,0,
140,4,10.0,0,0,0,0,0,0,0,0,2,2,0,0,0,0,0,
141,5,10.0,0,0,0,0,0,0,0,0,3,2,0,0,0,0,0,
142,6,23.17,0,0,0,0,0,0,0,0,3,3,0,0,0,0,0,
143,5,10.0,0,0,0,0,0,0,0,0,3,2,0,0,0,0,0,
144,5,10.0,0,0,0,0,0,0,0,0,2,3,0,0,0,0,0,
145,5,10.0,0,0,0,0,0,0,0,0,3,2,0,0,0,0,0,
146,4,10.0,0,0,0,0,0,0,0,0,2,2,0,0,0,0,0,
147,6,10.0,0,0,0,0,0,0,0,0,3,3,0,0,0,0,0,
148,4,10.0,0,0,0,0,0,0,0,0,2,2,0,0,0,0,0,
149,6,10.0,0,0,0,0,0,0,0,0,3,3,0,0,0,0,0,
150,4,10.0,0,0,0,0,0,0,0,0,2,2,0,0,0,0,0,
151,5,10.0,0,0,0,0,0,0,0,0,3,2,0,0,0,0,0,
152,5,10.0,0,0,0,0,0,0,0,0,2,3,0,0,0,0,0,
153,5,10.0,0,0,0,0,0,0,0,0,3,2,0,0,0,0,0,
154,6,23.17,0,0,0,0,0,0,0,0,3,3,0,0,0,0,0,
155,5,10.0,0,0,0,0,0,0,0,0,3,2,0,0,0,0,0,
156,4,10.0,0,0,0,0,0,0,0,0,2,2,0,0,0,0,0,
157,6,10.0,0,0,0,0,0,0,0,0,3,3,0,0,0,0,0,
158,4,10.0,0,0,0,0,0,0,0,0,2,2,0,0,0,0,0,
159,6,10.0,0,0,0,0,0,0,0,0,3,3,0,0,0,0,0,
160,4,10.0,0,0,0,0,0,0,0,0,2,2,0,0,0,0,0,
161,5,10.0,0,0,0,0,0,0,0,0,3,2,0,0,0,0,0,
162,5,10.0,0,0,0,0,0,0,0,0,2,3,0,0,0,0,0,
163,5,10.0,0,0,0,0,0,0,0,0,3,2,0,0,0,0,0,
164,5,10.0,0,0,0,0,0,0,0,0,2,3,0,0,0,0,0,
165,5,10.0,0,0,0,0,0,0,0,0,3,2,0,0,0,0,0,
166,4,29.75,0,0,0,0,0,0,0,0,2,2,0,0,0,0,0,
167,5,10.0,0,0,0,0,0,0,0,0,2,3,0,0,0,0,0,
168,5,10.0,0,0,0,0,0,0,0,0,3,2,0,0,0,0,0,
169,5,10.0,0,0,0,0,0,0,0,0,2,3,0,0,0,0,0,
170,5,10.0,0,0,0,0,0,0,0,0,3,2,0,0,0,0,0,
171,4,10.0,0,0,0,0,0,0,0,0,2,2,0,0,0,0,0,
172,6,10.0,0,0,0,0,0,0,0,0,3,3,0,0,0,0,0,
173,4,10.0,0,0,0,0,0,0,0,0,2,2,0,0,0,0,0,
174,6,10.0,0,0,0,0,0,0,0,0,3,3,0,0,0,0,0,
175,4,10.0,0,0,0,0,0,0,0,0,2,2,0,0,0,0,0,
176,5,10.0,0,0,0,0,0,0,0,0,3,2,0,0,0,0,0,
177,5,14.0,0,0,0,0,0,0,0,0,2,3,1,1,0,0,0,
178,6,23.17,0,0,0,0,0,0,0,0,4,2,0,0,0,0,0,
179,5,10.0,0,0,0,0,0,0,0,0,2,3,0,0,0,0,0,
180,5,10.0,0,0,0,0,0,0,0,0,3,2,0,0,0,0,0,
181,4,10.0,0,0,0,0,0,0,0,0,2,2,0,0,0,0,0,
182,6,10.0,0,0,0,0,0,0,0,0,3,3,0,0,0,0,0,
183,4,10.0,0,0,0,0,0,0,0,0,2,2,0,0,0,0,0,
184,6,10.0,0,0,0,0,0,0,0,0,3,3,0,0,0,0,0,
185,4,10.0,0,0,0,0,0,0,0,0,2,2,0,0,0,0,0,
186,5,10.0,0,0,0,0,0,0,0,0,3,2,0,0,0,0,0,
187,5,10.0,0,0,0,0,0,0,0,0,2,3,0,0,0,0,0,
188,5,10.0,0,0,0,0,0,0,0,0,3,2,0,0,0,0,0,
189,5,10.0,0,0,0,0,0,0,0,0,2,3,0,0,0,0,0,
190,6,23.17,0,0,0,0,0,0,0,0,4,2,0,0,0,0,0,
191,4,10.0,0,0,0,0,0,0,0,0,2,2,0,0,0,0,0,
192,6,10.0,0,0,0,0,0,0,0,0,3,3,0,0,0,0,0,
193,4,10.0,0,0,0,0,0,0,0,0,2,2,0,0,0,0,0,
194,6,10.0,0,0,0,0,0,0,0,0,3,3,0,0,0,0,0,
195,4,10.0,0,0,0,0,0,0,0,0,2,2,0,0,0,0,0,
196,5,10.0,0,0,0,0,0,0,0,0,3,2,0,0,0,0,0,
197,5,10.0,0,0,0,0,0,0,0,0,2,3,0,0,0,0,0,
198,4,10.0,0,0,0,0,0,0,0,0,2,2,0,0,0,0,0,
199,6,10.0,0,0,0,0,0,0,0,0,3,3,0,0,0,0,0,
200,4,10.0,0,0,0,0,0,0,0,0,2,2,0,0,0,0,0,
201,5,10.0,0,0,0,0,0,0,0,0,3,2,0,0,0,0,0,
202,6,23.17,0,0,0,0,0,0,0,0,3,3,0,0,0,0,0,
203,5,10.0,0,0,0,0,0,0,0,0,3,2,0,0,0,0,0,
204,5,10.0,0,0,0,0,0,0,0,0,2,3,0,0,0,0,0,
205,5,10.0,0,0,0,0,0,0,0,0,3,2,0,0,0,0,0,
206,4,10.0,0,0,0,0,0,0,0,0,2,2,0,0,0,0,0,
207,6,10.0,0,0,0,0,0,0,0,0,3,3,0,0,0,0,0,
208,4,10.0,0,0,0,0,0,0,0,0,2,2,0,0,0,0,0,
209,6,10.0,0,0,0,0,0,0,0,0,3,3,0,0,0,0,0,
210,4,10.0,0,0,0,0,0,0,0,0,2,2,0,0,0,0,0,
211,5,10.0,0,0,0,0,0,0,0,0,3,2,0,0,0,0,0,
212,5,10.0,0,0,0,0,0,0,0,0,2,3,0,0,0,0,0,
213,5,10.0,0,0,0,0,0,0,0,0,3,2,0,0,0,0,0,
214,6,23.17,0,0,0,0,0,0,0,0,3,3,0,0,0,0,0,
215,5,10.0,0,0,0,0,0,0,0,0,3,2,0,0,0,0,0,
216,4,10.0,0,0,0,0,0,0,0,0,2,2,0,0,0,0,0,
217,6,10.0,0,0,0,0,0,0,0,0,3,3,0,0,0,0,0,
218,4,14.0,0,0,0,0,0,0,0,0,2,2,1,1,0,0,0,
219,6,16.0,0,0,0,0,0,0,0,0,3,3,0,1,0,0,0,
220,4,10.0,0,0,0,0,0,0,0,0,2,2,0,0,0,0,0,
221,5,10.0,0,0,0,0,0,0,0,0,3,2,0,0,0,0,0,
222,5,10.0,0,0,0,0,0,0,0,0,2,3,0,0,0,0,0,
223,5,10.0,0,0,0,0,0,0,0,0,3,2,0,0,0,0,0,
224,5,10.0,0,0,0,0,0,0,0,0,2,3,0,0,0,0,0,
225,5,10.0,0,0,0,0,0,0,0,0,3,2,0,0,0,0,0,
226,5,25.8,0,0,0,0,0,0,0,0,3,2,0,0,0,0,0,
227,6,10.0,0,0,0,0,0,0,0,0,3,3,0,0,0,0,0,
228,4,10.0,0,0,0,0,0,0,0,0,2,2,0,0,0,0,0,
229,5,10.0,0,0,0,0,0,0,0,0,2,3,0,0,0,0,0,
230,5,10.0,0,0,0,0,0,0,0,0,3,2,0,0,0,0,0,
231,4,10.0,0,0,0,0,0,0,0,0,2,2,0,0,0,0,0,
232,6,10.0,0,0,0,0,0,0,0,0,3,3,0,0,0,0,0,
233,4,10.0,0,0,0,0,0,0,0,0,2,2,0,0,0,0,0,
234,6,10.0,0,0,0,0,0,0,0,0,3,3,0,0,0,0,0,
235,4,10.0,0,0,0,0,0,0,0,0,2,2,0,0,0,0,0,
236,5,10.0,0,0,0,0,0,0,0,0,3,2,0,0,0,0,0,
237,5,10.0,0,0,0,0,0,0,0,0,2,3,0,0,0,0,0,
238,6,23.17,0,0,0,0,0,0,0,0,4,2,0,0,0,0,0,
239,4,10.0,0,0,0,0,0,0,0,0,2,2,0,0,0,0,0,
240,6,10.0,0,0,0,0,0,0,0,0,3,3,0,0,0,0,0,
241,4,10.0,0,0,0,0,0,0,0,0,2,2,0,0,0,0,0,
242,6,10.0,0,0,0,0,0,0,0,0,3,3,0,0,0,0,0,
243,4,10.0,0,0,0,0,0,0,0,0,2,2,0,0,0,0,0,
244,5,10.0,0,0,0,0,0,0,0,0,3,2,0,0,0,0,0,
245,5,10.0,0,0,0,0,0,0,0,0,2,3,0,0,0,0,0,
246,5,10.0,0,0,0,0,0,0,0,0,3,2,0,0,0,0,0,
247,5,10.0,0,0,0,0,0,0,0,0,2,3,0,0,0,0,0,
248,5,10.0,0,0,0,0,0,0,0,0,3,2,0,0,0,0,0,
249,4,10.0,0,0,0,0,0,0,0,0,2,2,0,0,0,0,0,
250,7,21.29,0,0,0,0,0,0,0,0,4,3,0,0,0,0,0,
251,4,10.0,0,0,0,0,0,0,0,0,2,2,0,0,0,0,0,
252,6,10.0,0,0,0,0,0,0,0,0,3,3,0,0,0,0,0,
253,4,10.0,0,0,0,0,0,0,0,0,2,2,0,0,0,0,0,
254,5,10.0,0,0,0,0,0,0,0,0,3,2,0,0,0,0,0,
255,5,10.0,0,0,0,0,0,0,0,0,2,3,0,0,0,0,0,
256,5,10.0,0,0,0,0,0,0,0,0,3,2,0,0,0,0,0,
257,5,10.0,0,0,0,0,0,0,0,0,2,3,0,0,0,0,0,
258,4,10.0,0,0,0,0,0,0,0,0,2,2,0,0,0,0,0,
259,5,10.0,0,0,0,0,0,0,0,0,3,2,0,0,0,0,0,
260,5,10.0,0,0,0,0,0,0,0,0,2,3,0,0,0,0,0,
261,5,10.0,0,0,0,0,0,0,0,0,3,2,0,0,0,0,0,
262,6,23.17,0,0,0,0,0,0,0,0,3,3,0,0,0,0,0,
263,5,10.0,0,0,0,0,0,0,0,0,3,2,0,0,0,0,0,
264,4,10.0,0,0,0,0,0,0,0,0,2,2,0,0,0,0,0,
265,6,10.0,0,0,0,0,0,0,0,0,3,3,0,0,0,0,0,
266,4,10.0,0,0,0,0,0,0,0,0,2,2,0,0,0,0,0,
267,6,10.0,0,0,0,0,0,0,0,0,3,3,0,0,0,0,0,
268,4,10.0,0,0,0,0,0,0,0,0,2,2,0,0,0,0,0,
269,5,10.0,0,0,0,0,0,0,0,0,3,2,0,0,0,0,0,
270,5,10.0,0,0,0,0,0,0,0,0,2,3,0,0,0,0,0,
271,5,10.0,0,0,0,0,0,0,0,0,3,2,0,0,0,0,0,
272,5,10.0,0,0,0,0,0,0,0,0,2,3,0,0,0,0,0,
273,5,10.0,0,0,0,0,0,0,0,0,3,2,0,0,0,0,0,
274,5,25.8,0,0,0,0,0,0,0,0,3,2,0,0,0,0,0,
275,6,10.0,0,0,0,0,0,0,0,0,3,3,0,0,0,0,0,
276,4,10.0,0,0,0,0,0,0,0,0,2,2,0,0,0,0,0,
277,6,10.0,0,0,0,0,0,0,0,0,3,3,0,0,0,0,0,
278,4,10.0,0,0,0,0,0,0,0,0,2,2,0,0,0,0,0,
279,5,10.0,0,0,0,0,0,0,0,0,3,2,0,0,0,0,0,
280,5,10.0,0,0,0,0,0,0,0,0,2,3,0,0,0,0,0,
281,5,10.0,0,0,0,0,0,0,0,0,3,2,0,0,0,0,0,
282,4,10.0,0,0,0,0,0,0,0,0,2,2,0,0,0,0,0,
283,6,10.0,0,0,0,0,0,0,0,0,3,3,0,0,0,0,0,
284,4,10.0,0,0,0,0,0,0,0,0,2,2,0,0,0,0,0,
285,6,10.0,0,0,0,0,0,0,0,0,3,3,0,0,0,0,0,
286,5,25.8,0,0,0,0,0,0,0,0,3,2,0,0,0,0,0,
287,5,10.0,0,0,0,0,0,0,0,0,3,2,0,0,0,0,0,
288,5,10.0,0,0,0,0,0,0,0,0,2,3,0,0,0,0,0,
289,5,10.0,0,0,0,0,0,0,0,0,3,2,0,0,0,0,0,
290,5,10.0,0,0,0,0,0,0,0,0,2,3,0,0,0,0,0,
291,4,10.0,0,0,0,0,0,0,0,0,2,2,0,0,0,0,0,
292,5,10.0,0,0,0,0,0,0,0,0,3,2,0,0,0,0,0,
293,5,10.0,0,0,0,0,0,0,0,0,2,3,0,0,0,0,0,
294,5,10.0,0,0,0,0,0,0,0,0,3,2,0,0,0,0,0,
295,5,10.0,0,0,0,0,0,0,0,0,2,3,0,0,0,0,0,
296,5,10.0,0,0,0,0,0,0,0,0,3,2,0,0,0,0,0,
297,4,10.0,0,0,0,0,0,0,0,0,2,2,0,0,0,0,0,
298,7,21.29,0,0,0,0,0,0,0,0,4,3,0,0,0,0,0,
299,4,10.0,0,0,0,0,0,0,0,0,2,2,0,0,0,0,0,
300,6,10.0,0,0,0,0,0,0,0,0,3,3,0,0,0,0,0,
301,4,10.0,0,0,0,0,0,0,0,0,2,2,0,0,0,0,0,
302,5,10.0,0,0,0,0,0,0,0,0,3,2,0,0,0,0,0,
303,5,10.0,0,0,0,0,0,0,0,0,2,3,0,0,0,0,0,
304,5,10.0,0,0,0,0,0,0,0,0,3,2,0,0,0,0,0,
305,5,10.0,0,0,0,0,0,0,0,0,2,3,0,0,0,0,0,
306,5,10.0,0,0,0,0,0,0,0,0,3,2,0,0,0,0,0,
307,4,10.0,0,0,0,0,0,0,0,0,2,2,0,0,0,0,0,
308,6,10.0,0,0,0,0,0,0,0,0,3,3,0,0,0,0,0,
309,4,10.0,0,0,0,0,0,0,0,0,2,2,0,0,0,0,0,
310,7,21.29,0,0,0,0,0,0,0,0,4,3,0,0,0,0,0,
311,4,10.0,0,0,0,0,0,0,0,0,2,2,0,0,0,0,0,
312,5,10.0,0,0,0,0,0,0,0,0,3,2,0,0,0,0,0,
313,5,10.0,0,0,0,0,0,0,0,0,2,3,0,0,0,0,0,
314,5,10.0,0,0,0,0,0,0,0,0,3,2,0,0,0,0,0,
315,5,10.0,0,0,0,0,0,0,0,0,2,3,0,0,0,0,0,
316,5,10.0,0,0,0,0,0,0,0,0,3,2,0,0,0,0,0,
317,4,10.0,0,0,0,0,0,0,0,0,2,2,0,0,0,0,0,
318,6,10.0,0,0,0,0,0,0,0,0,3,3,0,0,0,0,0,
319,4,10.0,0,0,0,0,0,0,0,0,2,2,0,0,0,0,0,
320,6,10.0,0,0,0,0,0,0,0,0,3,3,0,0,0,0,0,
321,4,10.0,0,0,0,0,0,0,0,0,2,2,0,0,0,0,0,
322,5,25.8,0,0,0,0,0,0,0,0,3,2,0,0,0,0,0,
323,6,10.0,0,0,0,0,0,0,0,0,3,3,0,0,0,0,0,
324,4,10.0,0,0,0,0,0,0,0,0,2,2,0,0,0,0,0,
325,6,10.0,0,0,0,0,0,0,0,0,3,3,0,0,0,0,0,
326,4,10.0,0,0,0,0,0,0,0,0,2,2,0,0,0,0,0,
327,5,10.0,0,0,0,0,0,0,0,0,3,2,0,0,0,0,0,
328,5,10.0,0,0,0,0,0,0,0,0,2,3,0,0,0,0,0,
329,5,10.0,0,0,0,0,0,0,0,0,3,2,0,0,0,0,0,
330,5,10.0,0,0,0,0,0,0,0,0,2,3,0,0,0,0,0,
331,5,10.0,0,0,0,0,0,0,0,0,3,2,0,0,0,0,0,
332,4,10.0,0,0,0,0,0,0,0,0,2,2,0,0,0,0,0,
333,6,10.0,0,0,0,0,0,0,0,0,3,3,0,0,0,0,0,
334,5,25.8,0,0,0,0,0,0,0,0,3,2,0,0,0,0,0,
335,6,10.0,0,0,0,0,0,0,0,0,3,3,0,0,0,0,0,
336,4,10.0,0,0,0,0,0,0,0,0,2,2,0,0,0,0,0,
337,5,10.0,0,0,0,0,0,0,0,0,3,2,0,0,0,0,0,
338,5,10.0,0,0,0,0,0,0,0,0,2,3,0,0,0,0,0,
339,5,10.0,0,0,0,0,0,0,0,0,3,2,0,0,0,0,0,
340,5,10.0,0,0,0,0,0,0,0,0,2,3,0,0,0,0,0,
341,5,10.0,0,0,0,0,0,0,0,0,3,2,0,0,0,0,0,
342,4,10.0,0,0,0,0,0,0,0,0,2,2,0,0,0,0,0,
343,6,10.0,0,0,0,0,0,0,0,0,3,3,0,0,0,0,0,
344,4,10.0,0,0,0,0,0,0,0,0,2,2,0,0,0,0,0,
345,5,10.0,0,0,0,0,0,0,0,0,3,2,0,0,0,0,0,
346,6,23.17,0,0,0,0,0,0,0,0,3,3,0,0,0,0,0,
347,5,10.0,0,0,0,0,0,0,0,0,3,2,0,0,0,0,0,
348,5,10.0,0,0,0,0,0,0,0,0,2,3,0,0,0,0,0,
349,5,10.0,0,0,0,0,0,0,0,0,3,2,0,0,0,0,0,
350,4,10.0,0,0,0,0,0,0,0,0,2,2,0,0,0,0,0,
351,6,10.0,0,0,0,0,0,0,0,0,3,3,0,0,0,0,0,
352,4,10.0,0,0,0,0,0,0,0,0,2,2,0,0,0,0,0,
353,5,10.0,0,0,0,0,0,0,0,0,2,3,0,0,0,0,0,
354,5,10.0,0,0,0,0,0,0,0,0,3,2,0,0,0,0,0,
355,5,10.0,0,0,0,0,0,0,0,0,2,3,0,0,0,0,0,
356,5,10.0,0,0,0,0,0,0,0,0,3,2,0,0,0,0,0,
357,4,10.0,0,0,0,0,0,0,0,0,2,2,0,0,0,0,0,
358,7,21.29,0,0,0,0,0,0,0,0,4,3,0,0,0,0,0,
359,4,10.0,0,0,0,0,0,0,0,0,2,2,0,0,0,0,0,
360,5,10.0,0,0,0,0,0,0,0,0,3,2,0,0,0,0,0,
361,5,10.0,0,0,0,0,0,0,0,0,2,3,0,0,0,0,0,
362,5,10.0,0,0,0,0,0,0,0,0,3,2,0,0,0,0,0,
363,5,10.0,0,0,0,0,0,0,0,0,2,3,0,0,0,0,0,
364,5,10.0,0,0,0,0,0,0,0,0,3,2,0,0,0,0,0,
365,4,10.0,0,0,0,0,0,0,0,0,2,2,0,0,0,0,0,
366,6,10.0,0,0,0,0,0,0,0,0,3,3,0,0,0,0,0,
367,4,10.0,0,0,0,0,0,0,0,0,2,2,0,0,0,0,0,
368,6,10.0,0,0,0,0,0,0,0,0,3,3,0,0,0,0,0,
369,4,10.0,0,0,0,0,0,0,0,0,2,2,0,0,0,0,0,
370,6,23.17,0,0,0,0,0,0,0,0,4,2,0,0,0,0,0,
371,5,10.0,0,0,0,0,0,0,0,0,2,3,0,0,0,0,0,
372,5,10.0,0,0,0,0,0,0,0,0,3,2,0,0,0,0,0,
373,5,10.0,0,0,0,0,0,0,0,0,2,3,0,0,0,0,0,
374,5,10.0,0,0,0,0,0,0,0,0,3,2,0,0,0,0,0,
375,4,10.0,0,0,0,0,0,0,0,0,2,2,0,0,0,0,0,
376,6,10.0,0,0,0,0,0,0,0,0,3,3,0,0,0,0,0,
377,4,10.0,0,0,0,0,0,0,0,0,2,2,0,0,0,0,0,
378,5,10.0,0,0,0,0,0,0,0,0,3,2,0,0,0,0,0,
379,5,10.0,0,0,0,0,0,0,0,0,2,3,0,0,0,0,0,
380,5,10.0,0,0,0,0,0,0,0,0,3,2,0,0,0,0,0,
381,5,10.0,0,0,0,0,0,0,0,0,2,3,0,0,0,0,0,
382,5,25.8,0,0,0,0,0,0,0,0,3,2,0,0,0,0,0,
383,5,10.0,0,0,0,0,0,0,0,0,3,2,0,0,0,0,0,
384,5,10.0,0,0,0,0,0,0,0,0,2,3,0,0,0,0,0,
385,5,10.0,0,0,0,0,0,0,0,0,3,2,0,0,0,0,0,
386,5,10.0,0,0,0,0,0,0,0,0,2,3,0,0,0,0,0,
387,5,10.0,0,0,0,0,0,0,0,0,3,2,0,0,0,0,0,
388,4,10.0,0,0,0,0,0,0,0,0,2,2,0,0,0,0,0,
389,6,10.0,0,0,0,0,0,0,0,0,3,3,0,0,0,0,0,
390,4,10.0,0,0,0,0,0,0,0,0,2,2,0,0,0,0,0,
391,6,10.0,0,0,0,0,0,0,0,0,3,3,0,0,0,0,0,
392,4,10.0,0,0,0,0,0,0,0,0,2,2,0,0,0,0,0,
393,5,10.0,0,0,0,0,0,0,0,0,3,2,0,0,0,0,0,
394,6,23.17,0,0,0,0,0,0,0,0,3,3,0,0,0,0,0,
395,5,10.0,0,0,0,0,0,0,0,0,3,2,0,0,0,0,0,
396,5,10.0,0,0,0,0,0,0,0,0,2,3,0,0,0,0,0,
397,5,10.0,0,0,0,0,0,0,0,0,3,2,0,0,0,0,0,
398,4,10.0,0,0,0,0,0,0,0,0,2,2,0,0,0,0,0,
399,6,10.0,0,0,0,0,0,0,0,0,3,3,0,0,0,0,0,
400,4,10.0,0,0,0,0,0,0,0,0,2,2,0,0,0,0,0,
401,6,10.0,0,0,0,0,0,0,0,0,3,3,0,0,0,0,0,
402,4,10.0,0,0,0,0,0,0,0,0,2,2,0,0,0,0,0,
403,5,10.0,0,0,0,0,0,0,0,0,3,2,0,0,0,0,0,
404,5,10.0,0,0,0,0,0,0,0,0,2,3,0,0,0,0,0,
405,5,10.0,0,0,0,0,0,0,0,0,3,2,0,0,0,0,0,
406,6,23.17,0,0,0,0,0,0,0,0,3,3,0,0,0,0,0,
407,5,10.0,0,0,0,0,0,0,0,0,3,2,0,0,0,0,0,
408,4,10.0,0,0,0,0,0,0,0,0,2,2,0,0,0,0,0,
409,6,10.0,0,0,0,0,0,0,0,0,3,3,0,0,0,0,0,
410,4,10.0,0,0,0,0,0,0,0,0,2,2,0,0,0,0,0,
411,6,10.0,0,0,0,0,0,0,0,0,3,3,0,0,0,0,0,
412,4,10.0,0,0,0,0,0,0,0,0,2,2,0,0,0,0,0,
413,5,10.0,0,0,0,0,0,0,0,0,3,2,0,0,0,0,0,
414,5,10.0,0,0,0,0,0,0,0,0,2,3,0,0,0,0,0,
415,4,10.0,0,0,0,0,0,0,0,0,2,2,0,0,0,0,0,
416,6,10.0,0,0,0,0,0,0,0,0,3,3,0,0,0,0,0,
417,4,10.0,0,0,0,0,0,0,0,0,2,2,0,0,0,0,0,
418,6,23.17,0,0,0,0,0,0,0,0,4,2,0,0,0,0,0,
419,5,10.0,0,0,0,0,0,0,0,0,2,3,0,0,0,0,0,
420,5,10.0,0,0,0,0,0,0,0,0,3,2,0,0,0,0,0,
421,5,10.0,0,0,0,0,0,0,0,0,2,3,0,0,0,0,0,
422,5,10.0,0,0,0,0,0,0,0,0,3,2,0,0,0,0,0,
423,4,10.0,0,0,0,0,0,0,0,0,2,2,0,0,0,0,0,
424,6,10.0,0,0,0,0,0,0,0,0,3,3,0,0,0,0,0,
425,4,10.0,0,0,0,0,0,0,0,0,2,2,0,0,0,0,0,
426,6,10.0,0,0,0,0,0,0,0,0,3,3,0,0,0,0,0,
427,4,10.0,0,0,0,0,0,0,0,0,2,2,0,0,0,0,0,
428,5,10.0,0,0,0,0,0,0,0,0,3,2,0,0,0,0,0,
429,5,10.0,0,0,0,0,0,0,0,0,2,3,0,0,0,0,0,
430,6,23.17,0,0,0,0,0,0,0,0,4,2,0,0,0,0,0,
431,4,10.0,0,0,0,0,0,0,0,0,2,2,0,0,0,0,0,
432,6,10.0,0,0,0,0,0,0,0,0,3,3,0,0,0,0,0,
433,4,10.0,0,0,0,0,0,0,0,0,2,2,0,0,0,0,0,
434,6,10.0,0,0,0,0,0,0,0,0,3,3,0,0,0,0,0,
435,4,10.0,0,0,0,0,0,0,0,0,2,2,0,0,0,0,0,
436,5,10.0,0,0,0,0,0,0,0,0,3,2,0,0,0,0,0,
437,5,10.0,0,0,0,0,0,0,0,0,2,3,0,0,0,0,0,
438,5,10.0,0,0,0,0,0,0,0,0,3,2,0,0,0,0,0,
439,5,10.0,0,0,0,0,0,0,0,0,2,3,0,0,0,0,0,
440,5,10.0,0,0,0,0,0,0,0,0,3,2,0,0,0,0,0,
441,4,10.0,0,0,0,0,0,0,0,0,2,2,0,0,0,0,0,
442,7,21.29,0,0,0,0,0,0,0,0,4,3,0,0,0,0,0,
443,4,10.0,0,0,0,0,0,0,0,0,2,2,0,0,0,0,0,
444,5,10.0,0,0,0,0,0,0,0,0,2,3,0,0,0,0,0,
445,5,10.0,0,0,0,0,0,0,0,0,3,2,0,0,0,0,0,
446,4,10.0,0,0,0,0,0,0,0,0,2,2,0,0,0,0,0,
447,6,10.0,0,0,0,0,0,0,0,0,3,3,0,0,0,0,0,
448,4,10.0,0,0,0,0,0,0,0,0,2,2,0,0,0,0,0,
449,6,10.0,0,0,0,0,0,0,0,0,3,3,0,0,0,0,0,
450,4,10.0,0,0,0,0,0,0,0,0,2,2,0,0,0,0,0,
451,5,10.0,0,0,0,0,0,0,0,0,3,2,0,0,0,0,0,
452,5,10.0,0,0,0,0,0,0,0,0,2,3,0,0,0,0,0,
453,5,10.0,0,0,0,0,0,0,0,0,3,2,0,0,0,0,0,
454,6,23.17,0,0,0,0,0,0,0,0,3,3,0,0,0,0,0,
455,5,10.0,0,0,0,0,0,0,0,0,3,2,0,0,0,0,0,
456,4,10.0,0,0,0,0,0,0,0,0,2,2,0,0,0,0,0,
457,6,10.0,0,0,0,0,0,0,0,0,3,3,0,0,0,0,0,
458,4,10.0,0,0,0,0,0,0,0,0,2,2,0,0,0,0,0,
459,6,10.0,0,0,0,0,0,0,0,0,3,3,0,0,0,0,0,
460,4,10.0,0,0,0,0,0,0,0,0,2,2,0,0,0,0,0,
461,5,10.0,0,0,0,0,0,0,0,0,3,2,0,0,0,0,0,
462,5,10.0,0,0,0,0,0,0,0,0,2,3,0,0,0,0,0,
463,5,10.0,0,0,0,0,0,0,0,0,3,2,0,0,0,0,0,
464,5,10.0,0,0,0,0,0,0,0,0,2,3,0,0,0,0,0,
465,5,10.0,0,0,0,0,0,0,0,0,3,2,0,0,0,0,0,
466,5,25.8,0,0,0,0,0,0,0,0,3,2,0,0,0,0,0,
467,6,10.0,0,0,0,0,0,0,0,0,3,3,0,0,0,0,0,
468,4,10.0,0,0,0,0,0,0,0,0,2,2,0,0,0,0,0,
469,6,10.0,0,0,0,0,0,0,0,0,3,3,0,0,0,0,0,
470,4,10.0,0,0,0,0,0,0,0,0,2,2,0,0,0,0,0,
471,5,10.0,0,0,0,0,0,0,0,0,3,2,0,0,0,0,0,
472,5,10.0,0,0,0,0,0,0,0,0,2,3,0,0,0,0,0,
473,5,10.0,0,0,0,0,0,0,0,0,3,2,0,0,0,0,0,
474,5,10.0,0,0,0,0,0,0,0,0,2,3,0,0,0,0,0,
475,4,10.0,0,0,0,0,0,0,0,0,2,2,0,0,0,0,0,
476,5,10.0,0,0,0,0,0,0,0,0,3,2,0,0,0,0,0,
477,5,10.0,0,0,0,0,0,0,0,0,2,3,0,0,0,0,0,
478,6,23.17,0,0,0,0,0,0,0,0,4,2,0,0,0,0,0,
479,5,10.0,0,0,0,0,0,0,0,0,2,3,0,0,0,0,0,
480,5,10.0,0,0,0,0,0,0,0,0,3,2,0,0,0,0,0,
481,4,10.0,0,0,0,0,0,0,0,0,2,2,0,0,0,0,0,
482,6,10.0,0,0,0,0,0,0,0,0,3,3,0,0,0,0,0,
483,4,10.0,0,0,0,0,0,0,0,0,2,2,0,0,0,0,0,
484,6,10.0,0,0,0,0,0,0,0,0,3,3,0,0,0,0,0,
485,4,10.0,0,0,0,0,0,0,0,0,2,2,0,0,0,0,0,
486,5,10.0,0,0,0,0,0,0,0,0,3,2,0,0,0,0,0,
487,5,10.0,0,0,0,0,0,0,0,0,2,3,0,0,0,0,0,
488,5,10.0,0,0,0,0,0,0,0,0,3,2,0,0,0,0,0,
489,5,10.0,0,0,0,0,0,0,0,0,2,3,0,0,0,0,0,
490,6,23.17,0,0,0,0,0,0,0,0,4,2,0,0,0,0,0,
491,4,10.0,0,0,0,0,0,0,0,0,2,2,0,0,0,0,0,
492,6,10.0,0,0,0,0,0,0,0,0,3,3,0,0,0,0,0,
493,4,10.0,0,0,0,0,0,0,0,0,2,2,0,0,0,0,0,
494,6,10.0,0,0,0,0,0,0,0,0,3,3,0,0,0,0,0,
495,4,10.0,0,0,0,0,0,0,0,0,2,2,0,0,0,0,0,
496,5,10.0,0,0,0,0,0,0,0,0,3,2,0,0,0,0,0,
497,5,10.0,0,0,0,0,0,0,0,0,2,3,0,0,0,0,0,
498,5,10.0,0,0,0,0,0,0,0,0,3,2,0,0,0,0,0,
499,5,10.0,0,0,0,0,0,0,0,0,2,3,0,0,0,0,0,
500,5,10.0,0,0,0,0,0,0,0,0,3,2,0,0,0,0,0,
501,4,10.0,0,0,0,0,0,0,0,0,2,2,0,0,0,0,0,
502,7,21.29,0,0,0,0,0,0,0,0,4,3,0,0,0,0,0,
503,4,10.0,0,0,0,0,0,0,0,0,2,2,0,0,0,0,0,
504,6,10.0,0,0,0,0,0,0,0,0,3,3,0,0,0,0,0,
505,4,10.0,0,0,0,0,0,0,0,0,2,2,0,0,0,0,0,
506,4,10.0,0,0,0,0,0,0,0,0,2,2,0,0,0,0,0,
507,6,10.0,0,0,0,0,0,0,0,0,3,3,0,0,0,0,0,
508,4,10.0,0,0,0,0,0,0,0,0,2,2,0,0,0,0,0,
509,6,10.0,0,0,0,0,0,0,0,0,3,3,0,0,0,0,0,
510,4,10.0,0,0,0,0,0,0,0,0,2,2,0,0,0,0,0,
511,5,10.0,0,0,0,0,0,0,0,0,3,2,0,0,0,0,0,
512,5,10.0,0,0,0,0,0,0,0,0,2,3,0,0,0,0,0,
513,5,10.0,0,0,0,0,0,0,0,0,3,2,0,0,0,0,0,
514,6,23.17,0,0,0,0,0,0,0,0,3,3,0,0,0,0,0,
515,5,10.0,0,0,0,0,0,0,0,0,3,2,0,0,0,0,0,
516,4,10.0,0,0,0,0,0,0,0,0,2,2,0,0,0,0,0,
517,6,10.0,0,0,0,0,0,0,0,0,3,3,0,0,0,0,0,
518,4,10.0,0,0,0,0,0,0,0,0,2,2,0,0,0,0,0,
519,5,10.0,0,0,0,0,0,0,0,0,3,2,0,0,0,0,0,
520,5,10.0,0,0,0,0,0,0,0,0,2,3,0,0,0,0,0,
521,5,10.0,0,0,0,0,0,0,0,0,3,2,0,0,0,0,0,
522,5,10.0,0,0,0,0,0,0,0,0,2,3,0,0,0,0,0,
523,5,10.0,0,0,0,0,0,0,0,0,3,2,0,0,0,0,0,
524,4,10.0,0,0,0,0,0,0,0,0,2,2,0,0,0,0,0,
525,6,10.0,0,0,0,0,0,0,0,0,3,3,0,0,0,0,0,
526,5,25.8,0,0,0,0,0,0,0,0,3,2,0,0,0,0,0,
527,6,10.0,0,0,0,0,0,0,0,0,3,3,0,0,0,0,0,
528,4,10.0,0,0,0,0,0,0,0,0,2,2,0,0,0,0,0,
529,5,10.0,0,0,0,0,0,0,0,0,3,2,0,0,0,0,0,
530,5,10.0,0,0,0,0,0,0,0,0,2,3,0,0,0,0,0,
531,5,10.0,0,0,0,0,0,0,0,0,3,2,0,0,0,0,0,
532,5,10.0,0,0,0,0,0,0,0,0,2,3,0,0,0,0,0,
533,5,10.0,0,0,0,0,0,0,0,0,3,2,0,0,0,0,0,
534,4,10.0,0,0,0,0,0,0,0,0,2,2,0,0,0,0,0,
535,6,10.0,0,0,0,0,0,0,0,0,3,3,0,0,0,0,0,
536,4,10.0,0,0,0,0,0,0,0,0,2,2,0,0,0,0,0,
537,4,10.0,0,0,0,0,0,0,0,0,2,2,0,0,0,0,0,
538,7,21.29,0,0,0,0,0,0,0,0,4,3,0,0,0,0,0,
539,4,10.0,0,0,0,0,0,0,0,0,2,2,0,0,0,0,0,
540,6,10.0,0,0,0,0,0,0,0,0,3,3,0,0,0,0,0,
541,4,10.0,0,0,0,0,0,0,0,0,2,2,0,0,0,0,0,
542,5,10.0,0,0,0,0,0,0,0,0,3,2,0,0,0,0,0,
543,5,10.0,0,0,0,0,0,0,0,0,2,3,0,0,0,0,0,
544,5,10.0,0,0,0,0,0,0,0,0,3,2,0,0,0,0,0,
545,5,10.0,0,0,0,0,0,0,0,0,2,3,0,0,0,0,0,
546,5,10.0,0,0,0,0,0,0,0,0,3,2,0,0,0,0,0,
547,4,10.0,0,0,0,0,0,0,0,0,2,2,0,0,0,0,0,
548,6,10.0,0,0,0,0,0,0,0,0,3,3,0,0,0,0,0,
549,4,10.0,0,0,0,0,0,0,0,0,2,2,0,0,0,0,0,
550,7,21.29,0,0,0,0,0,0,0,0,4,3,0,0,0,0,0,
551,4,10.0,0,0,0,0,0,0,0,0,2,2,0,0,0,0,0,
552,5,10.0,0,0,0,0,0,0,0,0,3,2,0,0,0,0,0,
553,5,10.0,0,0,0,0,0,0,0,0,2,3,0,0,0,0,0,
554,5,10.0,0,0,0,0,0,0,0,0,3,2,0,0,0,0,0,
555,5,10.0,0,0,0,0,0,0,0,0,2,3,0,0,0,0,0,
556,5,10.0,0,0,0,0,0,0,0,0,3,2,0,0,0,0,0,
557,4,10.0,0,0,0,0,0,0,0,0,2,2,0,0,0,0,0,
558,6,10.0,0,0,0,0,0,0,0,0,3,3,0,0,0,0,0,
559,4,10.0,0,0,0,0,0,0,0,0,2,2,0,0,0,0,0,
560,6,10.0,0,0,0,0,0,0,0,0,3,3,0,0,0,0,0,
561,4,10.0,0,0,0,0,0,0,0,0,2,2,0,0,0,0,0,
562,6,23.17,0,0,0,0,0,0,0,0,4,2,0,0,0,0,0,
563,5,10.0,0,0,0,0,0,0,0,0,2,3,0,0,0,0,0,
564,5,10.0,0,0,0,0,0,0,0,0,3,2,0,0,0,0,0,
565,4,10.0,0,0,0,0,0,0,0,0,2,2,0,0,0,0,0,
566,6,10.0,0,0,0,0,0,0,0,0,3,3,0,0,0,0,0,
567,4,10.0,0,0,0,0,0,0,0,0,2,2,0,0,0,0,0,
568,5,10.0,0,0,0,0,0,0,0,0,2,3,0,0,0,0,0,
569,5,10.0,0,0,0,0,0,0,0,0,3,2,0,0,0,0,0,
570,5,10.0,0,0,0,0,0,0,0,0,2,3,0,0,0,0,0,
571,5,10.0,0,0,0,0,0,0,0,0,3,2,0,0,0,0,0,
572,4,10.0,0,0,0,0,0,0,0,0,2,2,0,0,0,0,0,
573,6,10.0,0,0,0,0,0,0,0,0,3,3,0,0,0,0,0,
574,5,25.8,0,0,0,0,0,0,0,0,3,2,0,0,0,0,0,
575,5,10.0,0,0,0,0,0,0,0,0,3,2,0,0,0,0,0,
576,5,10.0,0,0,0,0,0,0,0,0,2,3,0,0,0,0,0,
577,5,10.0,0,0,0,0,0,0,0,0,3,2,0,0,0,0,0,
578,5,10.0,0,0,0,0,0,0,0,0,2,3,0,0,0,0,0,
579,5,10.0,0,0,0,0,0,0,0,0,3,2,0,0,0,0,0,
580,4,10.0,0,0,0,0,0,0,0,0,2,2,0,0,0,0,0,
581,6,10.0,0,0,0,0,0,0,0,0,3,3,0,0,0,0,0,
582,4,10.0,0,0,0,0,0,0,0,0,2,2,0,0,0,0,0,
583,6,10.0,0,0,0,0,0,0,0,0,3,3,0,0,0,0,0,
584,4,10.0,0,0,0,0,0,0,0,0,2,2,0,0,0,0,0,
585,6,10.0,0,0,0,0,0,0,0,0,3,3,0,0,0,0,0,
586,5,25.8,0,0,0,0,0,0,0,0,3,2,0,0,0,0,0,
587,5,10.0,0,0,0,0,0,0,0,0,3,2,0,0,0,0,0,
588,5,10.0,0,0,0,0,0,0,0,0,2,3,0,0,0,0,0,
589,5,10.0,0,0,0,0,0,0,0,0,3,2,0,0,0,0,0,
590,5,10.0,0,0,0,0,0,0,0,0,2,3,0,0,0,0,0,
591,5,10.0,0,0,0,0,0,0,0,0,3,2,0,0,0,0,0,
592,4,10.0,0,0,0,0,0,0,0,0,2,2,0,0,0,0,0,
593,6,10.0,0,0,0,0,0,0,0,0,3,3,0,0,0,0,0,
594,4,10.0,0,0,0,0,0,0,0,0,2,2,0,0,0,0,0,
595,6,10.0,0,0,0,0,0,0,0,0,3,3,0,0,0,0,0,
596,4,10.0,0,0,0,0,0,0,0,0,2,2,0,0,0,0,0,
597,5,10.0,0,0,0,0,0,0,0,0,3,2,0,0,0,0,0,
598,6,23.17,0,0,0,0,0,0,0,0,3,3,0,0,0,0,0,
599,4,10.0,0,0,0,0,0,0,0,0,2,2,0,0,0,0,0,
600,6,10.0,0,0,0,0,0,0,0,0,3,3,0,0,0,0,0,
601,4,10.0,0,0,0,0,0,0,0,0,2,2,0,0,0,0,0,
602,5,10.0,0,0,0,0,0,0,0,0,3,2,0,0,0,0,0,
603,5,10.0,0,0,0,0,0,0,0,0,2,3,0,0,0,0,0,
604,5,10.0,0,0,0,0,0,0,0,0,3,2,0,0,0,0,0,
605,4,10.0,0,0,0,0,0,0,0,0,2,2,0,0,0,0,0,
606,6,10.0,0,0,0,0,0,0,0,0,3,3,0,0,0,0,0,
607,4,10.0,0,0,0,0,0,0,0,0,2,2,0,0,0,0,0,
608,6,10.0,0,0,0,0,0,0,0,0,3,3,0,0,0,0,0,
609,4,10.0,0,0,0,0,0,0,0,0,2,2,0,0,0,0,0,
610,5,10.0,0,0,0,0,0,0,0,0,3,2,0,0,0,0,0,
611,6,23.17,0,0,0,0,0,0,0,0,3,3,0,0,0,0,0,
612,5,10.0,0,0,0,0,0,0,0,0,3,2,0,0,0,0,0,
613,5,10.0,0,0,0,0,0,0,0,0,2,3,0,0,0,0,0,
614,5,10.0,0,0,0,0,0,0,0,0,3,2,0,0,0,0,0,
615,4,10.0,0,0,0,0,0,0,0,0,2,2,0,0,0,0,0,
616,6,10.0,0,0,0,0,0,0,0,0,3,3,0,0,0,0,0,
617,4,10.0,0,0,0,0,0,0,0,0,2,2,0,0,0,0,0,
618,6,10.0,0,0,0,0,0,0,0,0,3,3,0,0,0,0,0,
619,4,10.0,0,0,0,0,0,0,0,0,2,2,0,0,0,0,0,
620,5,10.0,0,0,0,0,0,0,0,0,3,2,0,0,0,0,0,
621,5,10.0,0,0,0,0,0,0,0,0,2,3,0,0,0,0,0,
622,5,10.0,0,0,0,0,0,0,0,0,3,2,0,0,0,0,0,
623,6,23.17,0,0,0,0,0,0,0,0,3,3,0,0,0,0,0,
624,5,10.0,0,0,0,0,0,0,0,0,3,2,0,0,0,0,0,
625,4,10.0,0,0,0,0,0,0,0,0,2,2,0,0,0,0,0,
626,6,10.0,0,0,0,0,0,0,0,0,3,3,0,0,0,0,0,
627,4,10.0,0,0,0,0,0,0,0,0,2,2,0,0,0,0,0,
628,6,10.0,0,0,0,0,0,0,0,0,3,3,0,0,0,0,0,
629,4,10.0,0,0,0,0,0,0,0,0,2,2,0,0,0,0,0,
630,4,10.0,0,0,0,0,0,0,0,0,2,2,0,0,0,0,0,
631,6,10.0,0,0,0,0,0,0,0,0,3,3,0,0,0,0,0,
632,4,10.0,0,0,0,0,0,0,0,0,2,2,0,0,0,0,0,
633,6,10.0,0,0,0,0,0,0,0,0,3,3,0,0,0,0,0,
634,4,10.0,0,0,0,0,0,0,0,0,2,2,0,0,0,0,0,
635,6,23.17,0,0,0,0,0,0,0,0,4,2,0,0,0,0,0,
636,5,10.0,0,0,0,0,0,0,0,0,2,3,0,0,0,0,0,
637,5,10.0,0,0,0,0,0,0,0,0,3,2,0,0,0,0,0,
638,5,10.0,0,0,0,0,0,0,0,0,2,3,0,0,0,0,0,
639,5,10.0,0,0,0,0,0,0,0,0,3,2,0,0,0,0,0,
640,4,10.0,0,0,0,0,0,0,0,0,2,2,0,0,0,0,0,
641,6,10.0,0,0,0,0,0,0,0,0,3,3,0,0,0,0,0,
642,4,10.0,0,0,0,0,0,0,0,0,2,2,0,0,0,0,0,
643,6,10.0,0,0,0,0,0,0,0,0,3,3,0,0,0,0,0,
644,4,10.0,0,0,0,0,0,0,0,0,2,2,0,0,0,0,0,
645,5,10.0,0,0,0,0,0,0,0,0,3,2,0,0,0,0,0,
646,5,10.0,0,0,0,0,0,0,0,0,2,3,0,0,0,0,0,
647,6,23.17,0,0,0,0,0,0,0,0,4,2,0,0,0,0,0,
648,5,10.0,0,0,0,0,0,0,0,0,2,3,0,0,0,0,0,
649,5,10.0,0,0,0,0,0,0,0,0,3,2,0,0,0,0,0,
650,4,10.0,0,0,0,0,0,0,0,0,2,2,0,0,0,0,0,
651,6,10.0,0,0,0,0,0,0,0,0,3,3,0,0,0,0,0,
652,4,10.0,0,0,0,0,0,0,0,0,2,2,0,0,0,0,0,
653,5,10.0,0,0,0,0,0,0,0,0,3,2,0,0,0,0,0,
654,5,10.0,0,0,0,0,0,0,0,0,2,3,0,0,0,0,0,
655,5,10.0,0,0,0,0,0,0,0,0,3,2,0,0,0,0,0,
656,5,21.2,0,0,0,0,0,0,0,0,2,3,1,1,1,0,0,
657,5,10.0,0,0,0,0,0,0,0,0,3,2,0,0,0,0,0,
658,4,10.0,0,0,0,0,0,0,0,0,2,2,0,0,0,0,0,
659,7,21.29,0,0,0,0,0,0,0,0,4,3,0,0,0,0,0,
660,4,10.0,0,0,0,0,0,0,0,0,2,2,0,0,0,0,0,
661,5,10.0,0,0,0,0,0,0,0,0,2,3,0,0,0,0,0,
662,5,10.0,0,0,0,0,0,0,0,0,3,2,0,0,0,0,0,
663,4,10.0,0,0,0,0,0,0,0,0,2,2,0,0,0,0,0,
664,6,10.0,0,0,0,0,0,0,0,0,3,3,0,0,0,0,0,
665,4,10.0,0,0,0,0,0,0,0,0,2,2,0,0,0,0,0,
666,6,10.0,0,0,0,0,0,0,0,0,3,3,0,0,0,0,0,
667,4,10.0,0,0,0,0,0,0,0,0,2,2,0,0,0,0,0,
668,6,10.0,0,0,0,0,0,0,0,0,3,3,0,0,0,0,0,
669,4,10.0,0,0,0,0,0,0,0,0,2,2,0,0,0,0,0,
670,5,10.0,0,0,0,0,0,0,0,0,3,2,0,0,0,0,0,
671,6,23.17,0,0,0,0,0,0,0,0,3,3,0,0,0,0,0,
672,5,10.0,0,0,0,0,0,0,0,0,3,2,0,0,0,0,0,
673,4,10.0,0,0,0,0,0,0,0,0,2,2,0,0,0,0,0,
674,6,10.0,0,0,0,0,0,0,0,0,3,3,0,0,0,0,0,
675,4,10.0,0,0,0,0,0,0,0,0,2,2,0,0,0,0,0,
676,6,10.0,0,0,0,0,0,0,0,0,3,3,0,0,0,0,0,
677,4,10.0,0,0,0,0,0,0,0,0,2,2,0,0,0,0,0,
678,5,10.0,0,0,0,0,0,0,0,0,3,2,0,0,0,0,0,
679,5,10.0,0,0,0,0,0,0,0,0,2,3,0,0,0,0,0,
680,5,10.0,0,0,0,0,0,0,0,0,3,2,0,0,0,0,0,
681,5,10.0,0,0,0,0,0,0,0,0,2,3,0,0,0,0,0,
682,5,10.0,0,0,0,0,0,0,0,0,3,2,0,0,0,0,0,
683,5,25.8,0,0,0,0,0,0,0,0,3,2,0,0,0,0,0,
684,6,10.0,0,0,0,0,0,0,0,0,3,3,0,0,0,0,0,
685,4,10.0,0,0,0,0,0,0,0,0,2,2,0,0,0,0,0,
686,6,16.67,0,0,0,0,0,0,0,0,3,3,1,1,1,0,0,
687,4,17.0,0,0,0,0,0,0,0,0,2,2,1,1,1,0,0,
688,5,14.0,0,0,0,0,0,0,0,0,3,2,0,1,0,0,0,
689,5,10.0,0,0,0,0,0,0,0,0,2,3,0,0,0,0,0,
690,5,10.0,0,0,0,0,0,0,0,0,3,2,0,0,0,0,0,
691,5,10.0,0,0,0,0,0,0,0,0,2,3,0,0,0,0,0,
692,4,10.0,0,0,0,0,0,0,0,0,2,2,0,0,0,0,0,
693,6,10.0,0,0,0,0,0,0,0,0,3,3,0,0,0,0,0,
694,4,10.0,0,0,0,0,0,0,0,0,2,2,0,0,0,0,0,
695,6,23.17,0,0,0,0,0,0,0,0,4,2,0,0,0,0,0,
696,5,10.0,0,0,0,0,0,0,0,0,2,3,0,0,0,0,0,
697,5,10.0,0,0,0,0,0,0,0,0,3,2,0,0,0,0,0,
698,4,10.0,0,0,0,0,0,0,0,0,2,2,0,0,0,0,0,
699,6,10.0,0,0,0,0,0,0,0,0,3,3,0,0,0,0,0,
700,4,10.0,0,0,0,0,0,0,0,0,2,2,0,0,0,0,0,
701,6,10.0,0,0,0,0,0,0,0,0,3,3,0,0,0,0,0,
702,4,10.0,0,0,0,0,0,0,0,0,2,2,0,0,0,0,0,
703,6,10.0,0,0,0,0,0,0,0,0,3,3,0,0,0,0,0,
704,4,10.0,0,0,0,0,0,0,0,0,2,2,0,0,0,0,0,
705,5,10.0,0,0,0,0,0,0,0,0,3,2,0,0,0,0,0,
706,5,10.0,0,0,0,0,0,0,0,0,2,3,0,0,0,0,0,
707,6,23.17,0,0,0,0,0,0,0,0,4,2,0,0,0,0,0,
708,5,10.0,0,0,0,0,0,0,0,0,2,3,0,0,0,0,0,
709,5,10.0,0,0,0,0,0,0,0,0,3,2,0,0,0,0,0,
710,4,10.0,0,0,0,0,0,0,0,0,2,2,0,0,0,0,0,
711,6,10.0,0,0,0,0,0,0,0,0,3,3,0,0,0,0,0,
712,4,10.0,0,0,0,0,0,0,0,0,2,2,0,0,0,0,0,
713,6,10.0,0,0,0,0,0,0,0,0,3,3,0,0,0,0,0,
714,4,10.0,0,0,0,0,0,0,0,0,2,2,0,0,0,0,0,
715,5,10.0,0,0,0,0,0,0,0,0,3,2,0,0,0,0,0,
716,5,10.0,0,0,0,0,0,0,0,0,2,3,0,0,0,0,0,
717,5,10.0,0,0,0,0,0,0,0,0,3,2,0,0,0,0,0,
718,4,10.0,0,0,0,0,0,0,0,0,2,2,0,0,0,0,0,
719,7,21.29,0,0,0,0,0,0,0,0,4,3,0,0,0,0,0,
720,4,10.0,0,0,0,0,0,0,0,0,2,2,0,0,0,0,0,
721,6,10.0,0,0,0,0,0,0,0,0,3,3,0,0,0,0,0,
722,4,10.0,0,0,0,0,0,0,0,0,2,2,0,0,0,0,0,
723,4,10.0,0,0,0,0,0,0,0,0,2,2,0,0,0,0,0,
724,6,10.0,0,0,0,0,0,0,0,0,3,3,0,0,0,0,0,
725,4,10.0,0,0,0,0,0,0,0,0,2,2,0,0,0,0,0,
726,6,10.0,0,0,0,0,0,0,0,0,3,3,0,0,0,0,0,
727,4,10.0,0,0,0,0,0,0,0,0,2,2,0,0,0,0,0,
728,5,10.0,0,0,0,0,0,0,0,0,3,2,0,0,0,0,0,
729,5,10.0,0,0,0,0,0,0,0,0,2,3,0,0,0,0,0,
730,5,10.0,0,0,0,0,0,0,0,0,3,2,0,0,0,0,0,
731,6,23.17,0,0,0,0,0,0,0,0,3,3,0,0,0,0,0,
732,5,10.0,0,0,0,0,0,0,0,0,3,2,0,0,0,0,0,
733,4,10.0,0,0,0,0,0,0,0,0,2,2,0,0,0,0,0,
734,6,10.0,0,0,0,0,0,0,0,0,3,3,0,0,0,0,0,
735,4,10.0,0,0,0,0,0,0,0,0,2,2,0,0,0,0,0,
736,6,10.0,0,0,0,0,0,0,0,0,3,3,0,0,0,0,0,
737,4,10.0,0,0,0,0,0,0,0,0,2,2,0,0,0,0,0,
738,5,10.0,0,0,0,0,0,0,0,0,3,2,0,0,0,0,0,
739,5,10.0,0,0,0,0,0,0,0,0,2,3,0,0,0,0,0,
740,5,10.0,0,0,0,0,0,0,0,0,3,2,0,0,0,0,0,
741,5,10.0,0,0,0,0,0,0,0,0,2,3,0,0,0,0,0,
742,5,10.0,0,0,0,0,0,0,0,0,3,2,0,0,0,0,0,
743,5,25.8,0,0,0,0,0,0,0,0,3,2,0,0,0,0,0,
744,6,10.0,0,0,0,0,0,0,0,0,3,3,0,0,0,0,0,
745,4,10.0,0,0,0,0,0,0,0,0,2,2,0,0,0,0,0,
746,6,10.0,0,0,0,0,0,0,0,0,3,3,0,0,0,0,0,
747,4,10.0,0,0,0,0,0,0,0,0,2,2,0,0,0,0,0,
748,5,10.0,0,0,0,0,0,0,0,0,3,2,0,0,0,0,0,
749,5,10.0,0,0,0,0,0,0,0,0,2,3,0,0,0,0,0,
750,5,10.0,0,0,0,0,0,0,0,0,3,2,0,0,0,0,0,
751,5,10.0,0,0,0,0,0,0,0,0,2,3,0,0,0,0,0,
752,5,10.0,0,0,0,0,0,0,0,0,3,2,0,0,0,0,0,
753,4,10.0,0,0,0,0,0,0,0,0,2,2,0,0,0,0,0,
754,5,10.0,0,0,0,0,0,0,0,0,2,3,0,0,0,0,0,
755,6,23.17,0,0,0,0,0,0,0,0,4,2,0,0,0,0,0,
756,5,10.0,0,0,0,0,0,0,0,0,2,3,0,0,0,0,0,
757,5,10.0,0,0,0,0,0,0,0,0,3,2,0,0,0,0,0,
758,4,10.0,0,0,0,0,0,0,0,0,2,2,0,0,0,0,0,
759,6,10.0,0,0,0,0,0,0,0,0,3,3,0,0,0,0,0,
760,4,10.0,0,0,0,0,0,0,0,0,2,2,0,0,0,0,0,
761,5,10.0,0,0,0,0,0,0,0,0,3,2,0,0,0,0,0,
762,5,10.0,0,0,0,0,0,0,0,0,2,3,0,0,0,0,0,
763,5,10.0,0,0,0,0,0,0,0,0,3,2,0,0,0,0,0,
764,5,10.0,0,0,0,0,0,0,0,0,2,3,0,0,0,0,0,
765,5,10.0,0,0,0,0,0,0,0,0,3,2,0,0,0,0,0,
766,4,10.0,0,0,0,0,0,0,0,0,2,2,0,0,0,0,0,
767,7,21.29,0,0,0,0,0,0,0,0,4,3,0,0,0,0,0,
768,4,10.0,0,0,0,0,0,0,0,0,2,2,0,0,0,0,0,
769,6,10.0,0,0,0,0,0,0,0,0,3,3,0,0,0,0,0,
770,4,10.0,0,0,0,0,0,0,0,0,2,2,0,0,0,0,0,
771,5,10.0,0,0,0,0,0,0,0,0,3,2,0,0,0,0,0,
772,5,10.0,0,0,0,0,0,0,0,0,2,3,0,0,0,0,0,
773,5,10.0,0,0,0,0,0,0,0,0,3,2,0,0,0,0,0,
774,5,10.0,0,0,0,0,0,0,0,0,2,3,0,0,0,0,0,
775,5,10.0,0,0,0,0,0,0,0,0,3,2,0,0,0,0,0,
776,4,10.0,0,0,0,0,0,0,0,0,2,2,0,0,0,0,0,
777,6,10.0,0,0,0,0,0,0,0,0,3,3,0,0,0,0,0,
778,4,10.0,0,0,0,0,0,0,0,0,2,2,0,0,0,0,0,
779,7,21.29,0,0,0,0,0,0,0,0,4,3,0,0,0,0,0,
780,4,10.0,0,0,0,0,0,0,0,0,2,2,0,0,0,0,0,
781,5,10.0,0,0,0,0,0,0,0,0,3,2,0,0,0,0,0,
782,5,10.0,0,0,0,0,0,0,0,0,2,3,0,0,0,0,0,
783,5,10.0,0,0,0,0,0,0,0,0,3,2,0,0,0,0,0,
784,5,10.0,0,0,0,0,0,0,0,0,2,3,0,0,0,0,0,
785,4,10.0,0,0,0,0,0,0,0,0,2,2,0,0,0,0,0,
786,5,10.0,0,0,0,0,0,0,0,0,3,2,0,0,0,0,0,
787,5,10.0,0,0,0,0,0,0,0,0,2,3,0,0,0,0,0,
788,5,10.0,0,0,0,0,0,0,0,0,3,2,0,0,0,0,0,
789,5,10.0,0,0,0,0,0,0,0,0,2,3,0,0,0,0,0,
790,5,10.0,0,0,0,0,0,0,0,0,3,2,0,0,0,0,0,
791,5,25.8,0,0,0,0,0,0,0,0,3,2,0,0,0,0,0,
792,6,10.0,0,0,0,0,0,0,0,0,3,3,0,0,0,0,0,
793,4,10.0,0,0,0,0,0,0,0,0,2,2,0,0,0,0,0,
794,6,10.0,0,0,0,0,0,0,0,0,3,3,0,0,0,0,0,
795,4,10.0,0,0,0,0,0,0,0,0,2,2,0,0,0,0,0,
796,5,10.0,0,0,0,0,0,0,0,0,3,2,0,0,0,0,0,
797,5,10.0,0,0,0,0,0,0,0,0,2,3,0,0,0,0,0,
798,5,10.0,0,0,0,0,0,0,0,0,3,2,0,0,0,0,0,
799,5,10.0,0,0,0,0,0,0,0,0,2,3,0,0,0,0,0,
800,5,10.0,0,0,0,0,0,0,0,0,3,2,0,0,0,0,0,
801,4,10.0,0,0,0,0,0,0,0,0,2,2,0,0,0,0,0,
802,6,10.0,0,0,0,0,0,0,0,0,3,3,0,0,0,0,0,
803,5,25.8,0,0,0,0,0,0,0,0,3,2,0,0,0,0,0,
804,5,10.0,0,0,0,0,0,0,0,0,3,2,0,0,0,0,0,
805,5,10.0,0,0,0,0,0,0,0,0,2,3,0,0,0,0,0,
806,5,10.0,0,0,0,0,0,0,0,0,3,2,0,0,0,0,0,
807,5,10.0,0,0,0,0,0,0,0,0,2,3,0,0,0,0,0,
808,5,10.0,0,0,0,0,0,0,0,0,3,2,0,0,0,0,0,
809,5,10.0,0,0,0,0,0,0,0,0,2,3,0,0,0,0,0,
810,5,10.0,0,0,0,0,0,0,0,0,3,2,0,0,0,0,0,
811,4,10.0,0,0,0,0,0,0,0,0,2,2,0,0,0,0,0,
812,6,10.0,0,0,0,0,0,0,0,0,3,3,0,0,0,0,0,
813,4,10.0,0,0,0,0,0,0,0,0,2,2,0,0,0,0,0,
814,6,10.0,0,0,0,0,0,0,0,0,3,3,0,0,0,0,0,
815,5,25.8,0,0,0,0,0,0,0,0,3,2,0,0,0,0,0,
816,4,10.0,0,0,0,0,0,0,0,0,2,2,0,0,0,0,0,
817,6,10.0,0,0,0,0,0,0,0,0,3,3,0,0,0,0,0,
818,4,10.0,0,0,0,0,0,0,0,0,2,2,0,0,0,0,0,
819,6,10.0,0,0,0,0,0,0,0,0,3,3,0,0,0,0,0,
820,4,10.0,0,0,0,0,0,0,0,0,2,2,0,0,0,0,0,
821,5,10.0,0,0,0,0,0,0,0,0,3,2,0,0,0,0,0,
822,5,10.0,0,0,0,0,0,0,0,0,2,3,0,0,0,0,0,
823,5,10.0,0,0,0,0,0,0,0,0,3,2,0,0,0,0,0,
824,5,10.0,0,0,0,0,0,0,0,0,2,3,0,0,0,0,0,
825,5,10.0,0,0,0,0,0,0,0,0,3,2,0,0,0,0,0,
826,4,10.0,0,0,0,0,0,0,0,0,2,2,0,0,0,0,0,
827,7,21.29,0,0,0,0,0,0,0,0,4,3,0,0,0,0,0,
828,4,10.0,0,0,0,0,0,0,0,0,2,2,0,0,0,0,0,
829,6,10.0,0,0,0,0,0,0,0,0,3,3,0,0,0,0,0,
830,4,10.0,0,0,0,0,0,0,0,0,2,2,0,0,0,0,0,
831,5,10.0,0,0,0,0,0,0,0,0,3,2,0,0,0,0,0,
832,5,10.0,0,0,0,0,0,0,0,0,2,3,0,0,0,0,0,
833,5,10.0,0,0,0,0,0,0,0,0,3,2,0,0,0,0,0,
834,5,10.0,0,0,0,0,0,0,0,0,2,3,0,0,0,0,0,
835,5,10.0,0,0,0,0,0,0,0,0,3,2,0,0,0,0,0,
836,4,10.0,0,0,0,0,0,0,0,0,2,2,0,0,0,0,0,
837,6,10.0,0,0,0,0,0,0,0,0,3,3,0,0,0,0,0,
838,4,10.0,0,0,0,0,0,0,0,0,2,2,0,0,0,0,0,
839,7,21.29,0,0,0,0,0,0,0,0,4,3,0,0,0,0,0,
840,4,10.0,0,0,0,0,0,0,0,0,2,2,0,0,0,0,0,
841,5,10.0,0,0,0,0,0,0,0,0,3,2,0,0,0,0,0,
842,5,10.0,0,0,0,0,0,0,0,0,2,3,0,0,0,0,0,
843,5,10.0,0,0,0,0,0,0,0,0,3,2,0,0,0,0,0,
844,5,10.0,0,0,0,0,0,0,0,0,2,3,0,0,0,0,0,
845,5,10.0,0,0,0,0,0,0,0,0,3,2,0,0,0,0,0,
846,4,10.0,0,0,0,0,0,0,0,0,2,2,0,0,0,0,0,
847,5,10.0,0,0,0,0,0,0,0,0,2,3,0,0,0,0,0,
848,5,10.0,0,0,0,0,0,0,0,0,3,2,0,0,0,0,0,
849,5,10.0,0,0,0,0,0,0,0,0,2,3,0,0,0,0,0,
850,5,10.0,0,0,0,0,0,0,0,0,3,2,0,0,0,0,0,
851,5,25.8,0,0,0,0,0,0,0,0,3,2,0,0,0,0,0,
852,6,10.0,0,0,0,0,0,0,0,0,3,3,0,0,0,0,0,
853,4,10.0,0,0,0,0,0,0,0,0,2,2,0,0,0,0,0,
854,6,10.0,0,0,0,0,0,0,0,0,3,3,0,0,0,0,0,
855,4,10.0,0,0,0,0,0,0,0,0,2,2,0,0,0,0,0,
856,5,10.0,0,0,0,0,0,0,0,0,3,2,0,0,0,0,0,
857,5,10.0,0,0,0,0,0,0,0,0,2,3,0,0,0,0,0,
858,5,10.0,0,0,0,0,0,0,0,0,3,2,0,0,0,0,0,
859,5,10.0,0,0,0,0,0,0,0,0,2,3,0,0,0,0,0,
860,5,10.0,0,0,0,0,0,0,0,0,3,2,0,0,0,0,0,
861,4,10.0,0,0,0,0,0,0,0,0,2,2,0,0,0,0,0,
862,6,10.0,0,0,0,0,0,0,0,0,3,3,0,0,0,0,0,
863,5,25.8,0,0,0,0,0,0,0,0,3,2,0,0,0,0,0,
864,6,10.0,0,0,0,0,0,0,0,0,3,3,0,0,0,0,0,
865,4,10.0,0,0,0,0,0,0,0,0,2,2,0,0,0,0,0,
866,5,10.0,0,0,0,0,0,0,0,0,3,2,0,0,0,0,0,
867,5,10.0,0,0,0,0,0,0,0,0,2,3,0,0,0,0,0,
868,5,10.0,0,0,0,0,0,0,0,0,3,2,0,0,0,0,0,
869,5,10.0,0,0,0,0,0,0,0,0,2,3,0,0,0,0,0,
870,5,10.0,0,0,0,0,0,0,0,0,3,2,0,0,0,0,0,
871,4,10.0,0,0,0,0,0,0,0,0,2,2,0,0,0,0,0,
872,6,10.0,0,0,0,0,0,0,0,0,3,3,0,0,0,0,0,
873,4,10.0,0,0,0,0,0,0,0,0,2,2,0,0,0,0,0,
874,5,10.0,0,0,0,0,0,0,0,0,3,2,0,0,0,0,0,
875,6,23.17,0,0,0,0,0,0,0,0,3,3,0,0,0,0,0,
876,5,10.0,0,0,0,0,0,0,0,0,3,2,0,0,0,0,0,
877,5,10.0,0,0,0,0,0,0,0,0,2,3,0,0,0,0,0,
878,4,10.0,0,0,0,0,0,0,0,0,2,2,0,0,0,0,0,
879,6,10.0,0,0,0,0,0,0,0,0,3,3,0,0,0,0,0,
880,4,10.0,0,0,0,0,0,0,0,0,2,2,0,0,0,0,0,
881,5,10.0,0,0,0,0,0,0,0,0,3,2,0,0,0,0,0,
882,5,10.0,0,0,0,0,0,0,0,0,2,3,0,0,0,0,0,
883,5,10.0,0,0,0,0,0,0,0,0,3,2,0,0,0,0,0,
884,6,10.0,0,0,0,0,0,0,0,0,4,2,0,0,0,0,0,
885,6,10.0,0,0,0,0,0,0,0,0,3,3,0,0,0,0,0,
886,4,10.0,0,0,0,0,0,0,0,0,2,2,0,0,0,0,0,
887,7,21.29,0,0,0,0,0,0,0,0,4,3,0,0,0,0,0,
888,4,10.0,0,0,0,0,0,0,0,0,2,2,0,0,0,0,0,
889,5,10.0,0,0,0,0,0,0,0,0,3,2,0,0,0,0,0,
890,5,10.0,0,0,0,0,0,0,0,0,2,3,0,0,0,0,0,
891,5,10.0,0,0,0,0,0,0,0,0,3,2,0,0,0,0,0,
892,5,10.0,0,0,0,0,0,0,0,0,2,3,0,0,0,0,0,
893,5,10.0,0,0,0,0,0,0,0,0,3,2,0,0,0,0,0,
894,4,10.0,0,0,0,0,0,0,0,0,2,2,0,0,0,0,0,
895,6,10.0,0,0,0,0,0,0,0,0,3,3,0,0,0,0,0,
896,4,10.0,0,0,0,0,0,0,0,0,2,2,0,0,0,0,0,
897,6,10.0,0,0,0,0,0,0,0,0,3,3,0,0,0,0,0,
898,4,10.0,0,0,0,0,0,0,0,0,2,2,0,0,0,0,0,
899,5,25.8,0,0,0,0,0,0,0,0,3,2,0,0,0,0,0,
900,5,18.0,0,0,0,0,0,0,0,0,2,3,0,1,1,0,0,
901,5,10.0,0,0,0,0,0,0,0,0,3,2,0,0,0,0,0,
902,5,10.0,0,0,0,0,0,0,0,0,2,3,0,0,0,0,0,
903,5,10.0,0,0,0,0,0,0,0,0,3,2,0,0,0,0,0,
904,4,10.0,0,0,0,0,0,0,0,0,2,2,0,0,0,0,0,
905,6,10.0,0,0,0,0,0,0,0,0,3,3,0,0,0,0,0,
906,4,10.0,0,0,0,0,0,0,0,0,2,2,0,0,0,0,0,
907,6,10.0,0,0,0,0,0,0,0,0,3,3,0,0,0,0,0,
908,4,10.0,0,0,0,0,0,0,0,0,2,2,0,0,0,0,0,
909,4,10.0,0,0,0,0,0,0,0,0,2,2,0,0,0,0,0,
910,6,10.0,0,0,0,0,0,0,0,0,3,3,0,0,0,0,0,
911,5,25.8,0,0,0,0,0,0,0,0,3,2,0,0,0,0,0,
912,6,10.0,0,0,0,0,0,0,0,0,3,3,0,0,0,0,0,
913,4,10.0,0,0,0,0,0,0,0,0,2,2,0,0,0,0,0,
914,6,10.0,0,0,0,0,0,0,0,0,3,3,0,0,0,0,0,
915,4,10.0,0,0,0,0,0,0,0,0,2,2,0,0,0,0,0,
916,5,10.0,0,0,0,0,0,0,0,0,3,2,0,0,0,0,0,
917,5,10.0,0,0,0,0,0,0,0,0,2,3,0,0,0,0,0,
918,5,10.0,0,0,0,0,0,0,0,0,3,2,0,0,0,0,0,
919,4,10.0,0,0,0,0,0,0,0,0,2,2,0,0,0,0,0,
920,6,10.0,0,0,0,0,0,0,0,0,3,3,0,0,0,0,0,
921,4,10.0,0,0,0,0,0,0,0,0,2,2,0,0,0,0,0,
922,6,10.0,0,0,0,0,0,0,0,0,3,3,0,0,0,0,0,
923,5,25.8,0,0,0,0,0,0,0,0,3,2,0,0,0,0,0,
924,5,10.0,0,0,0,0,0,0,0,0,3,2,0,0,0,0,0,
925,5,13.2,0,0,0,0,0,0,0,0,2,3,0,1,0,0,0,
926,5,10.0,0,0,0,0,0,0,0,0,3,2,0,0,0,0,0,
927,5,10.0,0,0,0,0,0,0,0,0,2,3,0,0,0,0,0,
928,5,20.4,0,0,0,0,0,0,0,0,3,2,0,1,1,0,0,
929,5,10.0,0,0,0,0,0,0,0,0,2,3,0,0,0,0,0,
930,5,10.0,0,0,0,0,0,0,0,0,3,2,0,0,0,0,0,
931,4,10.0,0,0,0,0,0,0,0,0,2,2,0,0,0,0,0,
932,6,10.0,0,0,0,0,0,0,0,0,3,3,0,0,0,0,0,
933,4,10.0,0,0,0,0,0,0,0,0,2,2,0,0,0,0,0,
934,6,10.0,0,0,0,0,0,0,0,0,3,3,0,0,0,0,0,
935,5,25.8,0,0,0,0,0,0,0,0,3,2,0,0,0,0,0,
936,5,10.0,0,0,0,0,0,0,0,0,3,2,0,0,0,0,0,
937,5,10.0,0,0,0,0,0,0,0,0,2,3,0,0,0,0,0,
938,5,10.0,0,0,0,0,0,0,0,0,3,2,0,0,0,0,0,
939,5,10.0,0,0,0,0,0,0,0,0,2,3,0,0,0,0,0,
940,4,10.0,0,0,0,0,0,0,0,0,2,2,0,0,0,0,0,
941,5,10.0,0,0,0,0,0,0,0,0,3,2,0,0,0,0,0,
942,5,10.0,0,0,0,0,0,0,0,0,2,3,0,0,0,0,0,
943,5,10.0,0,0,0,0,0,0,0,0,3,2,0,0,0,0,0,
944,5,10.0,0,0,0,0,0,0,0,0,2,3,0,0,0,0,0,
945,5,10.0,0,0,0,0,0,0,0,0,3,2,0,0,0,0,0,
946,4,10.0,0,0,0,0,0,0,0,0,2,2,0,0,0,0,0,
947,7,21.29,0,0,0,0,0,0,0,0,4,3,0,0,0,0,0,
948,4,10.0,0,0,0,0,0,0,0,0,2,2,0,0,0,0,0,
949,5,10.0,0,0,0,0,0,0,0,0,3,2,0,0,0,0,0,
950,5,10.0,0,0,0,0,0,0,0,0,2,3,0,0,0,0,0,
951,5,10.0,0,0,0,0,0,0,0,0,3,2,0,0,0,0,0,
952,5,10.0,0,0,0,0,0,0,0,0,2,3,0,0,0,0,0,
953,5,10.0,0,0,0,0,0,0,0,0,3,2,0,0,0,0,0,
954,4,10.0,0,0,0,0,0,0,0,0,2,2,0,0,0,0,0,
955,6,10.0,0,0,0,0,0,0,0,0,3,3,0,0,0,0,0,
956,4,10.0,0,0,0,0,0,0,0,0,2,2,0,0,0,0,0,
957,6,10.0,0,0,0,0,0,0,0,0,3,3,0,0,0,0,0,
958,4,10.0,0,0,0,0,0,0,0,0,2,2,0,0,0,0,0,
959,6,23.17,0,0,0,0,0,0,0,0,4,2,0,0,0,0,0,
960,5,10.0,0,0,0,0,0,0,0,0,2,3,0,0,0,0,0,
961,5,10.0,0,0,0,0,0,0,0,0,3,2,0,0,0,0,0,
962,5,10.0,0,0,0,0,0,0,0,0,2,3,0,0,0,0,0,
963,5,10.0,0,0,0,0,0,0,0,0,3,2,0,0,0,0,0,
964,4,10.0,0,0,0,0,0,0,0,0,2,2,0,0,0,0,0,
965,6,10.0,0,0,0,0,0,0,0,0,3,3,0,0,0,0,0,
966,4,10.0,0,0,0,0,0,0,0,0,2,2,0,0,0,0,0,
967,6,10.0,0,0,0,0,0,0,0,0,3,3,0,0,0,0,0,
968,4,10.0,0,0,0,0,0,0,0,0,2,2,0,0,0,0,0,
969,5,10.0,0,0,0,0,0,0,0,0,3,2,0,0,0,0,0,
970,5,10.0,0,0,0,0,0,0,0,0,2,3,0,0,0,0,0,
971,5,25.8,0,0,0,0,0,0,0,0,3,2,0,0,0,0,0,
972,6,10.0,0,0,0,0,0,0,0,0,3,3,0,0,0,0,0,
973,4,10.0,0,0,0,0,0,0,0,0,2,2,0,0,0,0,0,
974,5,10.0,0,0,0,0,0,0,0,0,3,2,0,0,0,0,0,
975,5,10.0,0,0,0,0,0,0,0,0,2,3,0,0,0,0,0,
976,5,10.0,0,0,0,0,0,0,0,0,3,2,0,0,0,0,0,
977,5,14.8,0,0,0,0,0,0,0,0,2,3,0,1,0,0,0,
978,5,10.0,0,0,0,0,0,0,0,0,3,2,0,0,0,0,0,
979,4,10.0,0,0,0,0,0,0,0,0,2,2,0,0,0,0,0,
980,6,10.0,0,0,0,0,0,0,0,0,3,3,0,0,0,0,0,
981,4,10.0,0,0,0,0,0,0,0,0,2,2,0,0,0,0,0,
982,6,10.0,0,0,0,0,0,0,0,0,3,3,0,0,0,0,0,
983,5,29.8,0,0,0,0,0,0,0,0,3,2,0,1,0,0,0,
984,5,10.0,0,0,0,0,0,0,0,0,3,2,0,0,0,0,0,
985,5,10.0,0,0,0,0,0,0,0,0,2,3,0,0,0,0,0,
986,5,10.0,0,0,0,0,0,0,0,0,3,2,0,0,0,0,0,
987,5,10.0,0,0,0,0,0,0,0,0,2,3,0,0,0,0,0,
988,5,10.0,0,0,0,0,0,0,0,0,3,2,0,0,0,0,0,
989,5,10.0,0,0,0,0,0,0,0,0,2,3,0,0,0,0,0,
990,5,10.0,0,0,0,0,0,0,0,0,3,2,0,0,0,0,0,
991,4,10.0,0,0,0,0,0,0,0,0,2,2,0,0,0,0,0,
992,6,10.0,0,0,0,0,0,0,0,0,3,3,0,0,0,0,0,
993,4,10.0,0,0,0,0,0,0,0,0,2,2,0,0,0,0,0,
994,5,10.0,0,0,0,0,0,0,0,0,3,2,0,0,0,0,0,
995,6,23.17,0,0,0,0,0,0,0,0,3,3,0,0,0,0,0,
996,5,10.0,0,0,0,0,0,0,0,0,3,2,0,0,0,0,0,
997,5,10.0,0,0,0,0,0,0,0,0,2,3,0,0,0,0,0,
998,5,10.0,0,0,0,0,0,0,0,0,3,2,0,0,0,0,0,
999,4,10.0,0,0,0,0,0,0,0,0,2,2,0,0,0,0,0,
1000,6,10.0,0,0,0,0,0,0,0,0,3,3,0,0,0,0,0,
1001,4,10.0,0,0,0,0,0,0,0,0,2,2,0,0,0,0,0,
1002,5,10.0,0,0,0,0,0,0,0,0,2,3,0,0,0,0,0,
1003,5,10.0,0,0,0,0,0,0,0,0,3,2,0,0,0,0,0,
1004,4,10.0,0,0,0,0,0,0,0,0,2,2,0,0,0,0,0,
1005,6,10.0,0,0,0,0,0,0,0,0,3,3,0,0,0,0,0,
1006,4,10.0,0,0,0,0,0,0,0,0,2,2,0,0,0,0,0,
1007,7,21.29,0,0,0,0,0,0,0,0,4,3,0,0,0,0,0,
1008,4,10.0,0,0,0,0,0,0,0,0,2,2,0,0,0,0,0,
1009,5,10.0,0,0,0,0,0,0,0,0,3,2,0,0,0,0,0,
1010,5,10.0,0,0,0,0,0,0,0,0,2,3,0,0,0,0,0,
1011,5,10.0,0,0,0,0,0,0,0,0,3,2,0,0,0,0,0,
1012,4,10.0,0,0,0,0,0,0,0,0,2,2,0,0,0,0,0,
1013,6,10.0,0,0,0,0,0,0,0,0,3,3,0,0,0,0,0,
1014,4,10.0,0,0,0,0,0,0,0,0,2,2,0,0,0,0,0,
